Email,HUBSPOTVID
brenda@kiwicrate.com,46451
carolina@edsights.io,5651
besslauer@truckstop.com,18201
nathan.walts@ascendlearning.com,158552
mari@kitterly.com,107001
david@backlotcars.com,13051
philip@sprezzabox.com,226651
jnsilvey@foleyeq.com,212851
mk@sleeknote.com,110101
leso@remitly.com,231101
meha@silkandsonder.com,304821
hello@silkandsonder.com,153451
jlandau@netflix.com,191801
colinc@wineofthemonth.co.za,86251
josh@cratejoy.com,182251
kgsexton@subscriptioninsider.com,301901
viktoria.wolff@glossybox.com,46651
mark.hansen@devmounta.in,193701
michellelleimbach@gmail.com,30801
josh@postplanner.com,151001
contactus@passport2beauty.com,208651
romain@thedetoxmarket.com,250001
ritibrata@teabox.com,82001
liliana@sabio.la,193801
chrisperkins@b-r.com,153701
gtipsord@spellbinders.us,94153
dennis.bernstein@dollarshaveclub.com,31101
er@lasolasvc.com,14901
sl@grove.co,183201
michael@publicgoods.com,79001
brian@beinproximity.com,29751
art@gruveo.com,128101
pete@kickserv.com,89801
melinda.crump@sageworks.com,18277
matt@fatquartershop.com,232553
tyler.miller@prezi.com,51801
eric@gainful.com,219751
eric@gogainful.com,219651
jordana@mylola.com,240951
yozo@kurasu.kyoto,169801
misty@for-purposekids.com,240851
patrick@gan.co,16301
tim@apollo.io,355301
jeroen@salesflare.com,173651
dean@withapassion.co.uk,357901
adam@secondnature.com,79101
abby@ecreamery.com,177403
nidhin@surveysparrow.com,120851
valeriecwilliams@yahoo.com,10701
justin@leadfuze.com,194501
pfenaroli@verusadv.com,22301
ahasan.1186@yahoo.com,439751
nitin.goel@flytxt.com,18301
andrew@winedownbox.com,86201
andres@fivefourclub.com,213054
michel@seosamba.com,135501
dhruvinpatwa18@gmail.com,440551
collin.gutman@saasventurecapital.com,16501
survivesharkweek@gmail.com,47951
john@goddessprovisions.com,65101
hcanitz@logility.com,18174
mike.sievert@t-mobile.com,112201
rcusick@trxtraining.com,60151
andrew.t.galinsky@sprint.com,111651
jmccabe@genesishealthclubs.com,22001
brittany@popshophouston.com,85851
jesse@hubblecontacts.com,183401
aaron@peachgoods.com,110103
rolson@digitalocean.com,18199
micah@stripe.com,271051
maddie@sock101.com,48301
meghan.claar@ajc.com,357754
kelsey.blodget@gotinder.com,48601
donna@winc.com,85951
moody47@gmail.com,6501
yury.vilk@curational.com,384351
remmons@waiakeasprings.com,108501
elizabeth@cheekydays.com,239401
hello@letteringbox.com,94251
lisa@frontdesk.ai,114051
paulbarry81@gmail.com,16851
lminnix-wolfe@sciencelogic.com,18257
acann@callfire.com,53951
jeff@cigarclub.com,94301
dbeinke@lead.bank,215851
cgudino1359@gmail.com,326851
jim.watson@neocasesoftware.com,30401
ren@maniology.com,118801
matt@causebox.com,225351
alex.smith@otrleasing.com,16251
samantha@bellwethr.com,23851
sergeyl@oneincsystems.com,18163
dave.reik@smarterp.com,18159
ajay_patel@bmc.com,145601
lanie@koparibeauty.com,209901
jared@invoiced.com,60751
amanda@jadecrate.com,253651
caitlin@fabfitfun.com,81851
bernie@bombfell.com,81601
bryan@footcardigan.com,227501
luke@luckyboxclub.com,106201
alexkrausematlack@gmail.com,119851
jdiamond@inmoment.com,18300
sam.arbesman@luxcapital.com,8151
melissaw@kuiu.com,207351
corporate-procurement@alliancedata.com,14801
damon@bubbledetroit.com,331601
amiller@tickets.com,18290
aeverhart@sendlane.com,135951
h.shaughnessy@searchmetrics.com,18183
bberger@nurturelife.com,240852
sarita@smoremagazine.com,51551
silvia.l.quiroz@omf.com,5451
joe.ciesla@gotinder.com,48501
david@ladesk.com,114151
michelle.neil@vitalsource.com,18151
juho@sharetribe.com,177551
cr@campuscube.com,242751
thad@filtereasy.com,183901
ebruyn@ipswitch.com,18259
ru@bomibox.com,62351
vivek@urbanstems.com,191501
cbowen@gfxi.com,18303
mark@scalyr.com,145551
francisco@esalon.com,249451
dustin@pupjoy.com,36252
laurie@ozonesocks.com,249101
info@chasinunicorns.com,165901
raffaela@careerfoundry.com,193651
william.ritchie@intelex.com,18001
jgamboa@zingle.me,114052
jason@mpulsesoftware.com,95701
drdesai08@gmail.com,441401
anubhav.narula@vwo.com,123901
pat@thenomadik.com,169451
caleba@bergkampinc.com,249651
carmbrus@amfam.com,14501
tina.brown@greatlifegolf.com,22451
andrew.bradbury@which.co.uk,27351
april@crosscountrycafe.com,196351
vcw@ao.design,181251
sergey@mysocietysocks.com,84251
hello@furtherfood.com,401001
claudia@edsights.io,5701
mike.hess@340bhealth.org,43401
tina@thepreschoolbox.com,51601
btourtillott@banklandmark.com,22351
themmer@solomoncorp.com,29851
bregnier@bankbv.com,212401
matthew@dialpad.com,163451
kate.drane@techstars.com,9551
tseiffert@fourwindsinteractive.com,18352
jaredr@databaseusallc.com,126551
mark@sportsline.com,27301
piotr.kulas@mysurveylab.com,128551
anna.mason@revolution.com,6701
andrew@kinderbeauty.com,378851
blake.orlandi@bookofthemonth.com,78451
dalburty@innovaprep.com,6703
jtombry@google.com,372951
filip.rufer@limetalk.com,121702
shana@yourbijouxbox.com,248601
dino@curlkit.com,201851
nick@pushpress.com,70901
garethmandel@eharmony.com,49301
spencer.hill@taulia.com,18296
brian.finlay@intercom.intercom-mail.com,390301
sarah@utexas.edu,18160
sarah@blueland.com,190754
kyle@mantry.com,93551
mebane@theideafarm.com,177303
bseerha@jitmachinecorp.com,59901
jonathan@projectjuice.com,195601
nick@bellwethr.com,17851
steve@comfreight.com,43901
yrodriguez@cultivationcapital.com,15401
jonathan@madwire.com,18283
jasonb@bergkampinc.com,259501
rob@lemonaid.com,74251
peter.arvai@prezi.com,232501
frieda.mai.weis@pkmsteel.com,10651
melissa.howard@newscred.com,18193
cobibgantz@gmail.com,441251
rburdo@diettogo.com,93251
astadd@barkbox.com,31151
romain@iconosquare.com,153051
harris.kaserman@royals.com,5001
johnwoodward@kidstuff.com,30601
jake@agencysupport.co,288601
jhemmer@boulderfunds.net,21401
ryan@tastefulmedia.com,15501
jrakoski@naturalforce.com,207451
stuart@harrisgeospatial.com,18299
ig@simplybook.me,179901
rjharrod@gmail.com,440401
jlauersdorf@parkbank.com,328051
emontgomery@outbrain.com,18292
chuck.sulerzyski@pebo.com,390801
emre@jotform.com,54051
jim.reynolds@jimreynoldsconstruction.com,29501
julie@sparklehustlegrow.com,50251
nfogarty@alightanalytics.com,28901
brighton@skivvienix.com,250651
christyventer@healthymeliving.com,177151
buck.hurlbut@gmail.com,49651
ace@sendbird.com,124301
taylor.brandt@rocketsofawesome.com,237951
carol@maniology.com,152101
michelle.leimbach@eagleradio.net,30951
info@biglittleones.com,31401
ajones@teamsupport.com,88751
sclemmer@firstbankkansas.com,20701
sandor.piszar@gm.com,112651
taylor@mycreativelawn.com,29251
guyw@bluebeacon.com,16001
cfarrier@demandbase.com,18002
jeremy.gurewitz@imperfectproduce.com,262251
jake@bespokepost.com,71351
liz@bobcatofsalina.com,2651
acirrone@uplandsoftware.com,18280
orders@americancocktailco.com,83001
info@simplicityteas.com,126251
rbreuer@breuerpremium.com,215151
greg@badassbeardcare.com,78901
mfreije@hcinfo.com,10301
cunderwood@boxofshadows.com,172751
mzuraw@dialedingroup.co,175051
brendan@haterdater.com,49551
dquaid@kemptechnologies.com,18200
mselbie@oberon3.com,128102
allyson.shove@azuracu.com,26201
reed@smartartbox.com,107601
derik@hopebox.com,35551
info@raddadbox.com,94151
charles@cadlawlc.com,13451
arthur.coulston@gmail.com,15151
adminasst@cadlawlc.com,47401
margaret@cadlawlc.com,339801
jordan@barkbox.com,210801
anna.hasenkampf@glossybox.com,152051
bethellyn@gmail.com,8101
kfenaroli@fenaroliassociates.com,12252
charleyp@hightouchinc.com,5251
alex@gosite.com,95851
tim.turvey@gm.com,112601
go@doodle.com,177401
derek.archambault@readytalk.com,113651
coleen.bachi@hotjar.com,53301
kdavid@goeaglecom.net,7951
lslatkin@nestfragrances.com,190101
sarah.jones.simmer@team.bumble.com,48751
nick.kunels@eagleradio.net,32451
garrick.lee@druva.com,18101
beth.ernst@kanequip.com,26251
chaz@geekfuel.com,109201
april@servicemasterofsalina.com,3701
ike.nelson@drip.com,135502
wotoole@jobboardhq.com,102151
michael@ujet.co,114201
meow@prettylittercats.com,107352
katie@unique-vintage.com,253151
nora@getquip.com,183351
smacnew@popsugar.com,107451
patryk.wysocki@brand24.com,136101
ben.stanley@mamsoftware.com,18313
kevinearly@grillmastersclub.com,95251
shalabi429@gmail.com,10051
kevin@picreel.com,123951
teresah@bergkampinc.com,310651
rob@splashwines.com,196401
clynde@salescoutdata.com,9251
charlie@tearunners.com,195401
tony@kingsarmscoffee.com,169703
erik@bloomsybox.com,226401
tom.fitch@smarp.com,124201
crystall@bergkampinc.com,1451
anton.dornhof@userlike.com,114301
doug@line2.com,143101
davidc@apollo.io,361551
katie@lovegoodly.com,107151
pbyers@getwellnetwork.com,18289
sharon@thegoloveyourselfbox.com,36101
katieg@boxycharm.com,241151
tynan@flashtalking.com,18308
ken@thegainzbox.com,264701
ankit@callhippo.com,142601
david@barnhartrealtygroup.com,8951
chris_mulholland@intuit.com,196951
mpenson@surveyanyplace.com,185301
ashish@vegancuts.com,46101
lpassantino@academybank.com,225601
cassandra@coachcrate.com,50501
rcbailey@travelnetsolutions.com,121551
tyler@kaffebox.no,196151
shane.myers@advisorsexcel.com,21101
tejas@socialpilot.co,442301
bret.forester@gmail.com,269401
dan@ritual.com,209851
dsheller@mymainstreetbank.com,421151
ecarter@hmeinc.net,26301
richard.vera@scentbird.com,198601
jessica@theaubox.com,148751
nwendl@corecon.com,102251
hello@goddessprovisions.com,65301
streit.sandblasting@gmail.com,12551
tim.edge@sageworks.com,18359
lee@paleotreats.com,209801
sandra@kiwico.com,151951
lmarshall@lightercapital.com,14751
leslie@geekgearbox.com,51651
austen@lambdaschool.com,193601
slyman@prysm.com,18180
bryden@lipmonthly.com,69751
julia@mybillie.com,77201
conor@clearbit.co,150251
help@vegamour.com,108451
brianw@buffiniandcompany.com,96451
lenin@sprezzabox.com,84051
julia.true@tasconline.com,123251
daniel@butcherbox.com,31251
emmy.metzler@crunch.com,29901
chris.comeau@ntrepidcorp.com,18297
daron@bellwethr.com,9601
lupe@headspace.com,61301
leena@lot18.com,89101
joe@brightcellars.com,46751
albert@360stories.com,23501
ashlee.spring@topekapartnership.com,29301
colin@freshly.com,93601
anne.breck@postmarkdstudio.com,226751
feedback@amyscountrycandles.com,190801
dennis@fourstarzz.com,103801
bob@gwcap.net,16201
rfisher@lightedge.com,399951
tyler.bannerman@actionstep.com,106001
hello@lionspawmarketing.com,47451
heather@staffbase.com,124151
k.rudnicki@timecamp.com,151301
grace@echosec.net,136051
ethan@frankandoak.com,240706
nicholas.sahs@infousa.com,6401
katie@shippingeasy.com,135601
staci@sipsby.com,194251
shags818@hotmail.com,434651
katia.beauchamp@birchbox.com,79251
corey@ipsy.com,79301
andrew@nockingpointwines.com,195951
k.makarov@sendpulse.com,135451
aridner@study.com,177601
chris@lootcrate.com,249501
sean@spiceworks.com,18170
april.sage@foresee.com,18196
chris@highergroundstrading.com,351851
joe@postbidship.com,44101
ckutnar@gmail.com,237753
dionysia@convert.com,150751
gauri@toymailco.com,214651
lmcelhaney@everfi.com,18276
tfitzpatrick@trusimulation.com,188451
thibaut@livestorm.co,168951
ashishk.gupta@tatacommunications.com,367951
toby.collodora@startribune.com,261201
shereen@introvertsretreatbox.com,162501
kristen@getvinebox.com,86101
doug.krebs@npgco.com,6801
hannah.musall@cox.com,8351
seth.shuldiner@saasventurecapital.com,16551
wrandolph.lovelace@gmail.com,8451
tim@carnivoreclub.ca,81551
jeremy.middleton@pramata.com,18360
mattmichaelis@emprisebank.com,42751
helen.boyle@bunchball.com,180901
kate@simplehealth.com,75301
mderlatka@nextiva.com,128151
amurphy@msts.com,10551
ruthanas@support.com,197901
vanessa@sunbasket.com,93051
samican@scalexventures.com,13251
dax@venusetfleur.com,190755
nicolas@droplr.com,166051
danielle@abbottkc.com,30901
wynn@globein.com,100552
avery.kaye@tapad.com,18203
lizward@transfix.io,43951
megan@bark.us,213201
tannerbeam@msn.com,3151
thomas.blahnik@bigcommerce.com,18182
jcrouse@stamps.com,5101
nikki.remington@liquidweb.com,21351
aa@match.com,49351
gary@coveragebook.com,173351
atripler@ntwls.com,7601
ram.kumar@att.com,112301
murtaza@vulcun.com,233202
aidan@livefrey.com,184601
dave@fluidui.com,185201
hadley@hadleystern.com,434901
ambika@armoire.style,253001
siobhan.robinson@graze.com,207401
alex@handy.com,49701
ovadia@kidbox.com,55601
jason.scott@nakedwines.com,89201
hello@lindseyleeandco.com,109101
dave@clickfunnels.com,46601
andrew@pagerduty.com,18351
john.saw@sprint.com,111701
angiebrown@truckstop.com,43201
sgoodenow@bankmidwest.com,399801
marin.martinovic@sprint.com,111801
bsnider@neighborly.com,15201
danny@brandless.com,184051
grace.howlett@deskpro.com,119951
collin@winc.com,108551
eric.reichow@outreach.io,117001
liad@livepos.com,177351
juan@bloomsybox.com,183951
marcias@bluebeacon.com,16151
cspringer@savagex.com,253351
sami@thefabulous.co,51901
james@bluebottlecoffee.com,169301
christyt@geoprobe.com,29951
ivraj+15@bellwethr.com,69151
suyog@driftaway.co,169001
rhoda@olark.com,114251
victoria@rallio.com,135503
theresa.morgan-larosa@ringcentral.com,138601
drew@mullybox.com,94155
kminister@covermymeds.com,18190
nathaniel@axerosolutions.com,124351
akyupelyan@dermstore.com,198501
karlbrewer@sbcglobal.net,16451
tcook@apple.com,112001
debbie@coppercowcoffee.com,100251
jon@empathywines.com,89051
sbittle@burning-glass.com,18188
matt.meert@joingreatlife.com,162551
derian@subscriptionboxmarketing.com,271501
lauren.guttormsen@tiege.com,379051
justin@instapage.com,123801
scott@cocktailcourier.com,89751
cristian@cratedwithlove.com,118201
emily.coddington@hotjar.com,53351
ben@pupbox.com,211101
carlos@productschool.com,193501
will@getroman.com,77251
deven@alter.com,124101
erik.zenhausern@newsday.com,357602
laura.hewitt@kobie.com,18052
tpeterson@predictiveindex.com,18056
kbeldoch@mailjet.com,135751
haley@pawloyalty.com,105851
phil.rogers@andrewcounty.org,43651
tyson@wantable.com,78351
emerson@jivosite.com,120551
jack@drsquatch.com,215101
kweisenberger@reachforce.com,181001
alexw@liveglam.com,107101
michele.greene@dat.com,18356
wgebis@dailyherald.com,357755
info@slayglambox.com,69901
jonathan@dropps.com,109651
hello@teamcfe.com,44251
kristinm@winc.com,81603
dan.greenberg@datastax.com,18298
production@ithinkbigger.com,4201
john@clickdesk.com,120601
caraw@gonextpage.com,2801
chantel@vsauce.com,100001
brett@getdatebox.com,166001
jkurahashisofue@gmail.com,434851
linda.kozlowski@blueapron.com,64501
caroline@suzannesomers.com,254006
jonathan@nurx.com,72851
ach@realvnc.com,186901
pstridi@yahoo.com,441301
rashid@fivefourclothing.com,93351
mike@shakerandspoon.com,65401
laura@percolate.com,18175
robert@cmnty.com,121001
linda@trunkclub.com,78401
mshaw@strava.com,61201
jimmy@brex.com,12901
lvanderwalt@msbiotec.com,951
penny@greenkidcrafts.com,172801
info@palettefulpacks.com,36801
terry@latitudebeverage.com,195551
ejover@savagex.com,362301
chris@growbots.com,52351
matt@lootcrate.com,93851
amanda@woken.coffee,196502
jmctear@svmrestorationbymctear.com,1151
joe@threemainproducts.com,184851
shannon@threemainproducts.com,374251
simon@uksoccershop.com,191401
eford@ford.com,112551
eva@mentionlytics.com,136251
rkillpack@vormetric.com,18293
jessica@allgirlshaveclub.com,250751
kjones@plex.com,18195
pschroder@mcclatchy.com,2601
greg@userengage.com,180051
ramsey@apollo.io,355051
dougherty@targethillcapital.com,15551
sweta.amin@harrys.com,212901
adam@toneitup.com,61251
rerber@bareminerals.com,96401
brenda@coffeemeetsbagel.com,49601
kevin@snapengage.com,114001
mike.asem@m25vc.com,14651
scott@ketokrate.com,272501
laura@midamericaangels.com,7051
sarahsweeneym@gmail.com,434751
michael@culturefly.com,109751
wdeng@bardavon.com,16901
stone.shen@homechef.com,257801
kelly.klein@budurl.co,110251
john.stevens@mazuma.org,4451
copley.kyle@gmail.com,17701
afkonecny@foleyeq.com,212301
ella@barbellabox.com,242801
bryan.hurlbut@gmail.com,3801
product@appitsimple.com,196601
shane.smith@commercebank.com,296251
larryschoice@gmail.com,31001
mike@wristsociety.com,69351
amy.mccarter@stormontvail.org,26151
reggie@mantry.com,99851
tim@looker.com,18252
renee.felice@sunflowerbank.com,22101
svoigt@flatiron.com,18286
gaufdemberge@wtcks.com,42601
chris@artcrate.co,184651
steven@flowersfordreams.com,191551
clay@stoutstreetcapital.com,15751
chaz.gray@curational.com,384401
info@wondercrate.net,31851
marissa.geyer@knewton.com,18192
kassandra@scrapbookingstore.com,51401
robert@robertskrob.com,382301
wally@endorsify.co,271851
sierra@blessbox.com,50601
kristen@mightynest.com,149452
lan@runnercrate.com,107751
tfaulkner@datacenterinc.com,10501
dbarkley.krni@gmail.com,70501
llinnebur@wtcks.com,4251
cory@fulcrumapp.com,128251
diana@dimdesigns.ca,176401
ricklemons57@gmail.com,3201
p-vora@freshworks.com,113951
jp@revelationpets.com,105901
jliberi@emoneyadvisor.com,18171
ben@thegentsplace.com,1651
galen@serviceprovidercapital.com,15651
margot@bodhitree.com,96301
escapethecrategame@gmail.com,65351
michael@dollarshaveclub.com,5401
brian@looker.com,18282
psmothers@gmail.com,99901
lorena@passionandgrowth.com,384501
laura@royalstreet.vc,9951
colton@craftbeerclub.com,90651
nate@freshly.com,93101
robert@aircall.io,138801
jeremy@kcendurance.com,59001
betsy@wecraftbox.com,173001
david@yumblekids.com,238151
towens@hbloom.com,191601
saket@lafamiglia.vc,9501
kiersten@assembla.com,160951
cody.foster@advisorsexcel.com,175501
juliablack@weblium.com,186951
stefan@bountyhunterwine.com,46251
amybrown.0130@gmail.com,229301
rstaats@companionprotect.com,54301
evann@silkandsonder.com,385101
phil@getbasic.com,66351
ron@alltrails.com,196901
ryan@correlationvc.com,12701
alan.foy@blueface.com,143151
cmeier@aack.org,2751
smaillard@tripactions.com,18265
nadia@dia.co,242601
hwagoner@ksu.edu,21551
nomanramzan91@gmail.com,373251
mfordham@centraldesktop.com,180801
chapman@jellyvision.com,18314
katie@lillianjamescreative.com,4301
len@haysacademy.com,6251
lara@homechef.com,93201
jaime@codacy.com,177301
brian.ree@dailylook.com,249751
rhetrick@trxtraining.com,68851
justin@backlotcars.com,12951
boba@tapgg.com,6851
alexander@truchat.io,121751
kscanlon@ithinkbigger.com,3451
shaden.abboushi@team.bumble.com,48851
fwhite@kcata.org,2151
twoo@amodatea.com,177201
ajones@rednovalabs.com,21501
melissa@sucstu.com,183451
jg@getbevel.com,84301
rick.tarvin@viamedia.com,49801
pshenk@womply.com,18365
tcoen@gnresound.com,1801
nicole@darngoodyarn.com,82801
steve@tripkicks.com,434701
bob.farzami@metricly.com,163401
stuart.aitken@8451.com,21651
craig@scentbox.com,243051
pholewinski@academybank.com,215601
chadi@breobox.com,214601
slatham@alabamabankers.com,43301
jonathan@tinder.com,48401
support@owlcrate.com,32252
rohit@heydoctor.com,75101
awakeninginabox@gmail.com,173051
phowey@talkroute.com,143201
zach@usv.com,14551
ynava@apple.com,79401
debbie.mchugh@bethel.com,9451
chakraloveseattle@yahoo.com,162101
director@thenightacademy.com,178301
christie@superfoodshot.com,88851
itorres@eb-us.com,48951
trilok.shetti@directcellars.com,196551
oren@talkspace.com,50201
vikram@1balance.com,376501
davidbernstein@vineoh.com,89451
markus.mikola@contractzen.com,127801
rahul.saluja@spartasystems.com,18258
peter@bountyhunterwine.com,196152
rperez@kasacompanies.com,8601
jess.christian@eagleradio.net,27251
ting@mytherabox.com,33601
jsass@spiceworks.com,17951
cwren@thinkoutsideboxes.com,180601
nick.arnot@tryscale.com,9201
jameswhitedvc@gmail.com,267801
matthew@freshcleantees.com,100351
curt.keller@benchmarkemail.com,135651
cpowers15@gmail.com,229351
preena@klenty.com,136001
dennis@proximity.space,23801
robbie@thefitbot.com,10201
bobj@rollinghillszoo.org,29551
vwong@elementsolutions.com,18181
jwatkins@theladders.com,18184
lauren.cowher@classpass.com,59601
oivind@sipsby.com,238301
kina@mystembox.com,237756
josh@nerdypost.com,189901
rona@bergkampinc.com,310751
a.barrett@smartrecruiters.com,18254
brent.giles@banklibertykc.com,236602
jennifer@styleyourlifeblog.com,205451
umur@tovala.com,75901
david.fleck@myresman.com,18355
acannon@uptv.com,291101
ryanminer@petitvour.com,198401
gabriel.engel@rocket.chat,121851
mca@tradeshift.com,18156
zernst@axiapayments.com,10351
greichman@yext.com,35801
ndavy@jomalone.com,190751
sachin.smotra@couchbase.com,18311
chrissy@thesill.com,81801
valerie@lillypost.com,342751
bschwarz@firstbankkansas.com,20451
gkmontgomery@msts.com,13151
pbettles@salinadowntown.com,21601
jsalinas@beachcitycoffee.com,196101
jknopman@gmail.com,81651
jon@nomadcoffeeclub.com,169501
erik.kimel@shopflamingo.com,254201
kelly@fastly.com,18051
ketan@techgrains.com,128602
angel@freedcamp.com,194451
kaitlyn@irishangels.com,10951
bill@coffee.org,94152
taylor.austin@procore.com,78951
omar@atlascoffeeclub.com,175751
jan@monkeydata.com,163501
bgraham@kec.org,75251
support@robbvices.com,107701
dcollins@hostgator.com,53601
christine.chang@lootcrate.com,93401
tsanders@tddctx.com,6901
aroa@framer.com,181101
ruaraidh@beer52.com,28051
darcyahowe@kcrise.com,13252
chrissy@clickfunnels.com,46501
andy.chan@nexonia.com,113151
forrest.wilson@sprint.com,164301
msalinas@msts.com,5601
rahn@roku.com,107551
hbielecki@plex.com,18256
dennis.depenbusch@bcbsks.com,7101
lbaxter@riskalyze.com,49251
marcia@bluebeacon.com,160351
daniel@sayitwithasock.com,93451
steve@artoftea.com,194901
joleneanderson@iowatribecasino.com,28001
duanehutchison@truckstop.com,224651
shannondiggs@gmail.com,35601
jvito@uship.com,44151
mike@dateboxclub.com,96651
kristen.stengel@carsforsale.com,18205
michael@bellwethr.com,6751
trotolo@trymyui.com,124001
pbettles@swalinadowntown.com,15301
pdepirro@birdiebox.com,94501
clema@liquidweb.com,53051
aleks@breobox.com,222051
mariah@thefantasybox.com,108301
marygrace@nurseluxe.com,445151
kara@innovid.com,18275
matt@churnbuster.io,256451
tcruc@csbankcadott.com,380251
rwilson@rikkir.com,43701
lwong@gamefly.com,30501
brendan@timehero.com,66551
havenc@nwf.org,27001
lauren@theburlapbag.com,184801
matt@teckst.com,121901
john@firebrandvc.com,7401
kendi.carlgren@greatplainsmfg.com,8501
linnette.wanjiru@andela.com,20851
lpica@outbrain.com,18268
jim.dahline@sportsengine.com,18316
henrik.lepasoon@stratsys.se,127851
cwatson@pof.com,49201
mike@myhubpartner.com,36951
dana@stickinabox.com,177101
davidl@1800flowers.com,191701
kellene.whitaker@schwans.com,9301
rparker@cayan.com,18053
liza@globein.com,176151
harrison@outboundventures.com,14502
kirsten@papirmass.com,149251
kkinsella@sproutloud.com,18361
sarah@bellabox.com.au,210551
liby.waltemath@eagleradio.net,33751
christopher@beekman1802.com,253403
michael@ucode.com,231151
alan.shefveland@changepoint.com,18166
mshymkus@akamaibasics.com,37152
brian@brightgreens.com,196153
badler@certify.com,18194
maxwell.vincent@outreach.io,125701
rushabh@betterhelp.com,52051
jean.hardie-matthews@workbooks.com,161001
jonathan@snacksack.com,66301
steve@loupventures.com,11051
munish@mrmisocki.com,47551
aodhan@statcounter.com,179801
shalin@happyfoxchat.com,121701
gchaiken@blinkhealth.com,75401
guy.miller@sojern.com,18253
jessica@lovevery.com,83851
henry.jackson@eagleradio.net,29451
josh@e2eaccelerator.com,15801
tkalian@knowify.com,102201
kimberly@boldblossoms.com,185051
kristen@churnbuster.io,370501
info@terracreate.net,381301
marine@woorank.com,192651
tshanks@woodsanddurham.com,56901
chris@revel.vc,16351
ferry@virtuagym.com,96851
sudheer.someshwara@viraltag.com,176551
vince@leadiq.com,150501
giancarlo@colawfitness.com,27101
kendall@a5prospecting.com,12651
ericka@gwynniebee.com,77401
kunal@healthcaremagic.com,177302
kevin@kiwicrate.com,81951
ygreco@oreilly.com,18278
cgrieves@goeaglecom.net,294951
hammersmith@kcchamber.com,2101
jeremy@riskgenius.com,7251
josh@getquip.com,111001
jeff@blooom.com,111451
ryan@snacknation.com,77301
rex@looker.com,18271
joe@ivoryclasp.com,243551
pfontana@bluestatedigital.com,18161
duncan@mintproducts.co,107351
caroline@itsbyu.com,190753
ashley@everfi.com,18162
ervin.strnisnik@flaviar.com,30251
jeff.palin@loopup.com,113701
pchadzynski@aras.com,18191
shakeel.tabassam@yodiz.com,173551
ckociemba@cardlytics.com,18269
yannis@userfeel.com,102301
ardespres@gmail.com,442001
coufalik@survio.com,128651
jrussell@firstbankkansas.com,20551
elaine@rechargeapps.com,340501
laurence.chandler@thisisdrum.com,127951
jan-eric.anderson@callahan.agency,26351
damon@longmcarthur.com,9801
jf@greetabl.com,64851
jeffrey@thebouqs.com,183501
amit@getblueshift.com,135801
vidchops@gmail.com,291001
bob.ross@topekapartnership.com,29351
sonnyk@meditab.com,18291
miguel.rodriguez@surveymonkey.com,128601
mlafrance@grove.co,82851
jeff.walter@latitudelearning.com,201351
myonushonis@tripactions.com,18260
jpaquette@fluid.com,18353
jamila@lovedandblessed.com,249151
lisa.epstein@elemental.com,18168
ben@hoxtonmix.com,177451
lm@customerly.io,121951
kelly.krause@autopoint.com,18165
jonv@thestudiodirector.com,97101
burcin.yilmaz@digiturk.com.tr,15051
jkeiser@diligent.com,18273
jshaw@bizjournals.com,81401
kevin.eagan@pebo.com,390901
sunshine@winesociety.com,86301
tsawyer@grasshopper.com,181151
maria@latitudebeverage.com,89301
rusty@theaubox.com,148951
vladimir@smartsupp.com,121801
dennis@firstsipbrewbox.com,93301
alex.shipillo@clio.com,105951
jon@getsketchbox.com,95301
stephanie.cairns@verizonwireless.com,112151
hello@bootaybag.com,109501
nick@vnyl.org,108401
michael@harney.com,196003
maranda@firebrandvc.com,7451
ryan@sworkit.com,61851
john@drinkhydrant.com,232101
casandra.murray@ignitionone.com,18357
bryce@kiwico.com,232701
brice.gould@plansource.com,18169
rtarvin@viamediatv.com,51451
k.yashwanth.kumar@gmail.com,433251
florin@123contactform.com,128301
rmerket@amazon.com,6951
kevin.dowd@gubagoo.com,213058
rbertke@i3verticals.com,13101
kdugar@teabox.com,177405
shihab@surveysparrow.com,128201
chris@thefantasybox.com,149401
mariah@bulubox.com,79201
adam@theliftbx.com,437851
jasmin@hoppibox.com,51501
lucasbaerg@gmail.com,13501
stefano.rizzo@newired.com,201201
zachary@cleancult.com,184901
ashleysp@microsoft.com,15001
paige@datanyze.com,180651
ccoleman@smclean.com,3651
melissa@forhers.com,75151
collab@culturecarton.com,48251
mario@cratejoy.com,182301
jallen@drift.com,88651
rick@monsterbass.com,107201
anthony@graze.com,77151
mike@amfamventures.com,251701
jamesl@apollo.io,56501
danny@luckyorange.com,53451
teresa.kellett@gmail.com,16651
greg@bluebottlecoffee.com,77351
emily@smoothiebox.com,195301
tawer@formilla.com,122001
rjs@lucidchart.com,18202
bmuehlberger@beachbody.com,219851
dhard@everfi.com,18288
andreab@anytimefitness.com,194701
dwilliams@smartasset.com,194801
andres@tennistrunk.com,180251
thomas.noack@etap.com,18251
edfrindt@kcrise.com,13253
frank.pugh@crunch.com,164351
cesar.marroquin@ehsinsight.com,201401
info@norseboxes.com,190001
jadams@greenchef.com,93151
ara@angelinos.com,169901
tim@filtersnap.com,190901
knopfautorestoration@gmail.com,15351
rodney@shiftclubhouse.com,29051
bizdev@puracy.com,191052
bbhampton@helzberg.com,110951
dan.weinberg@fanchest.com,242951
tnilsson@mastercontrol.com,23351
vlada.kryzhanivska@mysurveylab.com,120901
jrowland@lead.bank,8001
jfield@brainstation.io,193551
jenny.campbell@gotinder.com,48451
billc@bergkampinc.com,249601
pagetalves3@gmail.com,9051
david@ideachic.net,109451
anthony@japancrate.com,46701
kevin@manageflitter.com,190051
stacey.odonnell@340bhealth.org,43351
megan.springmeyer@cint.com,18270
jan@paymoapp.com,153001
matt@getvinebox.com,195001
tracy@genagraceful.com,100651
michael@sip.us,143051
lindsay.washburn@westarenergy.com,15101
david@odeeva.com,107301
hello@feministbookclub.com,218401
christina@farmgirlflowers.com,191651
hello@doyougoodybox.com,148101
crystal@silkandsonder.com,385151
c@cnnr.me,7501
jamesfedor@t2systems.com,18177
ahahn@hirevue.com,18255
jack@topgrowthmarketing.com,338701
alan@missouriquiltco.com,14601
joshuabarnhart85@gmail.com,112101
eric@vidchops.com,286051
victor.gutwein@m25vc.com,14503
okorodavid75@gmail.com,445201
mike@ppcentourage.com,268751
florian.lustig@conrad.de,13851
ecox@snowfly.com,97051
alecia@lovevery.com,355501
mary@callrail.com,54001
tcoats@ixl.com,127351
yonghui.ma@vobileinc.com,18366
justyna@napoleoncat.com,136151
sean@ivoryclasp.com,100401
pholewinski@dfckc.com,212351
adam@sunbasket.com,162651
murali@truckertools.com,48901
lblankenbeckler@switchfly.com,18263
ryanortiz@dicksmithford.com,325951
lregelman@peets.com,169401
trilokshetti@gmail.com,440101
katie.purchase@wsj.com,89151
gil@hyprbrands.com,187001
michael.morella@userlike.com,152401
dillon@looker.com,18155
janetp@bergkampinc.com,310801
chris@sweat.com,60551
marty.b@accolademgt.com,43601
bruce.cotton@att.com,112251
stephen@mygreenfills.com,79151
sarah@gracedigitalmarketing.com,8851
skaji@popsugar.com,211401
jessica@coppercowcoffee.com,169551
cwilde@jive.com,138651
lori@bellwethr.io,188501
dbeaver@afoa.ca,43451
will.rayner@tdfventures.com,13601
sconway@peets.com,195902
ceo@accolademgt.com,43551
ngeorge@renttherunway.com,81602
j.swierczak@livechatinc.com,114101
lschlack@fashionangels.com,362601
mpistone@riskalyze.com,48351
meaghan@rocksbox.com,242651
deborah@gixo.com,61051
ftylim@merrymaids.com,82951
vanessa@solbookbox.com,254007
matt@clearbit.com,93901
amberosetaylor@gmail.com,434601
mortiz@gfxi.com,18307
mcrane@focusvision.com,18315
chebem.chukwu@gmail.com,7701
tfrevert@callcap.com,16801
letania@rollbar.com,145501
brasted@wichitatechnology.com,16051
webb@kcchamber.com,1851
jsrack@matrixelectronicmeasuring.com,15901
sholmes@dia.co,46051
e.carmichael@tricentis.com,18309
kevin@coastalco.com,96601
lara@kiwico.com,31551
rachel@directorpoint.com,113751
hliao@meetingpulse.net,128051
dsimone@xybion.com,18285
julian.morency@twineapp.com,124401
scott@bitsbox.com,16701
erin@scichic.com,240601
alex.pasquine@knewton.com,18266
broberts@lockton.com,6451
brock@letsmakeart.com,215751
stephen@pactcoffee.com,209751
morgan@adoreme.com,84001
dmarrs@ksbanktech.com,17551
hello@beanbox.com,169251
richard@responsetap.com,198201
jake.f.jones@nm.com,67901
lesa.mitchell@techstars.com,6601
david@bespokepost.com,195901
dan@imagemakers-inc.com,23751
curtis.smith@infusionsoft.com,197801
melanie.elliott@bigcommerce.com,18264
konstantine@helpcrunch.com,113901
colin@floatapp.com,201801
richard@brightcellars.com,85901
mike@tastetrunk.com,89551
lukasz@useitbetter.com,124051
nick@imeetcentral.com,161051
ashley@clothandpaper.com,265301
travis@heartlandrecyclingservices.com,8301
darren.andes@namely.com,18354
matt@madison-reed.com,253701
djudge@gamefly.com,30551
daronjamison@gmail.com,10151
selina@bellwethr.com,21001
ivans@americancrafts.com,253404
michal.susz@wibbitz.com,134502
robyn@mealpal.com,30351
rikke@plecto.com,97001
mike.nevels@sprint.com,111851
mkarampalas@gmail.com,438651
alex.krause@techstars.com,6651
richp@reservebar.com,89153
drew@birdseed.io,121651
aaragonez@boxofstyle.com,85601
sambati@engagebay.com,121601
cpenfold@nextgenhearing.net,1551
dougschmitz.radio@gmail.com,31301
rob@serraventures.com,13301
hayley@theproteinballco.com,164201
shoag@fashionangels.com,252151
george@woobox.com,173601
sm@getadministrate.com,201301
cat@skylarbody.com,253401
rgardner@salescoutdata.com,5901
abhinaya.konduru@m25vc.com,6702
ron@blackriflecoffee.com,44401
aparna@kidstir.com,264901
rgibson@smg.com,60051
tamara@justlikemebox.com,240853
lee@skinnycoffeeclub.com,196008
cburgess@spredfast.com,18362
ryanmerket@gmail.com,16101
anne@hellofresh.com,89001
ian@dropbox.com,251751
don@dat.com,49451
julia@curology.com,78651
lisa.viet@avadolearning.com,18186
alek@breobox.com,252501
grovert@fitlifestylebox.com,85801
philippe@convertize.com,123851
natalie@talentlms.com,201101
alla@revivesuperfoods.com,263751
hthutchison@mail.fhsu.edu,49001
martine@poshhomebox.com,183651
tylerp@pcpworks.com,6351
hiba@fitnessventuresllc.com,194101
scarlett@wickbox.co,183701
natalie@mention.com,136152
sungkim@honest.com,71551
lori.steger@abeo.com,18178
pierce@knak.io,179651
devinhanney@gmail.com,21851
mdehaven@brightedge.com,18167
bhulse@convergeone.com,58851
lfink@cardlytics.com,18197
jsrack@thematrixwand.com,15951
michael@creaturecoffee.co,169601
wsteinhoff@callcap.com,16751
julian@huel.com,165951
lauren.wadsworth@pantheon.io,341501
