Name,firstName,lastName,Title,Company,Email,LinkedIn URL
Komal,,,,Zoom.ai,komal@zoom.ai,https://www.linkedin.com/in/komalsalvi/
Paul,,,,Zoom,paul@zoom.ai,https://www.linkedin.com/in/paulfrancessimpson/
Matas,,,,Zoom,matas@zoom.ai,https://www.linkedin.com/in/msriubiskis/
Traci X Cheng,,,,Zoom,traci.x.cheng@gmail.com,
Anita Chauhan,,,,Zoom,anita@crescendowork.com,https://www.linkedin.com/in/anitachauhan/
Sonam Ringpa,,,,Wealthsimple,sonam@wealthsimple.com,https://www.linkedin.com/in/sonampringpa/
Chris Baran,,,,Wealthsimple,christian@wealthsimple.com,https://www.linkedin.com/in/christian-baran-641683135/?originalSubdomain=ca
Eric Akaoka,,,,Wealthsimple,eakaoka@wealthsimple.com,https://www.linkedin.com/in/akaoka/
Gregory Ward,,,,Wealthsimple,gward@wealthsimple.com,https://www.linkedin.com/in/grward/
Leen,,,,Wealthsimple,leen@wealthsimple.com,https://www.linkedin.com/in/leenli/
Rania,,,,Wealthsimple,ratabani@wealthsimple.com,https://www.linkedin.com/in/raniaeatabani/
Ashleigh,,,,Wealthsimple,ariley@wealthsimple.com,
Lianne,,,,Wealthsimple,lvineberg@wealthsimple.com,https://www.linkedin.com/in/vineberg/
Barb Allen,,,,Wealthsimple,barb@shareowner.com,https://www.linkedin.com/in/barb-allen-07025822/
Priom,,,,Wealthsimple,pmahbub@wealthsimple.com,https://www.linkedin.com/in/mahbubpriom/
Marina Ho,,,,Universe,marina.ho@universe.com,https://www.linkedin.com/in/ohaniram/
Kristen Singh,,,,Universe,kristen.singh@universe.com,https://www.linkedin.com/in/kristen-singh-2947ab106/?originalSubdomain=ca
Irfan,,,,Universe,irfan.ebrahim@universe.com,https://www.linkedin.com/in/irfane/?originalSubdomain=ca
Adriel Arsenault,,,,Universe,adriel.arsenault@universe.com,https://www.linkedin.com/in/adrielarsenault/
Kyle,,,,Universe,kyle.white@universe.com,https://www.linkedin.com/in/kylegwhite/
Gabrielle Hague,,,,Universe,gabrielle.hague@universe.com,
DJ,,,,Universe,david.patterson@universe.com,https://www.linkedin.com/in/davidpatters0n/?originalSubdomain=ca
Anieli Ruiz,,,,Universe,anieli.ruiz@universe.com,https://www.linkedin.com/in/anieli/
Josh Kelly,,,,Uniiverse,josh.kelly@uniiverse.com,https://www.linkedin.com/in/joshua-kelly-444b03150/?originalSubdomain=ca
Alisha Patel,,,,TWG,apatel@twg.io,https://www.linkedin.com/in/alishapatel/
Erica MacDonald,,,,TWG,emacdonald@twg.io,https://www.linkedin.com/in/erica-macdonald-36832b34/
Josh Ashton,,,,Trineo,josh.ashton@trineo.co.nz,https://www.linkedin.com/in/joshashton/
Saba Karim,,,,Techstars Central LLC,saba.karim@techstars.com,https://www.linkedin.com/in/sabakarim/
Clement Cazalot,,,,Techstars Central LLC,clement.cazalot@techstars.com,https://www.linkedin.com/in/cazalot/
Lauren Goglick,,,,Techstars Central LLC,lauren.goglick@techstars.com,https://www.linkedin.com/in/lauren-goglick-b5180218/
Keith Camhi,,,,Techstars Central LLC,keith.camhi@techstars.com,https://www.linkedin.com/in/keithcamhi/
Andrea Perdomo,,,,Techstars Central LLC,andrea.perdomo@techstars.com,https://www.linkedin.com/in/andreaperdomo/
Emily Petrie,,,,Techstars Central LLC,emily.petrie@techstars.com,
Corpdev,,,,Techstars Central LLC,corpdev@techstars.com,
Cody,,,,Techstars Central LLC,cody@techstars.com,https://www.linkedin.com/in/codysimms/
Ray Newal,,,,Techstars Central LLC,ray.newal@techstars.com,https://www.linkedin.com/in/newal/
Walter Mannino,,,,Techstars Central LLC,walter.mannino@techstars.com,https://www.linkedin.com/in/walter-mannino-91880741/
Gregg Cochran,,,,Techstars Central LLC,gregg.cochran@techstars.com,https://www.linkedin.com/in/greggcochran/
Tariq Haddadin,,,,Techstars,tariq.haddadin@techstars.com,https://www.linkedin.com/in/tariqhaddadin/
Laura Kennedy,,,,Techstars,laura.kennedy@techstars.com,https://www.linkedin.com/in/laurakennedy/
Alexander,,,,Techstars,alexander.keat@techstars.com,https://www.linkedin.com/in/alexander-keat-502a8454/
Kate,,,,Techstars,kate.drane@techstars.com,https://www.linkedin.com/in/katedrane/
John Beadle,,,,Techstars,john.beadle@techstars.com,https://www.linkedin.com/in/johnobeadle/
Morgan,,,,Techstars,morgan.berman@techstars.com,https://www.linkedin.com/in/morgan-berman-abb77b2/
Sara Sonnen,,,,Techstars,sara.sonnen@techstars.com,https://www.linkedin.com/in/sara-sonnen-65130043/
Joanne Swanson,,,,Techstars,joanne.swanson@techstars.com,https://www.linkedin.com/in/joanne-swanson/
Hakar,,,,SweetIQ,hakar@sweetiq.com,https://www.linkedin.com/in/hakar-sheikh-a6548571/
Faten,,,,SweetIQ,fabilmouna@sweetiq.com,https://www.linkedin.com/in/faten-abilmouna-8197b12a/
Uzoma,,,,SweetIQ,uzoma@sweetiq.com,https://www.linkedin.com/in/uzomaezeyi/
Natalia,,,,SweetIQ,natalia@sweetiq.com,https://www.linkedin.com/in/nmartian/
Maria,,,,SweetIQ,maria.cobian@sweetiq.com,https://www.linkedin.com/in/renilda-marie-de-dios-ba067485/
Joe,,,,SweetIQ,joe@sweetiq.com,https://www.linkedin.com/in/joseph-melanson/
Yi,,,,SweetIQ,ylai@sweetiq.com,
Joanna,,,,SweetIQ,joanna@sweetiq.com,https://www.linkedin.com/in/joannacaballero/
Meghan,,,,SurveyMonkey,meghanb@surveymonkey.com,https://www.linkedin.com/in/meghandoyle2/
Rebecca Nalder,,,,SurveyMonkey,rnalder@surveymonkey.com,https://www.linkedin.com/in/rebeccanalder/
Melynnie,,,,SurveyMonkey,melynnie@surveymonkey.com,https://www.linkedin.com/in/rizvimelynnie/
Mrizvi,,,,SurveyMonkey,mrizvi@surveymonkey.com,
Rebecca Cantieri,,,,Survey Monkey,rebeccac@surveymonkey.com,https://www.linkedin.com/in/rebecca-cantieri-85654a/
Esther Cuevas,,,,Survey Monkey,estherc@surveymonkey.com,https://www.linkedin.com/in/estherperezcuevas/
Jocelyn,,,,Storj Labs Inc.,jocelyn@storj.io,https://www.linkedin.com/in/jocelyn-z-matthews/
Dan Sorensen,,,,Storj Labs,dan@storj.io,https://www.linkedin.com/in/sorensenpower/
Vanessa Ribreau,,,,Shopify,vanessa.ribreau@shopify.com,https://www.linkedin.com/in/vanessaribreau/
Ellen Dunne,,,,Shopify,ellen.dunne@shopify.com,https://www.linkedin.com/in/ellendunne/
Catherine Hughes,,,,Shopify,catherine.hughes@shopify.com,https://www.linkedin.com/in/cathhughes/
Brandon Chu,,,,Shopify,brandon.chu@shopify.com,https://www.linkedin.com/in/brandonmchu/
Shivaas Gulati,,,Co-founding Engineer,Remitly,shivaas@remitly.com,https://www.linkedin.com/in/shivaas/
John Wilke,,,,Okta,john.wilke@okta.com,https://www.linkedin.com/in/johnmwilke/
Audrey Hoffman Lekmine,,,,Okta,audrey.hoffman-lekmine@okta.com,https://www.linkedin.com/in/audrey-hoffman-lekmine-751a6839/
Matt,,,,Miovision,mignor@miovision.com,https://www.linkedin.com/in/mattignor/
Adrian,,,,Miovision,achung@miovision.com,https://www.linkedin.com/in/adrian-polidoro/
Saibal,,,,Miovision,schakraburtty@miovision.com,https://www.linkedin.com/in/saibal-chakraburtty-1a5ba62/
Holly,,,,Miovision,hhomesuniacke@miovision.com,https://www.linkedin.com/in/holly-holmes-uniacke/
Cornell Woodson,,,,"Looker Data Sciences, Inc.",cornell.woodson@looker.com,https://www.linkedin.com/in/cornellw/
Samer,,,,layla.care,samer@layla.care,https://www.linkedin.com/in/samer-abughannam/?originalSubdomain=ca
Sophie,,,,layla.care,sophie@layla.care,
Stefan Clarke,,,,Intelex,stefan.clarke@intelex.com,https://www.linkedin.com/in/stefanaclarke/
Lauren Mercurio-Smith,,,,Inkbox,lauren@getinkbox.com,https://www.linkedin.com/in/laurenmercurio/
Ella,,,,Inkbox,ella@getinkbox.com,https://www.linkedin.com/in/ellaqi/
Aiden,,,,Inkbox,aiden@getinkbox.com,https://www.linkedin.com/in/aidenparker/
Jen,,,,Inkbox,jen@getinkbox.com,https://www.linkedin.com/in/jennifer-babic-b56aa623/
Margot,,,,Imagine Media Consulting,margot@imaginemediaconsulting.com,https://www.linkedin.com/in/margot-dukes-57915760/
Shantel Kriss,,,,Imagine Media Consultihng,shan@imaginemediaconsulting.com,https://www.linkedin.com/in/shantelkriss/
Csherwood,,,,Hashtag Paid Inc,csherwood@hashtagpaid.com,
Micah Leinbach,,,,Guild Education,micah.leinbach@guildeducation.com,https://www.linkedin.com/in/micah-leinbach-a7959843/
Brittany,,,,Guild Education,brittany@guildeducation.com,https://www.linkedin.com/in/brittany-stich/
Sam Kennedy,,,,Guild Education,sam.kennedy@guildeducation.com,https://www.linkedin.com/in/sam-lacovara-kennedy/
Rrc,,,,Guild Education,rrc@guildeducation.com,
Andy Saavedra,,,,Guild Education,andy.saavedra@guildeducation.com,https://www.linkedin.com/in/aesaaved/
Travis,,,,Guild Education,travis@guildeducation.com,https://www.linkedin.com/in/travis-barton-4a519a103/
Brianna Whitaker,,,,Guild Education,brianna.whitaker@guildeducation.com,
Katie Allen,,,,Fiix Inc,katie.allen@fiixsoftware.com,https://www.linkedin.com/in/allen-katie/
Jiten Bhardwaj Bhardwaj,,,,Fiix,jiten.bhardwaj@fiixsoftware.com,https://www.linkedin.com/in/jiten-bhardwaj-b05372a/
Masika,,,,Fiix,masika.mahabir@fiixsoftware.com,https://www.linkedin.com/in/masikamahabir/
Travis Wingate,,,,Fiix,travis.wingate@fiixsoftware.com,https://www.linkedin.com/in/travis-wingate-5b3a2433/
Jeffrey,,,,Fiix,jeffrey.obrien@fiixsoftware.com,https://www.linkedin.com/in/jeffcann/
Marcel Paris,,,,Fiix,marcel.paris@fiixsoftware.com,https://www.linkedin.com/in/marcelparis/?originalSubdomain=ca
James Binckly,,,,Fiix,james.binckly@fiixsoftware.com,https://www.linkedin.com/in/jbinckly/
Jake Uskoski,,,,Fiix,jake.uskoski@fiixsoftware.com,https://www.linkedin.com/in/jakeuskoski/
Alexander Dean,,,,Fiix,alexander.dean@fiixsoftware.com,https://www.linkedin.com/in/alexander-dean-a8b232175/
Jessie Wusthoff,,,,Clover Health,jessie.wusthoff@cloverhealth.com,https://www.linkedin.com/in/jwusthoff/
Nicole Zuckerman,,,,Clover Health,nicole.zuckerman@cloverhealth.com,https://www.linkedin.com/in/nicole-zuckerman-8811304/
Chana Schulman,,,,Clover Health,chana.schulman@cloverhealth.com,https://www.linkedin.com/in/chanaschulman/
Eric Casteleijn,,,,Clover Health,eric.casteleijn@cloverhealth.com,https://www.linkedin.com/in/eric-casteleijn/
Courtni Clarke,,,,Clarity LLC,courtni@claritystaffing.com,https://www.linkedin.com/in/courtni-clarke-bb39b616/
Colleen Mahon,,,,Clarity,colleen.mahon@claritystaffing.com,https://www.linkedin.com/in/colleen-mahon-479597a8/
Larry Mahl,,,,Clarity,larry@claritystaffing.com,https://www.linkedin.com/in/larry-mahl/
Zj,,,,Bright + Early,zj@brightandearly.ca,https://www.linkedin.com/in/zjhadley/
Brian Vachon,,,,BELL,brian.vachon@bell.ca,https://www.linkedin.com/in/brian-vachon-864bb796/
Ellen howe,,,,Bell,ellen.howe@bell.ca,
Hassina Touafdit,,,,BELL,hassina.touafdit@bell.ca,https://www.linkedin.com/in/hassina-touafdit-339580155/
Kerri Walsh,,,,ASICS Digital,kerri.walsh@asics.com,https://www.linkedin.com/in/kerri-walsh-960a323/
Denitsa Yordanova,,,,ASICS Digital,denitsa.yordanova@asics.com,https://www.linkedin.com/in/denitsayordanova/
Joshua Lipinski,,,,ASICS Digital,josh.lipinski@asics.com,https://www.linkedin.com/in/joshua-lipinski/
Matthew DiPierro,,,,ASICS Digital,matthew.dipierro@asics.com,https://www.linkedin.com/in/matthew-dipierro-a8753594/
Megan Levin,,,,ASICS Digital,megan.levin@asics.com,https://www.linkedin.com/in/megan-levin/
Courtney Landers,,,,ASICS Digital,courtney.landers@asics.com,https://www.linkedin.com/in/courtneyclanders/
Saul Jacobowitz,,,,ASICS Digital,saul.jacobowitz@asics.com,https://www.linkedin.com/in/saul-jacobowitz-02a481ab/
Ashley Meunier,,,,ASICS Digital,ashley.meunier@asics.com,https://www.linkedin.com/in/ashleyannmeunier/
Judson Dunaway-Barlow,,,,ASICS Digital,judson.dunawaybarlow@asics.com,https://www.linkedin.com/in/judson-dunaway-barlow-a27439a0/
Abha Gallewale,,,,ASICS Digital,abha.gallewale@asics.com,https://www.linkedin.com/in/abhagallewale/
Phil Yj,,,,Ada Support,phil.yj@ada.support,
Leigh LePage,,,,ADA Support,leigh.lepage@ada.support,https://www.linkedin.com/in/leighlepage/
Rebecca Qu,,,,ADA Support,rebecca.qu@ada.support,https://www.linkedin.com/in/rebeccaqu/?originalSubdomain=ca
Adrian,,,,Ada Support,adrian@ada.support,https://www.linkedin.com/in/adrian-caulcutt-61820431/
Michael Steckley,,,,ADA Support,michael.steckley@ada.support,https://www.linkedin.com/in/michael-steckley-9686a93a/
Gillian Jose Riz,,,,Ada,gillian.jose-riz@ada.support,https://www.linkedin.com/in/gillian-jose-riz-09b62589/
Melissa Flores,,,,ActBlue,flores@actblue.com,https://www.linkedin.com/in/melissakflores/
Hstathes,,,,ActBlue,hstathes@actblue.com,
Brenda Zhou,,,,#paid,bzhou@hashtagpaid.com,https://www.linkedin.com/in/zhoubrenda/
Aaron Lee,,,,#paid,alee@hashtagpaid.com,
Ys Evelyn Chan,,,,#paid,ys.evelyn.chan@gmail.com,https://www.linkedin.com/in/evelyn-chan/?originalSubdomain=ca
Mary P,,,,770680130,marypapagia@gmail.com,
Craig Follett,,,,,craig@universe.com,https://www.linkedin.com/in/craigfollett/?originalSubdomain=ca
Dr. Sarah Saska,,,,,sarah.saska@feminuity.org,https://www.linkedin.com/in/drsarahsaska/?originalSubdomain=ca
Bruno Morency,,,,,bruno.morency@techstars.com,https://www.linkedin.com/in/brunomorency/?originalSubdomain=ca
Shavonne Hasfal-McIntosh,,,,,shavonne@shopify.com,https://www.linkedin.com/in/shavonne-hasfal-mcintosh-28a70046/?originalSubdomain=caa
Karen Blakey,,,Director of HR,,karen.blakey@nexj.com,https://www.linkedin.com/in/karenblakey/?originalSubdomain=ca
Elijah Moore,,,,,elijah@collage.co,https://www.linkedin.com/in/elijahmoore/?originalSubdomain=ca
Bryan Gold,,,,,bgold@hashtagpaid.com,https://www.linkedin.com/in/goldbryan/?originalSubdomain=ca
Mike Murchison,,,,,mike@ada.support,https://www.linkedin.com/in/mikemurchison/?originalSubdomain=ca
Jason Thompson,,,,,jason.thompson@techstars.com,https://www.linkedin.com/in/thompso4/
,,,,,erika@sweetiq.com,https://www.linkedin.com/in/erika-marcelo-7a356a55/?originalSubdomain=ca
,,,,,alix@sweetiq.com,
Adrienne Barnard,,,People Ops Lead,,adrienne.barnard@asics.com,https://www.linkedin.com/in/adrienne-barnard-a82aab1/
Dean Delpeache,,,,,dean.delpeache@fiixsoftware.com,https://www.linkedin.com/in/deandelpeache/?trk=pub-pbmap&originalSubdomain=ca
,,,,,dhamill@miovision.com,
,,,,,anicia@looker.com,https://www.linkedin.com/in/aniciasantos/
,,,,,catherin@getinkbox.com,
,,,,,chelsea.rogers@techstars.com,
