clientContactID,contactDataID,Email,Full Name,First Name,Last Name,LinkedIn URL from QA,"Title
from CRM","Title
from ProxyCrawl","Title
manually gotten for import to contactData",Final Title,"Company
from CRM","Company
from ProxyCrawl","Company
manually gotten for import to contactData",Final Company,Job Changed?,Job Changed?,Enriched Data Changed?,QA gave wrong URL,Correct LinkedIn URL,LinkedIn URL Final,LinkedIn URL in CRM
011MmDECxmXEYcVjzS3E,YkMePyNdkWRbEq3Ghm4L,john.beadle@techstars.com,John Beadle,,,,,,,Product Manager,,,,Y Media Labs,,TRUE,,,,https://www.linkedin.com/in/johnobeadle/,
0As6OFSlldULllRK3u1I,hQv3o7gtFUs8kdoFLpHn,meghanb@surveymonkey.com,Meghan,,,,,,,Project Manager,,,,SurveyMonkey,,,,,,https://www.linkedin.com/in/meghandoyle2/,
0l8nmCxrs2nOJunyzLZj,0oWc5NOTVZjnAoj90aKe,courtni@claritystaffing.com,Courtni Clarke,,,,,,,Account Executive,,,,Clarity LLC,,,,,,https://www.linkedin.com/in/courtni-clarke-bb39b616/,
1C5yXCHXw7EinGQXJmeX,U5sMTjvDUX2u2ZhjQtaX,clement.cazalot@techstars.com,Clement Cazalot,,,,,,,"Managing Director, Boston",,,,Techstars,,,,,,https://www.linkedin.com/in/cazalot/,
1EFQvVs5OVAilHMI1oWU,n6gdX9dAR7u9T8GKfkEl,john.wilke@okta.com,John Wilke,,,,,,,"Senior Manager, Product Marketing",,,,"Okta, Inc.",,,,,,https://www.linkedin.com/in/johnmwilke/,
2S7pKHU9xTOoWkTL9tkC,gcFTCHJO7sT7D14CibFo,mignor@miovision.com,Matt,,,,,,,"Senior Director, Hardware Development & Manufacturing",,,,Miovision,,,,,,https://www.linkedin.com/in/mattignor/,
36Zjk38mM1KHCz5UUKp8,COm8QAc6Wg7MkAV6JQk1,jessie.wusthoff@cloverhealth.com,Jessie Wusthoff,,,,,,,,,,,,,,,,,https://www.linkedin.com/in/jwusthoff/,
48Hqda2XcItavzJ3C2ZF,ih3lPWN3UlOqSGIuWsFk,travis@guildeducation.com,Travis,,,,,,,Senior Manager of Student Operations,,,,Guild Education,,,,,,https://www.linkedin.com/in/travis-barton-4a519a103/,
4IZoIM5Bee8CedLnwADp,8k1smJOmG9x7OfG3qz9s,brandon.chu@shopify.com,Brandon Chu,,,,,,,VP Product & GM of Platform,,,,Shopify,,,,,,https://www.linkedin.com/in/brandonmchu/,
4S76KeAqj19jOVrDjuXL,vlQnMCCfaX3la4UyxPAy,bzhou@hashtagpaid.com,Brenda Zhou,,,,,,,Social Media Specialist,,,,Hudson's Bay Company,,TRUE,,,,https://www.linkedin.com/in/zhoubrenda/,
4SMGTyH0Fqj9zq2pOKMW,FYmW3o6ZhwU72EOiAScM,mike@ada.support,Mike Murchison,,,,,,,Co-Founder & CEO,,,,Ada Support Inc.,,,,,,https://www.linkedin.com/in/mikemurchison/?originalSubdomain=ca,
4UU8Jt26gEa2OyW0EGTn,d5RUu9qmBOsaK4GPrmxa,achung@miovision.com,Adrian,,,,,,,Location Specialist,,,,PiinPoint,,TRUE,,,,https://www.linkedin.com/in/adrian-polidoro/,
543tunlz8CKYlx3TFgmV,Tx1wxlk13sJACFjH8adi,paul@zoom.ai,Paul,,,,,,,Corporate Information Technology Manager,,,,ZoomInfo,,,,,,https://www.linkedin.com/in/paulfrancessimpson/,
5PVE1hxmHrIFVkLMXOvF,b210FCGvH7vYfw6uQROA,uzoma@sweetiq.com,Uzoma,,,,,,,Senior Support Specialist,,,,SweetIQ,,,,,,https://www.linkedin.com/in/uzomaezeyi/,
6wwjWmmpvV8q3l4j6FD5,c5qH43dpJze9bK3LHpVH,ray.newal@techstars.com,Ray Newal,,,,,,,"Managing Director, India",,,,Techstars,,,,,,https://www.linkedin.com/in/newal/,
7cJMplqkQBwxCa1tiatc,ZM7U1mlsMjPTRgHkAXYF,ratabani@wealthsimple.com,Rania,,,,,,,Talent Coordinator,,,,Wealthsimple,,,,,,https://www.linkedin.com/in/raniaeatabani/,
8AiVjmOLuqlnbU5OKY9N,xJq5bvYx9pwAbgqrpG5J,larry@claritystaffing.com,Larry Mahl,,,,,,,"Senior Manager, Talent Acquisition and Activation",,,,Lincoln Center for the Performing Arts,,TRUE,,,,https://www.linkedin.com/in/larry-mahl/,
8dEnvuUiE904QA5SwK1z,cYiYFteyKs0nME3DN7oa,adrienne.barnard@asics.com,Adrienne Barnard,,,,,,,,,,,,,,,,,https://www.linkedin.com/in/adrienne-barnard-a82aab1/,
9dCN6zEMpZ2BwP8jJmJi,ZD15RRM8ZwKl5P6d66fa,matthew.dipierro@asics.com,Matthew DiPierro,,,,,,,Associate Product Manager,,,,ASICS Digital (formerly Runkeeper),,,,,,https://www.linkedin.com/in/matthew-dipierro-a8753594/,
9gpUtpB2cAsxmUzk78MF,M4oOGA2WiBpe2J6neALL,ellen.dunne@shopify.com,Ellen Dunne,,,,,,,Product Lead,,,,Shopify,,,,,,https://www.linkedin.com/in/ellendunne/,
9ycwa9lAR8OcflrxrqUE,2h1nK3Px7sSho7tafAXf,anita@crescendowork.com,Anita Chauhan,,,,,,,Head Of Marketing,,,,Crescendo D&I,,TRUE,,,,https://www.linkedin.com/in/anitachauhan/,
A8lvCjV6OpuRoyNsOOMe,9zEuWvywZVBsYkOt7UK3,jiten.bhardwaj@fiixsoftware.com,Jiten Bhardwaj Bhardwaj,,,,,,,Lead Developer,,,,Fiix Software,,,,,,https://www.linkedin.com/in/jiten-bhardwaj-b05372a/,
AmNFrillg7bCuyQASJli,QgeC7YZTgg6J7ihCs2WW,joe@sweetiq.com,Joe,,,,,,,Software Engineer,,,,Planned,,TRUE,,,,https://www.linkedin.com/in/joseph-melanson/,
BOKIC6YeucAp99AH10XN,L4coD1C7YQJDtT0WBmmm,ella@getinkbox.com,Ella,,,,,,,Partnerships Marketing Manager,,,,inkbox - inkbox.com,,,,,,https://www.linkedin.com/in/ellaqi/,
BZChgy8Ity7gqzzNwu5w,VIy3PLURP80AUGf1Iw21,melynnie@surveymonkey.com,Melynnie,,,,,,,,,,,,,,,,,https://www.linkedin.com/in/rizvimelynnie/,
BnNnO5lfrjIJMp6H2opY,RrSaOl1pVp1Vcyg1CXFF,brittany@guildeducation.com,Brittany,,,,,,,"Co-founder & Vice President, Learning at Work",,,,Guild Education,,,,,,https://www.linkedin.com/in/brittany-stich/,
CGWkDLVcFk0CXBD5Oavt,eG9BDSWtTo2tJfrCuMXt,ys.evelyn.chan@gmail.com,Ys Evelyn Chan,,,,,,,HR Generalist,,,,Jam3,,TRUE,,,,https://www.linkedin.com/in/evelyn-chan/?originalSubdomain=ca,
CoRqqTaN2DnoKyPcY0EJ,MVeGTVuSue4JJsSQUrii,lauren@getinkbox.com,Lauren Mercurio-Smith,,,,,,,Culture Manager,,,,Inkbox,,,,,,https://www.linkedin.com/in/laurenmercurio/,
D9iMk1LPCO4lQpkxHNnp,BBQV2LYSQtkm4205MXs2,aiden@getinkbox.com,Aiden,,,,,,,Product Manager,,,,Flashfood,,TRUE,,,,https://www.linkedin.com/in/aidenparker/,
EGCpuzcM5PJDuooKEv1a,3ROZQr4Li02VXbZFnubi,margot@imaginemediaconsulting.com,Margot,,,,,,,Co Founder + COO,,,,Imagine Media Consulting,,,,,,https://www.linkedin.com/in/margot-dukes-57915760/,
EN376FIhvz9Sp7FO8GPx,oQAIDtbCyX2k6kviWsfs,leigh.lepage@ada.support,Leigh LePage,,,,,,,Supervisor of Communications,,,,Children's Aid Society of Toronto,,TRUE,,,,https://www.linkedin.com/in/leighlepage/,
EUGzGi9z04GsSkkwit0d,sqN3euuG22mQlI3KLbIe,michael.steckley@ada.support,Michael Steckley,,,,,,,Mid-Market Account Executive,,,,Slack,,TRUE,,,,https://www.linkedin.com/in/michael-steckley-9686a93a/,
EmFJLIdPwFqgiexIGo0W,Qdytlkx9lB6WPimxzZQc,shan@imaginemediaconsulting.com,Shantel Kriss,,,,,,,Co-Founder,,,,Imagine Media Consulting,,,,,,https://www.linkedin.com/in/shantelkriss/,
FumHZGq4rCcJvIeMthXW,d6NiW1gYwbh9ko6tEc4H,craig@universe.com,Craig Follett,,,,,,,Limited Partner (Investor),,,,Real Ventures,,TRUE,,,,https://www.linkedin.com/in/craigfollett/?originalSubdomain=ca,
G0zxOezEapGeTHyAwCK4,PZeuULNAsuvdW17VYxUa,natalia@sweetiq.com,Natalia,,,,,,,,,,,,,TRUE,,,,https://www.linkedin.com/in/nmartian/,
G53PBbnUkmLOfoNdXRSN,nBepFEskqkyjNTOsipbd,maria.cobian@sweetiq.com,Maria,,,,,,,Platform Operations Manager,,,,SweetIQ,,,,,,https://www.linkedin.com/in/renilda-marie-de-dios-ba067485/,
GAI0KjhlXNUzjwxV7u4C,msHI3hTHT51Vve2mNi48,keith.camhi@techstars.com,Keith Camhi,,,,,,,SVP Accelerators,,,,Techstars,,,,,,https://www.linkedin.com/in/keithcamhi/,
GmL3utNaaRBBWX84E75T,vwwrtIAbNzX1CWLInEuY,saba.karim@techstars.com,Saba Karim,,,,,,,,,,,,,,,,,https://www.linkedin.com/in/sabakarim/,
I4f9PRX46Sl8y4Hp5YcL,siJSRsxcb8qqCfuE8ur6,gillian.jose-riz@ada.support,Gillian Jose Riz,,,,,,,Recruitment & Programs Manager,,,,Ezra,,TRUE,,,,https://www.linkedin.com/in/gillian-jose-riz-09b62589/,
IWOUmu7u00RL0Z5b2X9z,qEsFwO1kPFjDR814dHpd,pmahbub@wealthsimple.com,Priom,,,,,,,Sales Recruiter,,,,Salesforce,,TRUE,,,,https://www.linkedin.com/in/mahbubpriom/,
If28b6o0W7G3AmRucYI2,2uSiHnB9Q42rYVNBtSpl,kyle.white@universe.com,Kyle,,,,,,,Senior Cloud Architect,,,,"Pachyderm, Inc.",,TRUE,,,,https://www.linkedin.com/in/kylegwhite/,
JlBQ3jSEMvkt0LtBkb8e,49KwJzZahYnXgvY9GFac,colleen.mahon@claritystaffing.com,Colleen Mahon,,,,,,,Executive Recruiter,,,,Clarity LLC,,,,,,https://www.linkedin.com/in/colleen-mahon-479597a8/,
L0UO37hWUxVHt7G1RLZb,ZTl2GWwMtiqMt0h7cp1T,megan.levin@asics.com,Megan Levin,,,,,,,Platform Engineer,,,,ASICS Digital (formerly Runkeeper),,,,,,https://www.linkedin.com/in/megan-levin/,
LCRl55n65LSwiJjMwSRK,WTBVLiSp8UzkY68HI9RU,leen@wealthsimple.com,Leen,,,,,,,Chief Financial Officer,,,,Wealthsimple,,,,,,https://www.linkedin.com/in/leenli/,
LH7ACXJyAy3Mw2wVxLA4,vgTIYmWKaJBriqxRSgT6,micah.leinbach@guildeducation.com,Micah Leinbach,,,,,,,Manager of Learning & Development,,,,Guild Education,,,,,,https://www.linkedin.com/in/micah-leinbach-a7959843/,
LNlwF5ImWbMhR9KtVPQP,r8CNNrBf7xQCJJmmvzv1,hassina.touafdit@bell.ca,Hassina Touafdit,,,,,,,,,,,,,,,,,https://www.linkedin.com/in/hassina-touafdit-339580155/,
NW5v4Akzsxz3g7wt2ZEt,31OH5idgtlNeFfXv3RWS,marina.ho@universe.com,Marina Ho,,,,,,,Customer Support Associate,,,,Universe,,,,,,https://www.linkedin.com/in/ohaniram/,
NvYn9ChUroDyl7Lkh8l3,dXbHB1FqtbF3CjRcA86Q,bgold@hashtagpaid.com,Bryan Gold,,,,,,,Co-founder & CEO,,,,#paid,,,,,,https://www.linkedin.com/in/goldbryan/?originalSubdomain=ca,
OBqK2wJatn1yvUrJveRn,3XNcvgQTPHAQWhCAFC1C,vanessa.ribreau@shopify.com,Vanessa Ribreau,,,,,,,VP of Human Resources,,,,AlayaCare,,TRUE,,,,https://www.linkedin.com/in/vanessaribreau/,
PGiutdqEf7MvhwnE5TG8,DBjFlbxF3zULLTLmKv0r,erika@sweetiq.com,,,,,,,,client operation specialist,,,,SweetIQ,,,,,,https://www.linkedin.com/in/erika-marcelo-7a356a55/?originalSubdomain=ca,
PKMFAFJCIM1yUVZ8fzYM,nlxq6zRWhdCu87U3tVnt,dan@storj.io,Dan Sorensen,,,,,,,Head of Public Relations,,,,Storj,,,,,,https://www.linkedin.com/in/sorensenpower/,
PQDup0mV9qycCGRqGZ8p,9yv1B0oayeVVZeNjvEVM,catherine.hughes@shopify.com,Catherine Hughes,,,,,,,,,,,,,,,,,https://www.linkedin.com/in/cathhughes/,
PS4minCrZuJ6Xks3nvtd,rbcSBEcBjQr47tSnHGJ4,jeffrey.obrien@fiixsoftware.com,Jeffrey,,,,,,,VP Customer Success,,,,Fiix Software,,,,,,https://www.linkedin.com/in/jeffcann/,
PTyZ7OnXMChiNKcYjv0p,8Ulv42OlGSH9cgvSfryB,gregg.cochran@techstars.com,Gregg Cochran,,,,,,,Network Catalyst - Americas,,,,Techstars,,,,,,https://www.linkedin.com/in/greggcochran/,
Pz22l9hUYozsHBMwh0vY,NSvk1a3q4vkONNh7Ts3h,eakaoka@wealthsimple.com,Eric Akaoka,,,,,,,Senior Product Designer,,,,Wealthsimple,,,,,,https://www.linkedin.com/in/akaoka/,
Qi9bLRcrabq95XNTSSDR,oaznNxSu4EJEvkY4hoHD,rebecca.qu@ada.support,Rebecca Qu,,,,,,,,,,,,,TRUE,,,,https://www.linkedin.com/in/rebeccaqu/?originalSubdomain=ca,
Rfn1jBND6Cri4cznLSL4,kx71EiygrPRC5rUGKSvm,kristen.singh@universe.com,Kristen Singh,,,,,,,Senior Product Designer,,,,Humi,,TRUE,,,,https://www.linkedin.com/in/kristen-singh-2947ab106/?originalSubdomain=ca,
S2oWZHPljWjp75TlcLwB,o2nnu9lKCEVeb8N6r52d,barb@shareowner.com,Barb Allen,,,,,,,Registered Representative,,,,"ShareOwner, brokerage for WealthSimple",,,,,,https://www.linkedin.com/in/barb-allen-07025822/,
T5BpNPnpEABiHrqNvqWY,AGEdMYBmiNWFHXUfhHmh,andy.saavedra@guildeducation.com,Andy Saavedra,,,,,,,Associate IT Help Desk Manager,,,,Guild Education,,,,,,https://www.linkedin.com/in/aesaaved/,
T978mi2nWro0U8LbtU0R,Mr5PTc1lthru97iQO15u,flores@actblue.com,Melissa Flores,,,,,,,Associate General Counsel,,,,ActBlue,,,,,,https://www.linkedin.com/in/melissakflores/,
TV5GRtd5upRi1IV5L0dn,INFubKYZcqCD8PpAdGjg,audrey.hoffman-lekmine@okta.com,Audrey Hoffman Lekmine,,,,,,,"Manager, Internal Communications",,,,"Okta, Inc.",,,,,,https://www.linkedin.com/in/audrey-hoffman-lekmine-751a6839/,
TbmLz9RTuAKCvnpU24c7,z7TpNoD0Bp78iA20fv5Z,jocelyn@storj.io,Jocelyn,,,,,,,,,,,,,,,,,https://www.linkedin.com/in/jocelyn-z-matthews/,
U4D6YuGTwqk0hwXj38tu,eJb0Y3P9mS8cxuDooxq0,brian.vachon@bell.ca,Brian Vachon,,,,,,,"Senior Manager - Technology & Architecture, 5G",,,,Bell,,,,,,https://www.linkedin.com/in/brian-vachon-864bb796/,
UQWBSpkZ6zylmfzbzr9U,tfmsxTZqJT22BlLjdu3Z,sam.kennedy@guildeducation.com,Sam Kennedy,,,,,,,Student Success Coach - Team Lead,,,,Guild Education,,,,,,https://www.linkedin.com/in/sam-lacovara-kennedy/,
UW9GjVsXz6IyrdblmGAk,z3pSjXwR5EbX2kFDhAem,tariq.haddadin@techstars.com,Tariq Haddadin,,,,,,,Program Director,,,,Techstars,,,,,,https://www.linkedin.com/in/tariqhaddadin/,
UfkXhQOe3t2ZbyexBLD4,3DiYuFqA2vuux4PWW8q9,courtney.landers@asics.com,Courtney Landers,,,,,,,Consumer Engagement Project Manager,,,,ASICS Digital,,,,,,https://www.linkedin.com/in/courtneyclanders/,
UvahAkvaMrhohbjU4Elo,5LKTkU8OrQBipnPZ6zEj,denitsa.yordanova@asics.com,Denitsa Yordanova,,,,,,,"Sr. Manager, Loyalty Marketing",,,,ASICS Digital (formerly Runkeeper),,,,,,https://www.linkedin.com/in/denitsayordanova/,
VRX0Sk8eC0nxyqXCforJ,jSiHjYq9xplfD3V6pnls,laura.kennedy@techstars.com,Laura Kennedy,,,,,,,,,,,,,,,,,https://www.linkedin.com/in/laurakennedy/,
W64686S5C5CVfXERWk4m,PjKmWDb7oST3py7aM9Pq,hhomesuniacke@miovision.com,Holly,,,,,,,"Manager, Employee Experience",,,,Miovision,,,,,,https://www.linkedin.com/in/holly-holmes-uniacke/,
WDbOPopgPlRQvj2pTtJ3,vDAO36iBZFFVSapmyY4E,marcel.paris@fiixsoftware.com,Marcel Paris,,,,,,,Customer Success Coach,,,,Sensei Labs,,TRUE,,,,https://www.linkedin.com/in/marcelparis/?originalSubdomain=ca,
WUv5tgIOwlNz1LfF2KKT,CKsrC4gLKUGNqj5oNPiP,jake.uskoski@fiixsoftware.com,Jake Uskoski,,,,,,,Software Developer,,,,Fiix Software,,,,,,https://www.linkedin.com/in/jakeuskoski/,
Wes1u6wNeJeV73rQl3Ne,YPaXcA9XcvVHs175QAYz,josh.kelly@uniiverse.com,Josh Kelly,,,,,,,,,,,,,TRUE,,,,https://www.linkedin.com/in/joshua-kelly-444b03150/?originalSubdomain=ca,
XIYXtjc1rdF0QFavjp7F,1UafZ00F3u2vT4w2eRVU,cornell.woodson@looker.com,Cornell Woodson,,,,,,,Diversity Business Partner,,,,Google,,TRUE,,,,https://www.linkedin.com/in/cornellw/,
XQzV3toTLli1Jz0m3hnw,TOL8glgoKAeTYtg6tv8N,jen@getinkbox.com,Jen,,,,,,,Head Of People and Culture,,,,Inkbox,,,,,,https://www.linkedin.com/in/jennifer-babic-b56aa623/,
Xc8x39rugX7fzgbuf5kk,C1A8C27vhrdOXdMn45C9,komal@zoom.ai,Komal,,,,,,,,,,,,,,,,,https://www.linkedin.com/in/komalsalvi/,
Xk25WskJb4Z8iLxPpuGs,lIqJZCJ7KfiIiabxoRai,kate.drane@techstars.com,Kate,,,,,,,Senior Network Engagement Manager,,,,Techstars,,,,,,https://www.linkedin.com/in/katedrane,
ZjMSixzw1vXQLyihXddn,2RzKIHr6a9ZIHiSsZ4Pf,elijah@collage.co,Elijah Moore,,,,,,,Cofounder & CEO,,,,Collage HR,,,,,,https://www.linkedin.com/in/elijahmoore/?originalSubdomain=ca,
ZshB8KtybVi8mPH5X1RL,gvoy86nE0nsRvnvPXiKx,irfan.ebrahim@universe.com,Irfan,,,,,,,Director of Product Management,,,,Killi,,TRUE,,,,https://www.linkedin.com/in/irfane/?originalSubdomain=ca,
aQ6UF0UHdohHIwsVdmMl,trx6G0M0MQtLGPorNCjh,joanne.swanson@techstars.com,Joanne Swanson,,,,,,,,,,,,,,,,,https://www.linkedin.com/in/joanne-swanson/,
apX22pY19Abs4tajurY6,qxrRguSivCZPTvfvP9fQ,gward@wealthsimple.com,Gregory Ward,,,,,,,Senior Software Engineer,,,,HiMama,,TRUE,,,,https://www.linkedin.com/in/grward/,
apxei6Ki8h10oDFzHNAI,GhuwsWmRmQyZOn8rIGnS,alexander.keat@techstars.com,Alexander,,,,,,,"Product Manager, Techstars Accelerator Programs",,,,Techstars,,,,,,https://www.linkedin.com/in/alexander-keat-502a8454/,
b6WvWORkMUfbDUehEKVT,hZJsCPSkyS5BJNeWUHf1,andrea.perdomo@techstars.com,Andrea Perdomo,,,,,,,Senior Project Manager,,,,Techstars,,,,,,https://www.linkedin.com/in/andreaperdomo/,
bTjuBDB8ILDDzFPikOiW,B7AuZ72ze40se2AIocXQ,sarah.saska@feminuity.org,Dr. Sarah Saska,,,,,,,Co-Founder & CEO,,,,Feminuity,,,,,,https://www.linkedin.com/in/drsarahsaska/?originalSubdomain=ca,
cdBIl7g09VO80Fdr86Yz,jIR8LCfzRlOvKz2eEDfo,james.binckly@fiixsoftware.com,James Binckly,,,,,,,"Manager, Client Services",,,,Moveable Online,,,,,,https://www.linkedin.com/in/jbinckly/,
cmb3puBPIarCPO4cL6sM,9RIEeTyYakdQzYlg0eLP,samer@layla.care,Samer,,,,,,,Founder,,,,Layla,,,,,,https://www.linkedin.com/in/samer-abughannam/?originalSubdomain=ca,
dkvhx6SFEm0YLDZuObXQ,6kX4TkF8khZHbGvkmT0n,nicole.zuckerman@cloverhealth.com,Nicole Zuckerman,,,,,,,Software Engineer,,,,Syndio Solutions,,TRUE,,,,https://www.linkedin.com/in/nicole-zuckerman-8811304/,
dpPlQorpM1Y8OCgNyFJa,F2K65ZoxiAAE0t0W2Tp7,estherc@surveymonkey.com,Esther Cuevas,,,,,,,Localization Program Manager,,,,SurveyMonkey,,,,,,https://www.linkedin.com/in/estherperezcuevas/,
e0RbeBgMjfIwgWtEO5KZ,XNiDqL2M7snZEocMwvlS,anicia@looker.com,,,,,,,,Solutions Architect,,,,Welkin Health,,TRUE,,,,https://www.linkedin.com/in/aniciasantos/,
ecBpfza32UzuRZ05MSkY,AFNDFRs9lVg77D84yHXy,rebeccac@surveymonkey.com,Rebecca Cantieri,,,,,,,,,,,,,,,,,https://www.linkedin.com/in/rebecca-cantieri-85654a/,
fKUYbC11L1J2x29LDaXj,x8bJntoJ3rfiBUTAQswJ,fabilmouna@sweetiq.com,Faten,,,,,,,Customer Success Manager,,,,SweetIQ,,,,,,https://www.linkedin.com/in/faten-abilmouna-8197b12a/,
fQ3bJzsFwUOdR2YorNOw,4dq5iA1xarV7RZ5jp6Ko,abha.gallewale@asics.com,Abha Gallewale,,,,,,,"Manager, Global Social Strategy",,,,ASICS Corporation,,,,,,https://www.linkedin.com/in/abhagallewale/,
g8ZREoLqelKOvQ6gyFPr,QqRdHCrJ04ktbqy2H4xZ,alexander.dean@fiixsoftware.com,Alexander Dean,,,,,,,Enterprise Business Development Representative,,,,Fiix Software,,,,,,https://www.linkedin.com/in/alexander-dean-a8b232175/,
gGGuwMiGjUMrgmLgYBnV,aKvpHzzPBFKVNSNsV9mS,adriel.arsenault@universe.com,Adriel Arsenault,,,,,,,,,,,,,,,,,https://www.linkedin.com/in/adrielarsenault/,
gvCGIBlWYFraSUaOsFtm,HsTfbcjsnGRU7lbqXfWR,sonam@wealthsimple.com,Sonam Ringpa,,,,,,,Office Operations Manager,,,,Wealthsimple,,,,,,https://www.linkedin.com/in/sonampringpa/,
gzspgaooUWL5qtuUWw8W,rRI1AGuHC5jUcvyFe1td,shivaas@remitly.com,Shivaas Gulati,,,,,,,"Software Development Manager, Customer Service & Risk Product",,,,Remitly,,TRUE,,,,https://www.linkedin.com/in/shivaas/,
hT0pKa31LHeHSJMUaYUz,KQniibxFpKDZAyxYwMA6,sara.sonnen@techstars.com,Sara Sonnen,,,,,,,"Senior Marketing Manager, Demand Generation",,,,Techstars,,,,,,https://www.linkedin.com/in/sara-sonnen-65130043/,
ibDUOPSGjqflXXgWerqe,HEqlYbNQ9OeCNTpqgAfT,ashley.meunier@asics.com,Ashley Meunier,,,,,,,"Senior Program Manager, eCommerce",,,,ASICS Digital (formerly Runkeeper),,,,,,https://www.linkedin.com/in/ashleyannmeunier/,
idFnEsnplucW7yQ8nC7S,9fbMcF1fg0AbJpfYsKzu,kerri.walsh@asics.com,Kerri Walsh,,,,,,,Director of Business Development,,,,ASICS Digital (formerly Runkeeper),,,,,,https://www.linkedin.com/in/kerri-walsh-960a323/,
jAZyzmZVvRhxEbzngRCN,chXGt3xEb8yrgVoFU02z,saul.jacobowitz@asics.com,Saul Jacobowitz,,,,,,,QA Manager,,,,ASICS Digital (formerly Runkeeper),,,,,,https://www.linkedin.com/in/saul-jacobowitz-02a481ab/,
mzueVjRVxeKm5k4Th7LL,yohebl9LfgFPe71orGca,emacdonald@twg.io,Erica MacDonald,,,,,,,Senior Recruiter,,,,TWG,,,,,,https://www.linkedin.com/in/erica-macdonald-36832b34/,
nFuAmn599ARsp4ohIXaq,BWyGpgYYu3WRApykA1Wb,lvineberg@wealthsimple.com,Lianne,,,,,,,"Founder | Director, Talent & Recruitment",,,,Talent in the 6ix,,TRUE,,,,https://www.linkedin.com/in/vineberg/,
nfB7NlXd8MSUGAVrssuB,YJcK5ULzUcz7YPP5kUhI,walter.mannino@techstars.com,Walter Mannino,,,,,,,,,,,,,,,,,https://www.linkedin.com/in/walter-mannino-91880741/,
nhO1NlyuFnFPrbongEd8,pHzvAplIiaZ8ukh96chc,travis.wingate@fiixsoftware.com,Travis Wingate,,,,,,,"Senior Director, Growth Marketing",,,,Fiix Software,,,,,,https://www.linkedin.com/in/travis-wingate-5b3a2433/,
oZKHRYb3jdlPPFdCoSE1,NWewOwGZAD4wo52g9wzD,anieli.ruiz@universe.com,Anieli Ruiz,,,,,,,Customer Success Manager,,,,Universe,,,,,,https://www.linkedin.com/in/anieli/,
ocq6hsf669R33fOML1OH,XEYcBamb3nLBU9wyxDh4,joanna@sweetiq.com,Joanna,,,,,,,Delivery Director,,,,SweetIQ,,,,,,https://www.linkedin.com/in/joannacaballero/,
omu8vX1OpiKf632S6n6s,ws3pKYZyVax1TsBPxj7K,bruno.morency@techstars.com,Bruno Morency,,,,,,,Managing Director,,,,Techstars,,,,,,https://www.linkedin.com/in/brunomorency/?originalSubdomain=ca,
op4zmPRhRDTGR77yVarf,dtjhDGJ5dWxCJdEEPLoL,apatel@twg.io,Alisha Patel,,,,,,,Senior Vice President Human Resources and Finance,,,,TWG,,,,,,https://www.linkedin.com/in/alishapatel/,
oqbbow94uAD7GosJK6po,ipYHVCMBICmjkBBQrAPS,katie.allen@fiixsoftware.com,Katie Allen,,,,,,,Sustainability & Social Impact,,,,Fiix Software,,,,,,https://www.linkedin.com/in/allen-katie/,
pNVhNApcDrjiZTSXKln1,5zoT3te7I2PrKYn561Z9,adrian@ada.support,Adrian,,,,,,,"Director, Growth Marketing",,,,Ada,,,,,,https://www.linkedin.com/in/adrian-caulcutt-61820431/,
q9ZufmLP00rKQrRatJ1M,Ve2JBhwCw8XojiQ50MAR,judson.dunawaybarlow@asics.com,Judson Dunaway-Barlow,,,,,,,Junior Site Reliability Engineer,,,,ASICS Digital (formerly Runkeeper),,,,,,https://www.linkedin.com/in/judson-dunaway-barlow-a27439a0/,
qvT1JTUYhWeR4ciJfiz7,YSB08752UDVuzaVKwyza,chana.schulman@cloverhealth.com,Chana Schulman,,,,,,,Principal Cybersecurity Consultant,,,,Revolutionary Security (revsec.com),,TRUE,,,,https://www.linkedin.com/in/chanaschulman/,
rsTNsfnWAnKqq28mJZ2o,sj31jjw4jLO4g2L8XOsF,christian@wealthsimple.com,Chris Baran,,,,,,,Engineering Manager,,,,Wealthsimple,,,,,,https://www.linkedin.com/in/christian-baran-641683135/?originalSubdomain=ca,
tB8ntaEWkpgLWw1z1aQO,8h2Mcpq2YQfKaa7z90WJ,josh.lipinski@asics.com,Joshua Lipinski,,,,,,,Engineering Manager,,,,ASICS Digital (formerly Runkeeper),,,,,,https://www.linkedin.com/in/joshua-lipinski/,
tbnn0koFRztXJpF6jU04,kt17CAkK4L7ALy65xKQ1,morgan.berman@techstars.com,Morgan,,,,,,,"Senior Director of Growth, Americas",,,,Techstars,,,,,,https://www.linkedin.com/in/morgan-berman-abb77b2/,
uMAkD0RTA7JYqTj6bB7D,CmTcf6H0bk3NHDCJ1pkD,rnalder@surveymonkey.com,Rebecca Nalder,,,,,,,"Impact, Inclusion and Engagement Manager",,,,SurveyMonkey,,,,,,https://www.linkedin.com/in/rebeccanalder/,
uWGxW2O8ijKiJRBPaNHH,vyRs6x8YD7v7yW26Jb5e,dean.delpeache@fiixsoftware.com,Dean Delpeache,,,,,,,"Senior Manager, Talent Acquisition",,,,Fiix Software,,,,,,https://www.linkedin.com/in/deandelpeache/?trk=pub-pbmap&originalSubdomain=ca,
uYy018QydNrfYx5hytvz,g5EA4PBisRhkDWC0B48h,masika.mahabir@fiixsoftware.com,Masika,,,,,,,,,,,,,,,,,https://www.linkedin.com/in/masikamahabir/,
ulOec0tBGXfoDeSz0TDJ,23W8TgtRCsqjcaXhgD0k,schakraburtty@miovision.com,Saibal,,,,,,,,,,,,,TRUE,,,,https://www.linkedin.com/in/saibal-chakraburtty-1a5ba62/,
usnqX7csjG33zVX3r4NY,vP6UID65sFCPRR8L7YqB,lauren.goglick@techstars.com,Lauren Goglick,,,,,,,Director of Partnerships,,,,Techstars,,,,,,https://www.linkedin.com/in/lauren-goglick-b5180218/,
vitVMLXutPX4FXj7OFbR,vPlH0Ma0E5eCNxTlGrA9,stefan.clarke@intelex.com,Stefan Clarke,,,,,,,"Sales Operations Specialist, Revenue Operations",,,,Intelex Technologies,,,,,,https://www.linkedin.com/in/stefanaclarke/,
whiTWKgyJHJcHReBMJMh,IfqOp1v4Zz1cd8F2HEcT,jason.thompson@techstars.com,Jason Thompson,,,,,,,"Vice President, Diversity and Inclusion",,,,Western Governors University,,TRUE,,,,https://www.linkedin.com/in/thompso4/,
wkwg9g2uoMSarvKCXOSi,2SbrNRIGKpQwuShgmjtw,matas@zoom.ai,Matas,,,,,,,Product Manager,,,,ecobee,,TRUE,,,,https://www.linkedin.com/in/msriubiskis/,
wq6pQ8I4PcIWUdB64gQ4,o5JWRAmfJnujOGKt41QG,karen.blakey@nexj.com,Karen Blakey,,,,,,,"Director, Human Resources",,,,NexJ Systems,,,,,,https://www.linkedin.com/in/karenblakey/?originalSubdomain=ca,
wznuimiiNyJwoI1CnD8O,0A1nbB6oOPY2VEJDMk4D,shavonne@shopify.com,Shavonne Hasfal-McIntosh,,,,,,,Diversity & Belonging Lead,,,,Shopify,,,,,,https://www.linkedin.com/in/shavonne-hasfal-mcintosh-28a70046/?originalSubdomain=caa,
xouLbLwT0htIlTxelF9K,uDDDONkAsVks7HmB8xJs,david.patterson@universe.com,DJ,,,,,,,"Lead Engineer, Payments",,,,Universe,,,,,,https://www.linkedin.com/in/davidpatters0n/?originalSubdomain=ca,
yHZMvt18x2B1GAnOYU3V,A6TM3wnhgLyW74oFsjLm,hakar@sweetiq.com,Hakar,,,,,,,Product Manager,,,,Unito,,TRUE,,,,https://www.linkedin.com/in/hakar-sheikh-a6548571/,
yNcDjGKW1TusIaQUjHn9,OKM3dcaqbeIetXRrgTeX,eric.casteleijn@cloverhealth.com,Eric Casteleijn,,,,,,,Software Engineer,,,,Clover Health,,,,,,https://www.linkedin.com/in/eric-casteleijn/,
yXBQDruXePth63WNowvO,IWTIGIwdI1S6sMgfe2RO,cody@techstars.com,Cody,,,,,,,Senior Vice President,,,,Techstars,,,,,,https://www.linkedin.com/in/codysimms/,
yrwbiHwL11escaO8WWAI,JkBJ9TgTzraMen2JaKaC,josh.ashton@trineo.co.nz,Josh Ashton,,,,,,,Chief People Officer,,,,Trineo Ltd,,,,,,https://www.linkedin.com/in/joshashton/,
zoMycWHZeB6pc0tumY5C,39zDwHRu5vMj2T4KBrLc,zj@brightandearly.ca,Zj,,,,,,,Senior Consultant,,,,Bright + Early,,,,,,https://www.linkedin.com/in/zjhadley/,
