Name,firstName,last name,Title,Company,Email,LinkedIn URL,jobChanged
,,,,Ares Tool,colin@arestool.com,https://www.linkedin.com/in/colin-dootson-a5296a183/,
,,,,New Balance,cheryl.burke@newbalance.com,,
,,,,Radio Systems Corporation,sdoucette@petsafe.net,https://www.linkedin.com/in/stephendoucette/,
,,,,Abbott,lindsay.white@abbott.com,https://www.linkedin.com/in/lindsay-white-7bb87418/,
,,,,Nestle Prepared Foods Co,jameel.pierre@us.nestle.com,https://www.linkedin.com/in/jameelpierre/,
,,,,Henkel AG,jeff.giacchetti@henkel.com,https://www.linkedin.com/in/jeffgiacchetti/,
,,,,Art of Sport,katie@artofsport.com,https://www.linkedin.com/in/katiekay5,
,,,,Campbell Soup,karimah_knowles@campbellsoup.com,https://www.linkedin.com/in/karimahoni/,
,,,,Pac4,apalmer@pac4.com,https://www.linkedin.com/in/andy-palmer-6633ba33/,
,,,,iRobot Corporation,ebonsang@irobot.com,https://www.linkedin.com/in/erin-bonsang-4739262/,
,,,,HP,jason.reeder@hp.com,https://www.linkedin.com/in/reederjason/,
,,,,VF Corporation,sean_barry@vfc.com,https://www.linkedin.com/in/sean-barry-60060615/,
,,,,L'Oreal,bchilds@kiehls-usa.com,https://www.linkedin.com/in/bradchilds/,
,,,,"Caleres, Inc.",mtimofeyev@caleres.com,https://www.linkedin.com/in/marina-timofeyev-45126012/,
,,,,BIC,shiva.devarinti@bicworld.com,https://www.linkedin.com/in/shivadevarinti/,
,,,,Ares Tool,mark@arestool.com,,
,,,,Cyber Communication Inc,ai.kurita@cci.co.jp,,
,,,,"Caleres, Inc.",nshatro@caleres.com,https://www.linkedin.com/in/natalieshatro/,
,,,,Orca Pacific,kashifz@orcapacific.net,https://www.linkedin.com/in/kashifrzafar/,
,,,,Reckitt Benckiser,zachary.pieper@rb.com,,
,,,,Franklin Sports,adam@franklinsports.com,https://www.linkedin.com/in/adam-franklin,
,,,,iRobot Corporation,btrickey@irobot.com,https://www.linkedin.com/in/brendantrickey/,
,,,,Unilever PLC,eric.lucari@unilever.com,https://www.linkedin.com/in/eric-lucari-74a87b58/,
,,,,HP,david.melody@hp.com,https://www.linkedin.com/in/david-melody-a241ba12/,
,,,,Libbey Inc,amarti05@libbey.com,,
,,,,Marketplace Strategy,curtis@marketplacestrategy.com,https://www.linkedin.com/in/curtisrummel,
,,,,Mattel,mary.carson@mattel.com,,
,,,,BIC,nicole.zacarelli@bicworld.com,https://www.linkedin.com/in/nicolezacarelli/,
,,,,BIC,olivia.arnold@bicworld.com,,
,,,,BIC,ellise.uyema@bicworld.com,,
,,,,Weiman Products LLC,ldeer@weiman.com,https://www.linkedin.com/in/logan-deer-92887739,
,,,,Samsung Corp,t.loeffel@sea.samsung.com,https://www.linkedin.com/in/timothyloeffeljr/,TRUE
,,,,VF Corporation,cassandra_anderson@vfc.com,,
,,,,HP,todd.walsh1@hp.com,https://www.linkedin.com/in/todd-walsh-2997b519/,
,,,,"Hasbro, Inc.",jeff.jackson@hasbro.com,https://www.linkedin.com/in/jeff-jackson-015b0a26/,
,,,,iRobot Corporation,jsutherland@irobot.com,https://www.linkedin.com/in/johngsutherland/,
,,,,Seagate Technology,alex.g.zhu@seagate.com,https://www.linkedin.com/in/alex-zhu-3b655461/,TRUE
,,,,iRobot Corporation,mcaruso@irobot.com,https://www.linkedin.com/in/maryellen-caruso-4b17a056/,
,,,,Recommercebrands.com,mike@recommercebrands.com,,
,,,,Wild Planet Foods,joseph@wildplanetfoods.com,https://www.linkedin.com/in/josephtaylorthomas,
,,,,L'Oreal,derose@us.loreal.com,https://www.linkedin.com/in/danelleerose/,TRUE
,,,,Keurig-Dr Pepper,rob.aughe@gmcr.com,https://www.linkedin.com/in/rob-aughe-92162720/,TRUE
,,,,Hills Point Industries,jennifer@hillspointindustries.com,,
,,,,Gatwick Games,spencer.beeston89@gmail.com,,
,,,,Procter and Gamble,malin.s@pg.com,https://www.linkedin.com/in/sydneymalin/,
,,,,HP,val_gabriel@hp.com,https://www.linkedin.com/in/briandelval/?originalSubdomain=sg,
,,,,Procter and Gamble,hicks.la@pg.com,https://www.linkedin.com/in/lauren-hicks-98b78110/,
,,,,Red Bull,justin.odom@redbull.com,https://www.linkedin.com/in/jodom/,
,,,,HP,tabitha.plummer@hp.com,https://www.linkedin.com/in/tabitha-plummer/,
,,,,Recommercebrands.com,david@recommercebrands.com,https://www.linkedin.com/in/davidkellysfla/,
,,,,Radio Systems Corporation,dsamples@petsafe.net,,
,,,,Makita USA,shicks@makitausa.com,https://www.linkedin.com/in/shawn-hicks-6bb66584/,
,,,,Booyah Advertising,athompson@booyahadvertising.com,https://www.linkedin.com/in/andy-thompson-15609a32/,
,,,,Vi-Jon,gscalet@vijon.com,https://www.linkedin.com/in/gracescalet/,TRUE
,,,,Washington Shoe Company,mmaring@westernchief.com,https://www.linkedin.com/in/matt-maring-8153ab8/,
