FullName,CRM_FIRST_NAME,CRM_LAST_NAME,title,account,CRM_EMAIL,LinkedInURL
Hayden bEan,Hayden,bEan,,,hayden_bean@hotmail.com,
Jencarl Mitchell,Jencarl,Mitchell,,,Jmitchell97@yahoo.com,
 ,,,,,lakegeorgecabin@gmail.com,
Roosevelt Hamilton III,Roosevelt,Hamilton III,,,Sellftwfast@gmail.com,
Debby Brown Corwin,Debby,Brown Corwin,,,Mdcproperties@cox.net,
Ally Ari,Ally,Ari,,,Ally292a@gmail.com,
 ,,,,,mary.mock@gmail.com,
Rose Colas,Rose,Colas,,,rosa9610@gmail.com,
Moziko Wind,Moziko,Wind,,,windmoziko@gmail.com,
Lateefah Neal,Lateefah,Neal,,,LaNeal75@yahoo.com,
Suite Homes Chicago ,Suite Homes Chicago,,,,zafarmawani@icloud.com,
Derek Lamarr,Derek,Lamarr,,,derek.lamarr@gmail.com,
 ,,,,,kortstokk@gmail.com,
Thomas Hickman,Thomas,Hickman,,,atpndr@gmail.com,
Stacey Wikar,Stacey,Wikar,,,CapeCodrental@hotmail.com,
Sherrie Anne,Sherrie,Anne,,,bluemoon030@msn.com,
 ,,,,,sarahwingfield@telus.net,
Elvy Gnecco,Elvy,Gnecco,,,Estrel8@gmail.com,
 ,,,,,events@wolfconnection.org,
 ,,,,,anuj@tryglimpse.com,
 ,,,,,lindasmith1919@gmail.com,
shanda Maloney,shanda,Maloney,,,shanda619@gmail.com,
 ,,,,,fakeneail@hshsh.com,
Kimberley Parker`,Kimberley,Parker`,,,KRParkerProperties@gmail.com,
Anthony Hinojos,Anthony,Hinojos,,,hinojos0311@netzero.com,
Shelley Fitzwater Dawson,Shelley,Fitzwater Dawson,,,Shelley@shelleydawson.com,
 ,,,,,mabosquez@gmail.com,
Rene Nelson,Rene,Nelson,,,Lifesavernelson@gmail.com,
 ,,,,,ndrier@gmail.com,
 ,,,,,madsenestates@gmail.com,
Laura OKoh,Laura,OKoh,,,laura.okoh@gmail.com,
Kam Bosa,Kam,Bosa,,,Kblegacies@gmail.com,
Mohsin Salahuddin,Mohsin,Salahuddin,,,Mohsins84@gmail.com,
Merris Delane,Merris,Delane,,,Merrisdelane@gmail.com,
 ,,,,,joyceswenson@gmail.com,
Gary Schiff,Gary,Schiff,,,garyschiffmpls@gmail.com,
Robert Turner,Robert,Turner,,,Morespacere@gmail.com,
Cathy Wong,Cathy,Wong,,,Cathywong88@gmail.com,
Paul Jude,Paul,Jude,,,PJBoetig@yahoo.com,
Jennifer Pandolfo Aquino,Jennifer,Pandolfo Aquino,,,pandolfojennifer@gmail.com,
M'Lou Mashburn ,M'Lou Mashburn,,,,Skip2mlou62@gmail.comv,
 ,,,,,theatlasandco@gmail.com,
Janice Watkins,Janice,Watkins,,,janfayw0304@gmail.com,
 ,,,,,akaru@littlix.com,
Mariana RAmirez,Mariana,RAmirez,,,marianaramirez71@gmail.com,
 ,,,,,elizabeth@e3globaldata.com,
Leaping Fawn Lodge ,Leaping Fawn Lodge,,,,leapingfawnlodge@gmail.com,
Nechama Spielberg,Nechama,Spielberg,,,Nickyspielberg@gmail.com,
Melanie Merritt,Melanie,Merritt,,,melanie@rentinmyrtle.com,
Kimberly Hughes,Kimberly,Hughes,,,ckhughes94@yahoo.com,
Leigha SHarp,Leigha,SHarp,,,jwillsharp@msn.com,
 ,,,,,jp@mit.edu,
Katherine Meader,Katherine,Meader,,,Kdgscooter@aol.com,
Heather VanDeburgh,Heather,VanDeburgh,,,Heather.vandeburgh@hotmail.com,
Shaquan Cashaw,Shaquan,Cashaw,,,shaquanpratt55@gmail.com,
Brenda Hirsch Phipps,Brenda,Hirsch Phipps,,,bphipps@gmail.com,
Eileen O'Connor,Eileen,O'Connor,,,eileenruml@gmail.com,
 ,,,,,vikramaditya91@gmail.com,
 ,,,,,howehomestays@gmail.com,
Lisa Jordan Rockwell,Lisa,Jordan Rockwell,,,Lisascottrockwell@gmail.vom,
 ,,,,,bstudent2015@gmail.com,
 ,,,,,markvilay@hotmail.com,
 ,,,,,dani.noah@gmail.com,
 Best Los Angeles rentals for travel nurses,,Best Los Angeles rentals for travel nurses,,,Airbnbguestunit@gmail.com,
Rich Williams,Rich,Williams,,,hansmoleman1@mac.com,
 ,,,,,Gavinhuskey@gmail.com,
 ,,,,,steve@franksvacationhomes.com,
Natalie Rauch Kelly,Natalie,Rauch Kelly,,,nataliearauch@gmail.com,
 ,,,,,danny_willox@hotmail.com,
Teresia Sayler,Teresia,Sayler,,,teresiasayler@gmail.com,
Alena Kan,Alena,Kan,,,elenakan87@gmail.com,
The Robyn's Nest Airbnb ,The Robyn's Nest Airbnb,,,,robynjburke@gmail.com,
Ian Caldwell,Ian,Caldwell,,,Xsst44@gmail.com,
 ,,,,,oceanblissgalveston@gmail.com,
Amanda Yu Dieterich,Amanda,Yu Dieterich,,,miragemind@gmail.com,
Andreanna Marie Coffman,Andreanna,Marie Coffman,,,acoff86@gmail.com,
 ,,,,,thebrendanbyrne@gmail.com,
Sarah Julien,Sarah,Julien,,,Sarahcjulien@yahoo.com,
South Bossier Short Term Rental ,South Bossier Short Term Rental,,,,Cindybrodnax1@gmail.com,
 ,,,,,liz.uraga@gmail.com,
Glenn Edmonds,Glenn,Edmonds,,,Glenned7@aol.com,
Chris Brashear,Chris,Brashear,,,chriswbrashear@gmail.com,
 ,,,,,ceciliasfang@gmail.com,
 ,,,,,cgom774@yahoo.com,
Tia Renee Fann,Tia,Renee Fann,,,tiarenee27@hotmail.com,
Kimberley Truelove,Kimberley,Truelove,,,j10spades@gmail.com,
 ,,,,,henrykwan82@hotmail.com,
Sheila Rasak,Sheila,Rasak,,,Sheilarasak@gmail.com,
Emily Ann,Emily,Ann,,,Emastren@gmail.com,
 ,,,,,davidr_rivera@yahoo.com,
 ,,,,,3300scarpenter@gmail.com,
 ,,,,,rafs.email@gmail.com,
 ,,,,,bammons2008@yahoo.com,
 ,,,,,weeric@gmail.com,
Nikki Henrichsen,Nikki,Henrichsen,,,3bnikki@gmail.com,
Janice Humble Brammer,Janice,Humble Brammer,,,janmarie.b@gmail.com,
 ,,,,,kyeegray@gmail.com,
 ,,,,,cam@nesthost.ca,
 ,,,,,rodolfoyiu@gmail.com,
 ,,,,,emperkins423@gmail.com,
 ,,,,,e@gmail.com,
 ,,,,,imuiclass@gmail.com,
Linda Leighton,Linda,Leighton,,,2boaters@msn.com,
 ,,,,,LaurColleen@gmail.com,
Lindsy Holland,Lindsy,Holland,,,Rentals@homesteadrentalhomes.com,
Zee Wimmer,Zee,Wimmer,,,jandzee@Aol.com,
 ,,,,,saorog@gmail.com,
Bond Home Services ,Bond Home Services,,,,Pm@bondhomeservices.com,
Jen Warren,Jen,Warren,,,jwarrenhomes@gmail.com,
Cindy Pyke Olsen,Cindy,Pyke Olsen,,,Olsen.athletes105@gmail.com,
 ,,,,,chgandhi526@gmail.com,
 ,,,,,sunnyvig@live.ca,
Danamarie Byrne,Danamarie,Byrne,,,thelazywolf124@gmail.com,
Dianne Rice Hansen,Dianne,Rice Hansen,,,Diannerice1963@gmail.com,
 ,,,,,ivarano@outlook.com,
 ,,,,,TheKevinGibbons@gmail.com,
CArolyn Calfee,CArolyn,Calfee,,,Carolcalfee@yahoo.com,
Brandon Rodriguez,Brandon,Rodriguez,,,Jubalpalooza@yahoo.com,
 ,,,,,jeffrecht@gmail.com,
Jen Patel,Jen,Patel,,,Jenpatel30@gmail.com,
 ,,,,,snskaggs@gmail.com,
Marjorie Chavez,Marjorie,Chavez,,,chmarjorieg@gmail.com,
MIchelle Kulju,MIchelle,Kulju,,,rjmproperties@hotmail.com,
Beth Bayer,Beth,Bayer,,,Beth.e.bayer@gmail.com,
 ,,,,,partickairbnb@gmail.com,
GAil KArabelas,GAil,KArabelas,,,gailkarabel@gmail.com,
Hannah Ying Ha Chung,Hannah,Ying Ha Chung,,,71ststreetoasis@gmail.com,
Colette Dennis,Colette,Dennis,,,blessedindestin@gmail.com,
 ,,,,,akgardengirl3@gmail.com,
 ,,,,,jack.ogdenii@gmail.com,
Jessica Myers,Jessica,Myers,,,7wvcdogwood@gmail.com,
 ,,,,,deboralanini@gmail.com,
Amy Beckenhauer Mollohan,Amy,Beckenhauer Mollohan,,,Amy@mollomania.com,
 ,,,,,info@keyturned.com,
Julia Parslow,Julia,Parslow,,,Cachecondo@gmail.com,
 ,,,,,i.zain595@gmail.com,
 ,,,,,patricia.billette@gmail.com,
Huyen Koll,Huyen,Koll,,,huyen@kollinvestment.com,
Donna Davis,Donna,Davis,,,Zajoas@gmail.com,
Galveston Beachfront Vacation Rental ,Galveston Beachfront Vacation Rental,,,,beachhousegalveston@gmail.com,
Rachel Alderson,Rachel,Alderson,,,pacificwildshores@gmail.com,
 ,,,,,ryan@sunorstorm.com,
Edie Coates,Edie,Coates,,,edieleinvestments@gmail.com,
 ,,,,,mat@lindstedt.com,
Luke Hoss,Luke,Hoss,,,acaichicago@gmail.com,
 ,,,,,hugomor@hotmail.com,
Nicole Ringelmann,Nicole,Ringelmann,,,ringelmann3@comcast.net,
 ,,,,,reyesgregorio@hotmail.com,
 ,,,,,sarchrgathae@gmail.com,
Jenn Schreck,Jenn,Schreck,,,Jenphi@me.com,
