﻿Name,firstName,lastName,title,Company,email,LinkedIn Url
Bruce Taragin,,,,Blumberg Capital,,https://www.linkedin.com/in/brucetaragin/
Caitlin Strandberg,,,,Lerer Hippeau,,https://www.linkedin.com/in/caitlinstrandberg/
Carlos Pereira,,,,Eldridge,,https://www.linkedin.com/in/carlos-g-pereira-40780131/
Charles Birnbaum,,,,Bessemer Venture Partners,,https://www.linkedin.com/in/charlesbirnbaum/
Charlie O’Donnell,,,,Brooklyn Bridge Ventures,,https://www.linkedin.com/in/ceonyc/
Charlotte Ross,,,,NEA,,https://www.linkedin.com/in/charlotte-ross/
Cheryl Campos,,,,Republic,,https://www.linkedin.com/in/cherylcampos/
Chris Collins,,,,Human Ventures,,https://www.linkedin.com/in/christophermcollins/
Chris Errico,,,,Dentons,,https://www.linkedin.com/in/chris-errico-10239144/
Chris Fortunato,,,,KEC Ventures,,https://www.linkedin.com/in/cfortunato/
Chris Quinn,,,,Global Founders Capital,,
Claire Biernacki,,,,Lerer Hippeau,,https://www.linkedin.com/in/claire-biernacki-71b1b24a/
Cliff Sirlin,,,,Launch Capital,,https://www.linkedin.com/in/cliff-sirlin-11051030/
Cole Charnas,,,,Eldridge,,https://www.linkedin.com/in/cole-charnas-3694b23a/
Craig Shapiro,,,,Collaborative Fund,,https://www.linkedin.com/in/craigjshapiro/
Crystal Huang,,,,NEA,,https://www.linkedin.com/in/crystalhuang89/
Dan Newman,,,,Guild Capital,,https://www.linkedin.com/in/daniel-newman-12172b16/
