clientContactID,contactDataID,Email,Full Name,First Name,Last Name,LinkedIn URL from QA,"Title
from CRM","Title
from ProxyCrawl","Title
manually gotten for import to contactData",Final Title,"Company
from CRM","Company
from ProxyCrawl","Company
manually gotten for import to contactData",Final Company,Job Changed?,Job Changed?,Enriched Data Changed?,QA gave wrong URL,Correct LinkedIn URL,LinkedIn URL Final,LinkedIn URL in CRM
07YmGQSCdoVwN6bsWwyu,AKRG0lPFQaMAfmdyHNv1,JEFF@L2EJ.NET,,Jeff,Coga,,,,,,PupFam.com,,,,,,,,,https://www.linkedin.com/in/jeffcoga,
0h91jBCgig260a8PE8g4,RJ3lK4RNIkvYExrL5zX8,shrav@secureframe.com,,Shrav,Mehta,,,,,Founder and CEO,Secureframe,,,Secureframe,,,,,,https://www.linkedin.com/in/shravmehta,
3xyli9qXKzckEPcXj2Xl,lfCSIME6aOYPf4APP85h,Tyler@fismma.com,,Tyler,Blaylock,,,,,Project Manager,Fismma,,,Fismma Digital Agency,,,,,,https://www.linkedin.com/in/tyler-blaylock-1059b116a/,
58hPGmq8uAI0urg0QtjJ,kphAJXXAtYrvUAa8TT93,hb@baigconsultinggroup.com,,Hudaina,Baig,,,,,,Baig Consulting Group,,,,,,,,,https://www.linkedin.com/in/hudaina-baig-19b99546/,
5DnsaQFYizZZVXyn8uT1,eafyCILLSs067KlropYu,dylan@dcenright.com,,Dylan,Enright,,,,,Product Manager,U Labs LLC,,,U.S. Digital Response,,TRUE,,,,https://www.linkedin.com/in/dylan-enright-6555543b/,
8EZbOOEaYZ3WJFaFBZB2,LMEjw5t54HEDGK3moztU,goldalexgold@gmail.com,,Alex,Gold,,,,,Founder,Del Rey Marketing,,,Del Oro Media Agency,,,,,,https://www.linkedin.com/in/alexgold7/,
8QHZYfXs5SErjmoXQcci,kW5jd3AntlJwEXZjPaYe,gercanty24@gmail.com,,Geraldine,Canty,,,,,Managing Director & Change Leader,Predictive Potential,,,Predictive Potential,,,,,,https://www.linkedin.com/in/geraldinecanty/,
Gbjiu7lOCNXhZY9Ts3lh,xeRG7KMRhq8OexOuXhRw,aaron@smith.ai,,Aaron,Lee,,,,,,Smith.ai,,,,,,,,,https://www.linkedin.com/in/aaronfunlee/,
LcuPCyfth33cW9dYfAwE,uFKbDGBWUMCFHEtqBgm2,amy@wheel.com,,Amy,Dowell,,,,,,Wheel,,,,,,,,,,
cWAM1ZMU9BWV6fzOoXrK,uFKbDGBWUMCFHEtqBgm2,nick@helioscompany.com,,Nick,Christou,,,,,,Helios,,,,,,,,,,
S5slSor62EbesOU8tdWf,ZxevfwTj2YTHrMsukKHN,bryan@worthright.co,,Bryan,Maleszyk,,,,,"Co-Founder, Chief Product Officer",Worthwright,,,Worthright,,,,,,https://www.linkedin.com/in/bryanmaleszyk/,
T2zUCG8Exty85WIWwWlJ,KExH8gnW9KTqH9uYdDSv,vikram.raja@gmail.com,,Vikram,Rajagopalan,,,,,Operations,Delta Ventures,,,Swiftscale Biologics,,TRUE,,,,https://www.linkedin.com/in/vikramrajagopalan/,
XIaURxtD3zoKoRX2YKwx,cejLGVawnsyL8b4rafcN,ullmanzk@gmail.com,,Zach,Ullman,,,,,Vice President,StockBasedComp,,,Lead Edge Capital,,TRUE,,,,https://www.linkedin.com/in/zullman/,
XWOcCCl9nh7bdYdnRc5X,LwjUbqTv29ZW0dzi2h2w,ceo@scottevest.com,,Scott,Jordan,,,,,,SCOTTeVEST,,,,,,,,,https://www.linkedin.com/in/scottevest/,
ZTqwVTMbJV0D1kuBAElj,pX14N7sbC9nOZjTBnTTL,jordan@sendwithscout.com,,Jordan,Crawford,,,,,,Scout,,,,,,,,,https://www.linkedin.com/in/jordancrawford/,
amUaEzEhhaxn45NjVTAn,ESe7yeu6OWqaXHccDsin,andrea@swingu.com,,Andrea,Gorman,,,,,Director Of Finance And Human Resources,"Swing Golf, Inc. (d/ba/ SwingU)",,,SwingU,,,,,,https://www.linkedin.com/in/andrea-gorman-516aa512b/,
bxyA7OAU4vHUOzOzG4ZU,NOSHHC2C48FMDaVKqt3z,merove.heifetz@gmail.com,,Merove,Heifetz,,,,,"Digital Strategy, Marketing & Agency Consultant",Acquisition Digital,,,Freelance,,,,,,https://www.linkedin.com/in/merove/,
dVNuAUdr6pXDoCF9IEoU,ViLs2KuW71AIt1zAEIT8,bryanhopper@bluestarlacrosse.com,,Bryan,Hopper,,,,,Director,Blue Star Lacrosse,,,Apex Lacrosse Events,,TRUE,,,,https://www.linkedin.com/in/bryan-hopper-0861b841/,
h43QYDaOOil2Or2nPqjb,tsnbV55ymlpVLlBX0Eeh,josh@pipe.com,,Josh,Mangel,,,,,Co-Founder/Co-CEO,Pipe Technologies,,,Pipe,,,,,,https://www.linkedin.com/in/josh-mangel-16208a101/,
lUEcXhNa63xvYUSAEFL4,dBg05O0RNcELQptKhzkl,vincent.koo@merchsquare.com,,Vincent,Koo,,,,,"Co-Founder, CEO",BUZZi,,,BUZZi,,,,,,https://www.linkedin.com/in/vincekoo/,
sr2l350uojkyCJXZ4q3H,Ow8Vg9dUQKwjoeoyRZFA,george@moonfish.com,,George,Xian Zeng,,,,,Co-founder/CEO,Moonfish,,,Moonfish,,,,,,https://www.linkedin.com/in/georgexzeng/,
vAZ9PaSIi33XmpDYcJYS,nDRoKiSENTMB6bhvwzOX,paul@paulbarshon.com,,Paul,Barshon,,,,,Owner,13 Sharks,,,13Sharks,,,,,,https://www.linkedin.com/in/paul-barshon-00177b13,
