full Name,First Name,Last Name,Title,Company,Email,Linkedinurl
,George,Xian Zeng,,Moonfish,george@moonfish.com,
,Dylan,Enright,,U Labs LLC,dylan@dcenright.com,
,Scott,Jordan,,SCOTTeVEST,ceo@scottevest.com,
,Vincent,Koo,,BUZZi,vincent.koo@merchsquare.com,
,Caroline,McCarthy,,One Finance,caroline@onefinance.com,
,Geraldine,Canty,,Predictive Potential,gercanty24@gmail.com,
,Vikram,Rajagopalan,,Delta Ventures,vikram.raja@gmail.com,
,Zach,Ullman,,StockBasedComp,ullmanzk@gmail.com,
,Bryan,Hopper,,Blue Star Lacrosse,bryanhopper@bluestarlacrosse.com,
,Tyler,Blaylock,,Fismma,Tyler@fismma.com,
,Nick,Christou,,Helios,nick@helioscompany.com,
,Andrea,Gorman,,"Swing Golf, Inc. (d/ba/ SwingU)",andrea@swingu.com,
,Bryan,Maleszyk,,Worthwright,bryan@worthright.co,
,Aaron,Lee,,Smith.ai,aaron@smith.ai,
,John,Smith,,Call Catalyst,intros@growthcollective.com,
,Alex,Gold,,Del Rey Marketing,goldalexgold@gmail.com,
,Ari,Kagan,,"Momentum / Better Good, Inc.",ari@givemomentum.com,
,Amy,Dowell,,Wheel,amy@wheel.com,
,Hudaina,Baig,,Baig Consulting Group,hb@baigconsultinggroup.com,
,Josh,Mangel,,Pipe Technologies,josh@pipe.com,
,Anand,Nimkar,,Modest Guru Inc.,anand@modestguru.com,
,Leslie,Busick,,Le Minou,busickleslie@gmail.com,
,John,Kuo,,Carmelita Ventures,johnlkuo@gmail.com,
,Jeff,Coga,,PupFam.com,JEFF@L2EJ.NET,
,Shrav,Mehta,,Secureframe,shrav@secureframe.com,
,Jordan,Crawford,,Scout,jordan@sendwithscout.com,
,Shriti,Pradhan,,Statehood,shriti@statehoodbrand.com,
,Paul,Barshon,,13 Sharks,paul@paulbarshon.com,
,Jamie,Lund,,SOF Partners,jamie@sofpartners.com,
,Andrew,Meyer,,Arbor,andrew@joinarbor.com,
,Wolfgang,Muller,,SectorSeven,wmuller@sectorseven.com,
,Miles,Hamilton,,Miles Hamilton,mileshamilton89@gmail.com,
,Merove,Heifetz,,Acquisition Digital,merove.heifetz@gmail.com,
,Colin,Smith,,Speed51,colincfsmith@gmail.com,
