clientContactID,contactDataId,Email,Full Name,First Name,Last Name,LinkedIn URL from QA,"Title
from CRM","Title
from ProxyCrawl","Title
manually gotten for import to contactData",contact_title,"Company
from CRM","Company
from ProxyCrawl","Company
manually gotten for import to contactData",contact_company,Job Changed?,Job Changed?,Enriched Data Changed?,QA gave wrong URL,Correct LinkedIn URL,LinkedIn URL Final,LinkedIn URL in CRM
0IsNYSyceVbsL6sqQgaN,OSnwTgSRkVrLxKMWuLkj,laurent@awesomenesstv.com,Lauren Tejeda,,,,,,,"Vice President, Marketing",,,,"GoldieBlox, Inc.",,TRUE,,,,https://www.linkedin.com/in/laurentejeda/,
0NyTsGItoyjp7n4xuN4d,IAurfn9r78czdrTZKhJs,aasim@hawkemedia.com,aasim rizvi,,,,,,,Creative Marketing Manager,,,,Indie-Pop / independently popular.,,TRUE,,,,https://www.linkedin.com/in/aasim-r-735b4175/,
2BjoUesV4HhqrePTLrFy,D5iaGfPgFB3emQpFA63U,nparvin@iwonorganics.com,Nader Parvin,,,,,,,Vice President Operations,,,,IWON™ organics,,TRUE,,,,https://www.linkedin.com/in/nader-parvin-8b4aa17/,
2hC8a7cUnfhPpkSEpxA2,aliHVseuwH7ZXjze8kNU,prab@omaze.com,Prab Marwah,,,,,,,Senior Account Manager,,,,community.com,,TRUE,,,,https://www.linkedin.com/in/prabmarwah/,
2ms0DCb2PfvnBM3tlv7Z,1Wq0ZAEedadLiJOy8QOU,jmccarthy@goldstar.com,Jim Mccarthy,,,,,,,,,,,,,,,,,https://www.linkedin.com/in/jcmccarthy/,
2vSxEKGdyHtLE0IGzztA,pU1tX4xX9I4r7xn5eTE7,tbalamaci@first.media,Tom Balamaci,,,,,,,,,,,,,TRUE,,,,https://www.linkedin.com/in/tbalamaci/,
3Sq3hPGag8DFNvqCfy5p,H6v19WOu7H0dtQJGZXRo,michelle.cater@beamsuntory.com,Michelle Cater,,,,,,,"Senior Director, Commercial Planning",,,,Beam Suntory,,TRUE,,,,https://www.linkedin.com/in/michelle-cater-77299b20/,
3oXRRx1LnGyfG7VYmSxJ,KOF1LujlAkwCKxUqYjGE,akuehn@rdpfoodservice.com,Amber Kuehn,,,,,,,Marketing Coordinator,,,,RDP Foodservice,,,,,,https://www.linkedin.com/in/amber-kuehn-33555020/,
4UJ5weRfkiGQCwIVJ5Ft,0ylzqBKX4A98rJIWtUAY,jordanb@awesomenesstv.com,Jordan Bravo (JB),,,,,,,Creative Strategy Consultant,,,,Jordan Bravo Consulting,,TRUE,,,,https://www.linkedin.com/in/jordan-bravo/,
4pwN0b9wwJcRgHlqBoVe,59aUmFM3kEoVmkbEJjv5,denise@floravere.com,denise Jin,,,,,,,Co-Founder & COO,,,,Floravere,,,,,,https://www.linkedin.com/in/denisejin/,
56crq4mBxPlOtBi62tJt,vwnFbt92UBOLshh3QErF,theresa.helmer@disney.com,Theresa Helmer,,,,,,,"Director, Social Media Marketing Strategy",,,,Walt Disney Television,,,,,,https://www.linkedin.com/in/theresa-h-a0737030/,
56fRoOPYbOjXlybDtBPd,6lUQybN4YoH9bz2tgik0,jsmith@playboy.com,Jared Smith,,,,,,,"Manager, eCommerce",,,,"Playboy Enterprises, Inc.",,TRUE,,,,https://www.linkedin.com/in/jared-smith-a06742ba/,
66L0PwSdNWq2zzfWU4nZ,gdotE8B5D7iSLTx72KjH,ariella.roberts@disney.com,Ariella Roberts,,,,,,,"Director, Partnership Planning - Disney Channels Worldwide",,,,Disney ABC Television Group,,,,,,https://www.linkedin.com/in/ariella-roberts-75709a7/,
6n8Gc00IhagNgJ5NS8GU,v8U6BodpD59yzXFi3EEr,scarlett.winningham@hoteltonight.com,Scarlett Winningham,,,,,,,Marketing Specialist,,,,Airbnb,,TRUE,,,,https://www.linkedin.com/in/scarlettwinningham/,
74ua6h5Ts6wy2hP2j9Fi,UtbGetCY2yoPhvdDtNgs,angela@helloyumi.com,Angela Sutherland,,,,,,,CEO and Co-Founder,,,,Hello Yumi,,,,,,https://www.linkedin.com/in/angela-s-189b9864/,
7UcU4BYDi2KH6e6UND6l,pnwBD0IwZSg7TJiZSWGg,davidhughes91011@gmail.com,David Hughes,,,,,,,Senior Account Executive,,,,Entercom,,TRUE,,,,https://www.linkedin.com/in/davidhughescbs/,
88mmbl4i7yhlz5WpMA5a,sVNtdeO67SriT4JuD3d9,phil@gethansel.com,Phil Sprawls,,,,,,,Founder,,,,Hansel,,,,,,https://www.linkedin.com/in/psprawls/,
8pa5EkXXVeQizNzW3N3C,Nfey9PmJmfLA7JGutVFX,becca@thesolemates.com,Becca Brown,,,,,,,CoFounder,,,,"SoleMates, LLC",,,,,,https://www.linkedin.com/in/brownbecca/,
9RNwcPtZStuRjVUiXUKz,1gDnT45Wr2rEMOTX2XUg,ashwin@fitandglow.in,Ashwin SOkke,,,,,,,Co-Founder,,,,Fit & Glow,,,,,,https://www.linkedin.com/in/ashwinsokke/,
9Z5qjW7we3JbYtKmptFc,BBALlrYGPakrh0u51SHF,adamgould@sanmar.com,Adam Gould,,,,,,,Senior Sales Operations & Communications Manager,,,,SanMar,,,,,,https://www.linkedin.com/in/adam-gould-4b633336/,
9yF7ceQ8OOmaWUD2SA6v,Xn5oyTqoCs0BnNxCi4hk,mharris@reallygoodstuff.com,Marsha Harris,,,,,,,,,,,,,TRUE,,,,https://www.linkedin.com/in/marshaharris/,
Ak4lhTxBi1MhWj3ZTlYC,FCiftnducfY3aknumVJX,liane@manteaux.com,Liane Gauthier,,,,,,,Sales and Marketing Coordinator,,,,Vivier Pharma,,TRUE,,,,https://www.linkedin.com/in/liane-gauthier-4760855/?originalSubdomain=ca,
B26vdDeEANvtWzCk4wn1,j7BfbgjahpB2KqMsL3Si,hortense@diversyfund.com,Hortense Soulier,,,,,,,Director of Operations,,,,"DiversyFund, Inc.",,TRUE,,,,https://www.linkedin.com/in/hortensesoulier/,
B5hwQ4XspSV8a1AELRgE,SQnAF87az3dVAMSJtTtp,aurora@musely.com,Aurora Diazs,,,,,,,Founder,,,,AuroraBox,,TRUE,,,,https://www.linkedin.com/in/aurorandiaz/,
B9tNC7u7YQFc590vvTgb,NcHp48vpNqxRhE2sYOn8,emily@bebeaulait.com,Emily Edwards,,,,,,,Content Marketer,,,,Second Measure,,TRUE,,,,https://www.linkedin.com/in/emilysedwards/,
BICa5SDTbQAsFgEpS5I8,3U7y9pzwAPoOLgLEsq31,jennifer.huie@disney.com,Jennifer Huie,,,,,,,Owner - Principal Coordinator,,,,"HuieCo Events, LLC",,,,,,https://www.linkedin.com/in/huieco/,
CDhKVnHIxO1IBUAlyLaW,maMUl90bJIv5aEgzrwyG,brooke@triple8mgmt.com,Brooke Hughes,,,,,,,"Marketing & PR Manager, Events",,,,Texas Rangers Baseball Club,,TRUE,,,,https://www.linkedin.com/in/brookelhughes/,
CUjLlmJyw6SVUF2KUDbW,xP7pekj5jsCsJwNsf4XD,collin@winc.com,Collin Williamson,,,,,,,Head of Business Development and Partnerships,,,,Winc Wines,,TRUE,,,,https://www.linkedin.com/in/collinwilliamson,
Cwmx6abuSCzbCOofpknp,r8M6NzmXS7LezYX0o9J7,allie@meundies.com,allie rosehill,,,,,,,Associate Brand Manager,,,,MeUndies,,,,,,https://www.linkedin.com/in/alliemaerosehill/,
EmXBwYrXMZMibOzURqsX,bE2E8lYHM5HnSdKr6eay,sraack@vitalibis.com,Steve Raack,,,,,,,,,,,,,,,,,https://www.linkedin.com/in/steveraack/,
FV5VDKHoejERG197w9m0,gz7NNe9E4VNzHlAYIoGH,alice@hummkombucha.com,Alice Rhoades,,,,,,,Go to Market Project Manager,,,,Humm Kombucha,,TRUE,,,,https://www.linkedin.com/in/alice-leblond-4764b44/,
G5JqvFkv3zHNwNR0fsA3,g1fYmjuDESfoSfCRj7R5,kristin.corrigan@disney.com,Kristin Corrigan,,,,,,,,,,,,,TRUE,,,,https://www.linkedin.com/in/kristen-corrigan-0aa913ab/,
GAx5kX6fxk4FZEw5bjVj,q6O9At9d4aaZYjQm9gIk,michelle@coterie.com,Michelle Persad,,,,,,,Co-Founder & VP of Marketing,,,,Coterie,,,,,,https://www.linkedin.com/in/michelle-persad-baa52048/,
GFXywNlQJ4Ljyq14vzGn,FS3ZcXGMGxHWFbUcBe0p,evelyn.rusli@helloyumi.com,Evelyn Rusli,,,,,,,"Co-Founder, President/CMO",,,,Yumi,,,,,,https://www.linkedin.com/in/evelynrusli/,
GZFiNYP8X1JPfIlyJBMn,0rrsYZs97CiaJWZGH9wH,catherineg@awesomenesstv.com,Catherine Gill,,,,,,,,,,,,,TRUE,,,,https://www.linkedin.com/in/catherine-gill-97136a5/,
Gy07zr4QdG8Y62KznBKt,BVzsdGVwd4InndpURwVC,eric@winc.com,Eric Furnee,,,,,,,Founder,,,,Furnée Brands,,TRUE,,,,https://www.linkedin.com/in/ericfurnee/,
HJ7oBKFDFzKWDzSq1umu,BPlgOVtMQO5giiKLZGKt,jake@jumprope.com,Jake Poses Poses,,,,,,,,,,,,,,,,,https://www.linkedin.com/in/jake-poses-014b853/,
HKdhh3oIIu9EOKdWC4I9,VqG2F3LUTiCBothttthY,alex.kennedy@smokinhotsolutions.com,Alex Kennedy,,,,,,,Account Director,,,,Most Consulting Group,,,,,,https://www.linkedin.com/in/alex-kennedy-19285885/,
Hh14GM5kpQaphVLz5Nh3,SwIKN78kLjbcvYY0qt4Z,rachel.r.wong@disney.com,Rachel Wong,,,,,,,Social Media Manager - Disney Junior Television,,,,Disney ABC Television Group,,,,,,https://www.linkedin.com/in/rachelwong/,
HiXk31JCAPZg7gjSZPKO,nhxLtQKkmyEVAawFwaPA,emilie@goop.com,Emilie Pacheco,,,,,,,"Sr Director, Digital Marketing",,,,THE CENTER,,TRUE,,,,https://www.linkedin.com/in/emilieapacheco/,
I6T1uYzw41Put1tSksSj,O5wgjYtZnWN7ictI4Ek7,andre@rumbleon.com,Andre Pascual,,,,,,,Digital Marketing Strategist,,,,Happy Medium LLC,,TRUE,,,,https://www.linkedin.com/in/andrepascual/,
IAWOeEGViNBHXzgcuKE2,rzLwVRuGRCDoXXgFuFmI,aimee@winc.com,Aimee Diego,,,,,,,Digital Community Manager,,,,Poppi,,TRUE,,,,https://www.linkedin.com/in/aimee-diego/,
IhxiDujTVei8bLk5HQyD,u0ZUsmgOokvrBzK4jJUL,rkhalimova@tencent.com,Regina Khalimova,,,,,,,Sr. Business Performance Manager,,,,Ubisoft,,TRUE,,,,https://www.linkedin.com/in/reginakhalimova/,
KI8vs3XXhbUIV0QvJHQM,F2Co1RY1cOxlV4fSELDO,michellel@ritual.com,Michelle Lee,,,,,,,"Associate Manager, Influencer Marketing",,,,Ritual,,,,,,https://www.linkedin.com/in/michelleyklee/,
LEMLNMCc0iOqUlscPB0n,EeFkjtN6cHtGvji2uCzQ,missy@diversyfund.com,Missy Galang,,,,,,,,,,,,,TRUE,,,,https://www.linkedin.com/in/missygalang/,
LN3JI6OpQsdbvraUFn02,z0NDV3qgm4Vx0E6nm0RD,btrangsrud@prestigebevgroup.com,Brittany Trangsrud,,,,,,,Public Relations & Communications Manager,,,,Prestige Beverage Group,,,,,,https://www.linkedin.com/in/btrangsrud/,
LvflMKzwj3laWxJ4DQzJ,Vsh2Smn742OyEPgSHAtl,brian@heartbeat.com,Brian Freeman,,,,,,,"Founder, Chief Executive Officer",,,,Heartbeat,,,,,,https://www.linkedin.com/in/brian-freeman-79464212/,
M2cQPXQesvaWrh1TxWhq,LWWv4beVEddG8A8Y5Fpd,dustin.sandoval@disney.com,Dustin Sandoval,,,,,,,,,,,,,,,,,https://www.linkedin.com/in/dustin-sandoval-997b47143/,
NolQ1HlQRuLGydWEb0eO,mmhgriAuAor3prHFMN6P,arda.bedoyan@disney.com,Arda Bedoyan,,,,,,,,,,,,,,,,,https://www.linkedin.com/in/arda-bedoyan-6b021013b/,
NrxFg42V5zxTKfsqmXQx,2xTWPSu8OE2DC2d1MfKI,alex.bertoni@amazonstudios.com,Alex Bertoni,,,,,,,Senior Social Media Producer,,,,Amazon Studios,,,,,,https://www.linkedin.com/in/alex-bertoni-78411236/,
PPVQOld3g993HRcSSWAR,qdYTCD8ezL3CIScG1aNi,jenna.n.sonenshein@disney.com,Jenna Sonenshein,,,,,,,"Director, Engagement Marketing",,,,Walt Disney Television,,,,,,https://www.linkedin.com/in/jennasonenshein/,
Q245LhbuQ5S3AQ6lPIgP,eHYK4uw15b5FRI0DFuZW,rian@meundies.com,Rian Long,,,,,,,,,,,,,TRUE,,,,https://www.linkedin.com/in/rianklong/,
QBbE8P8XjVUWbyRO4cNg,3Yc5w5drQjaXQUzwtGcU,dnichols@kidizen.com,Dug Nichols,,,,,,,Head of Product & Marketing,,,,HomeSpotter,,TRUE,,,,https://www.linkedin.com/in/dugnichols/,
QDQd2XfiOulaXuHgccHJ,osRQ7ZRAmwNSXYgAdcar,molly@floravere.com,molly kang,,,,,,,Founder and CEO,,,,Floravere,,,,,,https://www.linkedin.com/in/molly-kang-b7247119/,
QQPBsPVp4r3f5KFRyNJP,BstUOnN5GXpfTgo4jBwy,annie@readysetfood.com,Annie Bunje,,,,,,,"Director, Consumer Marketing",,,,"Ready, Set, Food!",,,,,,https://www.linkedin.com/in/annie-bunje-8918858/,
QV34AvNTBVn4WDxWjdct,ms7vsLvNkyVfEKEiKbpx,troy@lensabl.com,Troy Petrunoff,,,,,,,Marketing Manager,,,,Lensabl,,,,,,https://www.linkedin.com/in/troypetrunoff/,
QcnrkFDUDQf1RVMhsK6W,nvK49WhGLaYlNiN9Ztau,wgoff@youniqueproducts.com,Whitney Goff,,,,,,,,,,,,,TRUE,,,,https://www.linkedin.com/in/whitneygoff/,
Rhq4wbuGWruG9GXyevun,NyIABbw0VY78szhABtIU,mcomiskey@hrcfitness.com,Maryann Comiskey,,,,,,,VP Marketing,,,,HRC Fitness,,TRUE,,,,https://www.linkedin.com/in/maryann-comiskey-9621574a/,
S9aaEkwyahXr2NwnULQk,mdQPKWA0haclKGXhSgNV,jake@changeroots.com,Jake Sandler,,,,,,,CEO,,,,ChangeRoots,,TRUE,,,,https://www.linkedin.com/in/jake-sandler/,
SFej2t6fflbe0SEeO6u6,6hQAfkyJVRGjVnV5C0h0,emcclary@vionicgroup.com,Erin McClary,,,,,,,Associate Editor,,,,Sourcebooks,,TRUE,,,,https://www.linkedin.com/in/erinmcclary/,
SxQwAN5mv31XEXj9y7m5,UMORRKezpw11XXENcKWg,elizabeth.bell@toughmudder.com,Elizabeth Bell,,,,,,,"Product Manager, Ecommerce",,,,Brooklinen,,TRUE,,,,https://www.linkedin.com/in/elizabeth-bell-b2365a79/,
TCdLuHm2QFPLKyKLDdZg,Hbzp9SR0dEQf2jMSETSi,ascorpio@hawkemedia.com,Ashley Scorpio,,,,,,,"VP, Partnerships",,,,Hawke Media,,,,,,https://www.linkedin.com/in/ashleyscorpio/,
TIYhhwA93ZqWXTLMCgGt,jCaSYs6kV0pAqpPQc8I4,claire@ritual.com,Claire Knebl,,,,,,,,,,,,,TRUE,,,,https://www.linkedin.com/in/claire-knebl-05658126/,
TTAOiHFQr8J1FmuQFBRc,D5pFJo2bp6Rd3zQzAOKW,greg@helloseen.com,Greg Maged,,,,,,,,,,,,,,,,,https://www.linkedin.com/in/greg-maged-8238361/,
TnFA5fHMmW6KChoCYiPp,S9YRmjnFih60L0x8NIUz,allie@kushypunch.com,Ruben Kachian Everdeen,,,,,,,,,,,,,TRUE,,,,https://www.linkedin.com/in/everdeenac/,
UAZVnC104vsos9Rx12ZY,vqIDlzXtYaU97Ystn7ou,david@beautybydesign.com,David Weissman,,,,,,,Co-founder & CEO,,,,Beauty By Design,,,,,,https://www.linkedin.com/in/davidw/,
UCpTsdqhlrT93PwqSRVF,Ffzcb11XNwYkltvtGHeJ,bjones@oraliv.com,Bob Jones,,,,,,,CEO,,,,ORAL IV,,,,,,https://www.linkedin.com/in/bobbyjones727/,
UHx01A806fdtG0XEfwwd,fycvKTDeZ1QvTOLPT1Cv,ariordan@crabtree-evelyn.com,Amy Riordan,,,,,,,"Vice President, Marketing and Ecommerce",,,,Sachin & Babi,,TRUE,,,,https://www.linkedin.com/in/amyeriordan/,
UPUiS7cAw56HjT1L0wbS,n1SZrvA5iAEnKE23PBBQ,eharlan@beyondmeat.com,Emily Harlan,,,,,,,Senior Digital/ Social Marketing Manager,,,,Beyond Meat,,,,,,https://www.linkedin.com/in/emily-harlan-88702199/,
UZt9Q6izFd8SGfI5eBgf,hMzcWv3ntZlt6u47NUj5,erin@isabelbond.com,Erin Urbina,,,,,,,Digital Marketing Consultant,,,,Independent Consultant,,,,,,https://www.linkedin.com/in/erinmarymann/,
VBEzrr6ovBdspxoRGOP6,40HW697S4UjoJqPoGxOJ,bryan@datadrivemarketing.com,Bryan Fisher,,,,,,,CEO,,,,Data Drive Marketing,,,,,,https://www.linkedin.com/in/bryan-fisher-7a8a15179/,
VIytikAl142dNJrSL5IJ,Xo5cXtmXplZMeHqTk2rx,brittney@rumbleon.com,Brittney DeVine-Daugherty,,,,,,,Blogger,,,,Blonde and Caffeinated,,TRUE,,,,https://www.linkedin.com/in/brittney-devine-daugherty-30534479/,
VLp3ryET94Duy2UsHK7d,Omwh2gyoOcYHepWSrzVl,eortiz@verawang.com,Erika Ortiz,,,,,,,Bridal Services Fitting Specialist,,,,Vera Wang,,,,,,https://www.linkedin.com/in/erikazitroe/,
VqCcd9EP8aRzH7mPn54P,7u0ChrPT85b8769s5CHQ,rpatel@amazon.com,Rupal Patel,,,,,,,Software Engineer,,,,Amazon,,TRUE,,,,https://www.linkedin.com/in/rohinjpatel/,
VsgvTSmZ1YlPvtAMPR77,q4naXblbXivoJS087IaW,jessica@jonata.com,Jessica Trujillo,,,,,,,Marketing Director,,,,"Screaming Eagle Vineyards, Jonata Estate, The Hilt Estate",,TRUE,,,,https://www.linkedin.com/in/jessica-trujillo-08244915/,
WTA58qsHdbv45zes0fns,a6Ujwh3t1Ea7JalqA6ON,erica.j.kaufman@disney.com,Erica J. Kaufman,,,,,,,"Director, Corporate Franchise Management - Princess and Frozen",,,,The Walt Disney Company,,,,,,https://www.linkedin.com/in/ericakaufman/,
WabohJqCjacSIcHIqi4s,6C8y7feVV0Ua6aS10oze,madeline@theringco.com,Madeline Fraser,,,,,,,CEO & Founder,,,,Gemist,,,,,,https://www.linkedin.com/in/madeline-fraser-7a8a637b/,
Wd3ymqlWwW2KCVYyODIS,qsvO1nk9BTiL9wMgNTr3,erica@buddynutrition.com,Erica Flood,,,,,,,"Director of Social, Westbrook Media",,,,Westbrook Inc,,TRUE,,,,https://www.linkedin.com/in/ericalogiudice/,
WzkaTEJBqLP2QYG2VSQr,R5SZuD4VAwOC36AYRAwh,mark@ikonick.com,Mark Mastrandrea,,,,,,,Co-Founder,,,,IKONICK,,TRUE,,,,https://www.linkedin.com/in/markmastrandrea/,
X9wbKOv0t1NxQAY9aFA0,49Zi17wSeBvucKZFyuCr,julie@thisisneeded.com,JULIE SAWAYA,,,,,,,Co-Founder and Co-CEO,,,,Needed PBC,,,,,,https://www.linkedin.com/in/julie-sawaya-47a78a12/,
XxECuJY3ZKAyYqPORGEA,NA2TfD1FWtQ4TI8sWhsB,erika.capra@disney.com,Erika Capra,,,,,,,Marketing Manager,,,,The Walt Disney Company,,,,,,https://www.linkedin.com/in/erika-capra-74791655/,
YASzFzCDyRyb3TB22LNc,GGsnr7LeGGYHChGPePKf,nicolasj@boxycharm.com,Nicolas J,,,,,,,Performance Marketing Manager,,,,Boxy Charm,,TRUE,,,,https://www.linkedin.com/in/itsnickjoseph/,
ZtVeC8y8UmOLkYJDKXBQ,ngomfVZB0kiTCeHoCeqG,mburke@healthymarket.com,Matt Burke,,,,,,,Chief Executive Officer,,,,Healthy Market,,TRUE,,,,https://www.linkedin.com/in/matt-burke-48a746184/,
aMoAU7KvpLWGA17Xq5VP,XwqjNn0rvj6pkCvZcLEP,yvethe@coravin.com,Yvethe Tyszka,,,,,,,Vice President of Marketing,,,,Coravin,,,,,,https://www.linkedin.com/in/yvetherodriguez/,
abA5bcygucbN4CH7nhEt,666GWvrTSxYssrwZCkkj,casey@clarev.com,Casey Mouton,,,,,,,Therapist Trainee,,,,Beit T'Shuvah,,TRUE,,,,https://www.linkedin.com/in/caseymouton/,
awNZAPxZiifoGSER2dtL,56NV5fN3sUoOaLCcw5Bq,avery.wright@72andsunny.com,Avery Wright,,,,,,,,,,,,,,,,,https://www.linkedin.com/in/averyjwright/,
b19iaTp3VyFjTb4wbgKw,9dQxlNwuWkN26ereJJjW,eilly.oneil@essenceglobal.com,Eilly Oneil,,,,,,,Associate Media Director - E!,,,,Essence,,,,,,https://www.linkedin.com/in/eillyoneil/,
boEQ9tk8gAKe0IPlxZUd,5xp66VTlw6Gmj4qNg2rn,elizabeth.i.tran@disney.com,Elizabeth Tran,,,,,,,Digital Marketing at Disney | Direct-To-Consumer & International,,,,The Walt Disney Studios,,,,,,https://www.linkedin.com/in/elizabeth-tran-b6264339/,
bsEl6rXAEYgeBLRNuXSO,OcHco6fL1EainJ39eNeE,elisapark@tencent.com,Elisa Park,,,,,,,Sr. Director of Marketing,,,,Tencent America,,,,,,https://www.linkedin.com/in/elisa-park-4149524/,
cHfHEFQeKoLHCK1p3oAH,LXXKJGzuQuUrT1hsRWPq,erica@westbrookinc.com,Erica Flood,,,,,,,"Director of Social, Westbrook Media",,,,Westbrook Inc,,,,,,https://www.linkedin.com/in/ericalogiudice/,
ca9cidRzUKqJYT638ZlH,kaD2fuZiW7ujIeyzsiup,anne@goraw.com,Anne Sophie Mommessin,,,,,,,Global Channel Program Manager - GCP Security,,,,Google,,TRUE,,,,https://www.linkedin.com/in/asmommessin/,
ckeJBCYlafGUW91UK2KG,HH9uDCX6QBPyAIFH35ZW,carrie@launchpop.io,Carrie C,,,,,,,Community Marketing Manager,,,,Launch Pop,,,,,,https://www.linkedin.com/in/carrie-chan-/,
d6C1D9kmWkCE0Pdl8JIJ,UVCMwMMzolZ7atqSMNlz,mikkayla@getmegiddy.com,Mikkayla Casey,,,,,,,Social Media Manager,,,,Giddy,,,,,,https://www.linkedin.com/in/mikkaylacasey/,
dbk5mX94LSHGiR4tsQVc,MRYQjOn50fFeE8WUYNWS,tara.w@namastetechnologies.com,Tara Wright,,,,,,,Head of Social Media & Communications,,,,Namaste Technologies,,,,,,https://www.linkedin.com/in/tarawright530/,
dqdNisFIYKaYJF9Ck07z,6KtMBBZTfPx9CQ3HS0lZ,saima.faheem@disney.com,Saima Faheem,,,,,,,Media Strategy Specialist,,,,Disney ABC Television Group,,,,,,https://www.linkedin.com/in/saima-faheem-75445346/,
ebfOMuzHiKNQOIlqcut2,HKLsm6N0ZovDJV8Ao1XT,david.sobie@happyreturns.com,David Sobie,,,,,,,,,,,,,,,,,https://www.linkedin.com/in/david-sobie-a37ab/,
egYsD82rJek4fSxdl9iS,Ut1ngWq5tDdDimtz95I0,cyndid@sexyhair.com,Cyndi Dart,,,,,,,Product and Service Innovation Marketing Manager,,,,Amazing Lash Studio/WellBiz Brands,,TRUE,,,,https://www.linkedin.com/in/cyndi-dart-4434488/,
f7NdvKRv7cmhi9fgKEtS,aQt5lgJ425xzd9vymB9d,adam.porter@townsquaremedia.com,Adam Porter,,,,,,,"Director of Digital Marketing, Product & Operations",,,,Townsquare Media,,,,,,https://www.linkedin.com/in/adam-porter-7aab1397/,
fkUJ58LbeSMSWoc8At7G,ir2b7zDE7COAgkCFXGW9,cody@trustandwill.com,Cody Barbo,,,,,,,Founder & CEO,,,,Trust & Will,,,,,,https://www.linkedin.com/in/codybarbo/,
g1DW0LBcSzrxc5dDyfpi,27G4JnlE6v25QtJCeyv6,kleon@horizonmedia.com,Keri Leon,,,,,,,Experiential Promotions Manager,,,,Horizon Media,,TRUE,,,,https://www.linkedin.com/in/keri-leon-61702835/,
g8zLXHX6RIAKOkY10V6E,OaDjwHdoLJ8dVSJl18dM,kayla.dixon@bytedance.com,Kayla Dixon,,,,,,,,,,,,,,,,,https://www.linkedin.com/in/kayladixonmba/,
gaKta3fENbUuUyGCoBD1,LviQGadi9Ha1BqJmyNn0,jon.bullinger@nunaturals.com,Jon Bullinger,,,,,,,,,,,,,,,,,https://www.linkedin.com/in/jonbullinger/,
galktaFhG80VaEjzD7Yp,Pb4LBt5VUBt76Fh7t1nR,alex@relovv.com,Alex,,,,,,,Chief Marketing Officer,,,,List Perfectly,,TRUE,,,,https://www.linkedin.com/in/alexandrashadrow/,
gkemuMC9CVmGOInQodd2,zQAxu6MzLk3roH02cgaE,andrew@glammly.com,Andrew Nagle,,,,,,,CEO and Co-Founder,,,,Glammly,,,,,,https://www.linkedin.com/in/andrewnagle/,
hUUHOV9Tte5HwdePYRan,OKYGjaELcB5CK0TPuuBR,kerry@wondery.com,Kerry Lyn McCarron,,,,,,,Director of Marketing,,,,Wondery,,TRUE,,,,https://www.linkedin.com/in/kerrylynmccarron/,
i8OS4dV2Q9qkg5NJxUBv,iU9ZK8UuGD5CHxFsqwFV,jon@yeyotequila.com,Jon Bullinger,,,,,,,,,,,,,TRUE,,,,https://www.linkedin.com/in/jonbullinger/,
ifrsHAw5zm3oNT4YvVVb,b6l85DqVFyJbtVp55gR0,dthomas@horizonmedia.com,Dan Thomas,,,,,,,Program Leader - International eCommerce Activation,,,,Domino's,,TRUE,,,,https://www.linkedin.com/in/danielliamthomas/,
j35BPTATbD6WMkTgCMRN,XswkVZwVwbGfdDEAS2bu,shainap@awesomenesstv.com,Shaina Pan,,,,,,,"Director, Worldwide TV Marketing",,,,Lionsgate,,TRUE,,,,https://www.linkedin.com/in/shainapan/,
jcQAnh4G5two8cgYitn3,jYumBPKEDCK2Ac0AjQDG,ann@erbanna.com,Erbanna Shuch,,,,,,,Boss Lady,,,,"Erbanna, LLC",,,,,,https://www.linkedin.com/in/ann-shuch-07436a126/,
k9piBAOnGGQ96FCF2TOx,kd6Rc9hhxlpV81dUHeOz,erica@toolaloo.com,Erica Scanlon,,,,,,,Founder/Business Owner,,,,KEWL Products LLC- dba Toolaloo,,,,,,https://www.linkedin.com/in/ericascanlon/,
kBw9avEEsAS1dsIPXRBg,xfe4X2hUYbVLR0pWoluN,stacey.levine@thedrybar.com,Stacey Levine,,,,,,,,,,,,,TRUE,,,,https://www.linkedin.com/in/stacey-levine-70162261/,
kJ4yx2Yo16nAjkrLSvFO,m4czdTTpp83pGB6ECC91,alexiab@awesomenesstv.com,Alexia Bouttier,,,,,,,VP Digital Marketing,,,,Lionsgate,,TRUE,,,,https://www.linkedin.com/in/alexia-bouttier-a3865335/,
kbl5a5q076VWdtnWnVzc,UoVCIFfy7RxfnVymnhDo,kip@silencio.com,Kip Parra,,,,,,,Digital Content Manager,,,,Mezcal El Silencio,,,,,,https://www.linkedin.com/in/kip-parra-1734a844/,
kv04sdX7AhMF1n3pY2Lt,yDDgTJGYzCf9pvSaBfXa,ssutyak@life360.com,Sarah Sutyak,,,,,,,Senior Brand Campaign Manager,,,,Life360,,,,,,https://www.linkedin.com/in/sara-sutyak-7442a638/,
l6tv44ZorQ8rh9CHtZax,3zNalRlVrqGlhNeumIPE,pablo.chaparro@entercom.com,Pablo Chaparro,,,,,,,"Vice President of Digital Sales, iHeartMedia",,,,iHeartRadio,,TRUE,,,,https://www.linkedin.com/in/pablo-chaparro-58921a4/,
lC0Gbc49nV4nEbM517kp,8DYlhFVQchWuYL3K16Fm,kallen@greendotadvertising.com,Kristina Allen,,,,,,,Director of Digital Marketing,,,,Green Dot Advertising,,,,,,https://www.linkedin.com/in/allenkristina/,
lJpdLIrYyL7OXEUZxXC6,WxJJLqQJeH2tJEB6696N,melissa.lyons@ellenos.com,Melissa Lyons,,,,,,,Social Media & Marketing Manager,,,,Ellenos Real Greek Yogurt,,,,,,https://www.linkedin.com/in/melissa-lyons-6a302131/,
lVwuB4SPZtvOOYtL2GnO,xgpuyJAT32pIFV3c6vVE,erika.sosa@disney.com,Erika Sosa,,,,,,,"Coordinator, Partnership Marketing & Creative",,,,The Walt Disney Company,,,,,,https://www.linkedin.com/in/erika-sosa-ba7a3764/,
lqNGFXeI8BMl94sWhPpp,g1xTBQQUx40J96nRpDL6,gschauland@deschutesbrewery.com,Gina Schauland,,,,,,,Business Owner,,,,Neighborly Digital LLC,,,,,,https://www.linkedin.com/in/gina-schauland-a8a94842/,
lvsXd35WApV6K9GlzfWp,n8KpOT1HeOgSvzSfDSnu,tim.near@cyborg.io,Tim Near,,,,,,,Founder & CEO,,,,Cyborg,,,,,,https://www.linkedin.com/in/tim-near-12541064/,
mtdCNqy3RJ7R2AEleBqg,AwWidSOITBkf0WL1q7B7,tatianna@diversyfund.com,Tatianna Montoya,,,,,,,"Senior Manager, Client Services",,,,Loma Media,,TRUE,,,,https://www.linkedin.com/in/tatianna-montoya-b049a967/,
nUsTLLnaIj45h7QN9bTd,ZEyfMOxa6Nxc8rwjVKMm,lipson@gmail.com,Matt lipson,,,,,,,,,,,,,TRUE,,,,https://www.linkedin.com/in/mlipson/,
nh7mITHrRhcMsp4dK4Wk,fhdBgalO0bYMpuuEZpeX,michael.fellner@101-commerce.com,Michael Fellner,,,,,,,Sr. Director of Marketing,,,,101 Commerce,,TRUE,,,,https://www.linkedin.com/in/mfellner/,
o00Lo232sfn5popXEs9z,UBYeZiQHJkFxqRTiiAeL,kat@ritual.com,Katerina Schneider,,,,,,,,,,,,,,,,,https://www.linkedin.com/in/katerinamarkov/,
oMdOWVQCQ6p291bdKxXs,eRuF8aalmZGHE30ieEB4,charlene.staples@tastefullysimple.com,Charlene Staples,,,,,,,"Director, Marketing",,,,"Leedstone, Inc.",,TRUE,,,,https://www.linkedin.com/in/charlene-staples-mba-1a00779/,
oZzkbNK3ESlZkVTv1bne,H6lVniZFj4LnIZGvAESl,victoria.varney@jcrew.com,Victoria Varney,,,,,,,Senior Client Manager,,,,Mirakl,,TRUE,,,,https://www.linkedin.com/in/victoria-varney/,
pBysDZud6Wnec3GgDih6,6ZYYCKlisBA8GOiBJa7q,tony@neighbor.com,Tony Mickelsen,,,,,,,"Senior Manager, Digital Marketing",,,,Neighbor,,,,,,https://www.linkedin.com/in/tony-mickelsen-87b43b64/,
qRnWkQ7I5jwz6g4IgyPD,fFyrtInEBWI3XNYmBEHM,nikhil@backtotheroots.com,Nikhil Arora,,,,,,,Co-Founder,,,,Back to the Roots,,,,,,https://www.linkedin.com/in/aroranikhil/,
qUjhoDr1krRJAeotss8o,nr6jNSDbWBqO1hArr3DQ,lschenck@1800petmeds.com,Larissa,,,,,,,Director of Marketing,,,,1800PetMeds,,,,,,https://www.linkedin.com/in/larissaschenck/,
rgOmj63kWejMaB0ptNGk,fVSuVkY6Uh6UfDaRWgX4,carey@careylaing.com,Carey Laing,,,,,,,Owner,,,,Carey Laing PR,,,,,,https://www.linkedin.com/in/carey-laing-4b626717/,
rysq18WIEcoM6bdHgDLb,9zS3IEUbjvBf03syGxZy,eric@gotsneakers.com,Eric Mesa,,,,,,,,,,,,,TRUE,,,,https://www.linkedin.com/in/emesa/,
s3Tu5mgHk2lnfeh9Ihvp,3Cm1APhdpYOurI9lxHbt,sam@hoteltonight.com,Sam Shank,,,,,,,Head of Hotels,,,,Airbnb,,,,,,https://linkedin.com/in/samshank,
sDzJTlOHQcHKIlA5aCNj,9nfKJ4d1AlsPc6MQAG9Q,dnehring@nativesunjax.com,Dan Nehring,,,,,,,Creative Director,,,,reCommerce Brands,,TRUE,,,,https://www.linkedin.com/in/dan-nehring-12b993104/,
sGd7Ioc5jB6VnIsHvJWt,xWiZmJDbhR7kNx0kKbvm,jgire@thetech.org,Jeff Gire,,,,,,,Director of Media and Community,,,,The Tech Interactive,,TRUE,,,,https://www.linkedin.com/in/jeffgire/,
sXfgDXyVz3Q3KSQjOb9V,agIpFQPB4L3raNu8B1uP,john@socialtyze.com,John Bohan,,,,,,,CEO & Founder,,,,Socialtyze LLC,,,,,,https://www.linkedin.com/in/johnbohan/,
snROgUPz6I4OXtLpvDLL,iRwsU3oxBzjrvaqnzwvJ,katelyn@rumbleon.com,Katelyn Needham,,,,,,,Marketing Content Specialist,,,,RumbleOn,,,,,,https://www.linkedin.com/in/katelyn-needham-44b1b279/,
spTvM4cj1NijhoLlBsZ7,ifq3pPFZ7tZLbhpvOub7,amirah.keaton@mslgroup.com,Amirah Keaton,,,,,,,Account Executive,,,,Fenton,,TRUE,,,,https://www.linkedin.com/in/amirahkeaton/,
tqhJM9UrvetnOTy4Yzp8,2I6s5Kh9YD3FmwR6IaIF,maddys@califiafarms.com,Maddy Simmer,,,,,,,Senior Manager Digital Marketing,,,,Califia Farms,,,,,,https://www.linkedin.com/in/madeline-simmer-94b743ba/,
u2pJkZwCbZLlrjG6ulJv,hQ02fXvUZlSZKjY2ZyLV,alexis.wallsh@sexyhair.com,Alexis Wallsh,,,,,,,Senior Manager of Social Media and Public Relations,,,,Sexy Hair,,,,,,https://www.linkedin.com/in/alexiswallsh/,
uTKhvy40voodT77Nmvmh,VW1qGsBk0xaPvUah5JJ6,kaley@sagelynaturals.com,Kaley Lillibridge,,,,,,,Co-CEO of Sagely Naturals,,,,Sagely Naturals,,TRUE,,,,https://www.linkedin.com/in/kaley-lillibridge-nichol-b7939787/,
vFMMqSPdHereQUFSw7rs,9zZY4GyrHFmiycywSTpm,doug.neil@nbcuni.com,Doug neil,,,,,,,,,,,,,TRUE,,,,https://www.linkedin.com/in/dougneil2020/,
xNz9zyZVPBfddjRtRRaC,JZUYGTMmbU9EOfchC188,aantone@knightsbridgewinery.com,Alicia Antone,,,,,,,Director of DTC Sales,,,,Knights Bridge Winery,,,,,,https://www.linkedin.com/in/alicia-antone-965ba114/,
xO4Sglr5birmjX2jR2fP,CcA5oj5YJjMR4uXlufXT,elizabeth@mastbrothers.com,Elizabeth Denault,,,,,,,Sr. Project Manager - Brand,,,,Oscar Health,,TRUE,,,,https://www.linkedin.com/in/elizabethdenault/,
xilUfD1BJNBafmLLHwcu,lS1SlXtLsQaftoTJBpTB,tom@cleanly.com,Tom Harari,,,,,,,Advisor,,,,Dripkit,,TRUE,,,,https://www.linkedin.com/in/tomharari/,
xncA3FmWv7F2UgRi1TtQ,TzvGcPD5YOSdGDqI71VB,sarah.flanagan@sonymusic.com,Sarah Flanagan,,,,,,,"Associate Director, Digital Marketing",,,,Columbia Records,,TRUE,,,,https://www.linkedin.com/in/sarahmflanagan/,
xxwOwGOXYoAxwiMM0om3,qC4dydc02oFfaf7Oc3cU,arni@mariashireen.com,Arni,,,,,,,,,,,,,,,,,https://www.linkedin.com/in/%C3%A1rni-thor-945b/,
y4tTxMkcZdRmZlv4y6fh,vkFw057hOGB6dQqPJRkU,laurenc@califiafarms.com,Lauren Castillon,,,,,,,Brand Manager,,,,Beyond Meat,,TRUE,,,,https://www.linkedin.com/in/lauren-castillon-a8487417/,
y7cjK0flAFOfkOLByIYb,WFi5T2R5RckpLpLsB9i0,adam@flowkana.com,Adam Steinberg,,,,,,,,,,,,,TRUE,,,,https://www.linkedin.com/in/adam-steinberg-5227b01b/,
zsPo9bsf6VtIVjc0JMeu,ei7P9LLhV7CD5Kb7mSNU,annalise.t.rodli@disney.com,Annalise Rodli,,,,,,,"Manager, Franchise Management",,,,The Walt Disney Company,,,,,,https://www.linkedin.com/in/annalise-rodli-59874b14/,
zy7xLzwa7jMQ3W91IXhY,3N3ovu0KDU9BAT6hGKgT,cliff@arcadiapower.com,Cliff Bernstein,,,,,,,VP Marketing,,,,Arcadia Power,,,,,,https://www.linkedin.com/in/cliff-bernstein-0b402144/,
