Accounting,fir,l,email,liknedin,title,Linkedin
Ashley Scorpio,,,"VP, Partnerships",Hawke Media,ascorpio@hawkemedia.com,https://www.linkedin.com/in/ashleyscorpio/
Jordan Bravo (JB),,,"VP, Influencer Marketing",AwesomenessTV,jordanb@awesomenesstv.com,https://www.linkedin.com/in/jordan-bravo/
Michelle Persad,,,VP of Marketing,Coterie,michelle@coterie.com,https://www.linkedin.com/in/michelle-persad-baa52048/
Kristin Corrigan,,,VP of Engagement Marketing,Walt Disney Television,kristin.corrigan@disney.com,https://www.linkedin.com/in/kristen-corrigan-0aa913ab/
Dustin Sandoval,,,VP of Digital Marketing,Walt Disney Studios Motion Pictures,dustin.sandoval@disney.com,https://www.linkedin.com/in/dustin-sandoval-997b47143/
Cliff Bernstein,,,VP Marketing,Arcadia Power,cliff@arcadiapower.com,https://www.linkedin.com/in/cliff-bernstein-0b402144/
Catherine Gill,,,"Vice President, Marketing",AwesomenessTV,catherineg@awesomenesstv.com,https://www.linkedin.com/in/catherine-gill-97136a5/
Sarah Flanagan,,,US International Digital Marketing - Marketing Rotation,Sony Music Entertainment,sarah.flanagan@sonymusic.com,https://www.linkedin.com/in/sarahmflanagan/
Doug neil,,,SVP of Digital Marketing Universal Theatrical,Universal Theatrical,doug.neil@nbcuni.com,https://www.linkedin.com/in/dougneil2020/
Matt lipson,,,SVP media,Consultant for Entertainment Studios,lipson@gmail.com,https://www.linkedin.com/in/mlipson/
Tom Balamaci,,,SVP E-Commerce,firstmedia.com,tbalamaci@first.media,https://www.linkedin.com/in/tbalamaci/
Emilie Pacheco,,,"Sr. Director, Marketing & Retention",goop.com,emilie@goop.com,https://www.linkedin.com/in/emilieapacheco/
Elisa Park,,,Sr. Director of Marketing,Tencent America,elisapark@tencent.com,https://www.linkedin.com/in/elisa-park-4149524/
Michael Fellner,,,Sr. Director of Marketing,Chambong (101 Commerce),michael.fellner@101-commerce.com,https://www.linkedin.com/in/mfellner/
Lauren Castillon,,,Sr. Communications Manager,Califia Farms,laurenc@califiafarms.com,https://www.linkedin.com/in/lauren-castillon-a8487417/
Saima Faheem,,,"Specialist, Media Strategy",Disney Channel,saima.faheem@disney.com,https://www.linkedin.com/in/saima-faheem-75445346/
Andre Pascual,,,Social Media Strategy Manager,Rumbleon.com,andre@rumbleon.com,https://www.linkedin.com/in/andrepascual/
Brittney DeVine-Daugherty,,,Social Media Specialist,Rumbleon.com,brittney@rumbleon.com,https://www.linkedin.com/in/brittney-devine-daugherty-30534479/
Maddy Simmer,,,Social Media Manager,Califia Farms,maddys@califiafarms.com,https://www.linkedin.com/in/madeline-simmer-94b743ba/
Mikkayla Casey,,,Social Media Manager,Giddy,mikkayla@getmegiddy.com,https://www.linkedin.com/in/mikkaylacasey/
Erica Flood,,,Social Media Director,Westbook Media,erica@westbrookinc.com,https://www.linkedin.com/in/ericalogiudice/
Scarlett Winningham,,,Social Media Coordinator,HotelTonight,scarlett.winningham@hoteltonight.com,https://www.linkedin.com/in/scarlettwinningham/
Greer Shellow,,,Social Media,Fabriq,greer@meetmindful.com,
Alex Bertoni,,,Senior Social Media Producer,Amazon Studios,alex.bertoni@amazonstudios.com,https://www.linkedin.com/in/alex-bertoni-78411236/
Lauren Tejeda,,,"Senior Marketing Manager, DreamworksTV",AwesomenessTV,laurent@awesomenesstv.com,https://www.linkedin.com/in/laurentejeda/
Hortense Soulier,,,Senior Marketing Manager,DiversyFund,hortense@diversyfund.com,https://www.linkedin.com/in/hortensesoulier/
Kerry Lyn McCarron,,,Senior Marketing Manager,Wondery,kerry@wondery.com,https://www.linkedin.com/in/kerrylynmccarron/
Regina Khalimova,,,Senior Marketing Manager,Tencent,rkhalimova@tencent.com,https://www.linkedin.com/in/reginakhalimova/
Dan Thomas,,,"Senior Manager, Performance Marketing",Horizon Media,dthomas@horizonmedia.com,https://www.linkedin.com/in/danielliamthomas/
Tony Mickelsen,,,Senior Manager,Neighbor,tony@neighbor.com,https://www.linkedin.com/in/tony-mickelsen-87b43b64/
Kerry Saretsky,,,"SENIOR DIRECTOR, CORPORATE STRATEGY AND INNOVATION – GLOBAL",harpercollins.com,kerry.saretsky@harpercollins.com,
Rian Long,,,Senior Director Of Marketing,MeUndies,rian@meundies.com,https://www.linkedin.com/in/rianklong/
Emily Harlan,,,Senior Digital/ Social Marketing Manager,Beyond Meat,eharlan@beyondmeat.com,https://www.linkedin.com/in/emily-harlan-88702199/
Keri Leon,,,Promotions Specialist,Horizon Media,kleon@horizonmedia.com,https://www.linkedin.com/in/keri-leon-61702835/
Sarah Sutyak,,,PR marketing Communications,life360,ssutyak@life360.com,https://www.linkedin.com/in/sara-sutyak-7442a638/
Brittany Trangsrud,,,PR & Communications Manager,Prestige Beverage Group,btrangsrud@prestigebevgroup.com,https://www.linkedin.com/in/btrangsrud/
Carey Laing,,,PR,HauteBronze,carey@careylaing.com,https://www.linkedin.com/in/carey-laing-4b626717/
Erika Sosa,,,Partnership Marketing & Creative Coordinator,The Walt Disney Company,erika.sosa@disney.com,https://www.linkedin.com/in/erika-sosa-ba7a3764/
Stephanie McGarr,,,Owner,Mybluedot.com,mcgarr.stephanie@gmail.com,
Melissa Hau,,,n/a,SUPCASE,melissa.hau@supcase.com,
Melissa Lyons,,,n/a,Ellenos Yogurt,melissa.lyons@ellenos.com,https://www.linkedin.com/in/melissa-lyons-6a302131/
Aimee Diego,,,"Marketing, Community Manager",Winc Wines,aimee@winc.com,https://www.linkedin.com/in/aimee-diego/
Shaina Pan,,,"Marketing Manager, Awestruck",AwesomenessTV,shainap@awesomenesstv.com,https://www.linkedin.com/in/shainapan/
Brooke Hughes,,,Marketing Manager,Triple 8 Management,brooke@triple8mgmt.com,https://www.linkedin.com/in/brookelhughes/
Troy Petrunoff,,,Marketing Manager,Lensabl,troy@lensabl.com,https://www.linkedin.com/in/troypetrunoff/
Marsha Harris,,,Marketing Director,Really Good Stuff,mharris@reallygoodstuff.com,https://www.linkedin.com/in/marshaharris/
Melissa Hau,,,Marketing Director,Nacuwa,nacuwa.marketing@gmail.com,
Katelyn Needham,,,Marketing Content + Influencer Team Lead,Rumbleon.com,katelyn@rumbleon.com,https://www.linkedin.com/in/katelyn-needham-44b1b279/
Jon Bullinger,,,Marketing,Yéyo Tequila,jon@yeyotequila.com,https://www.linkedin.com/in/jonbullinger/
Kristina Allen,,,Marketing,Green Dot Advertising,kallen@greendotadvertising.com,https://www.linkedin.com/in/allenkristina/
Rachel Wong,,,Manger of Social Media Strategy,Walt Disney Television,rachel.r.wong@disney.com,https://www.linkedin.com/in/rachelwong/
Annalise Rodli,,,Manager of Franchise Management,The Walt Disney Company,annalise.t.rodli@disney.com,https://www.linkedin.com/in/annalise-rodli-59874b14/
Erika Capra,,,Manager of Engagement Marketing,Walt Disney Television,erika.capra@disney.com,https://www.linkedin.com/in/erika-capra-74791655/
Collin Williamson,,,Manager of Business Development,Winc Wines,collin@winc.com,https://www.linkedin.com/in/collinwilliamson/
Prab Marwah,,,Manager of Audience Development,Omaze,prab@omaze.com,https://www.linkedin.com/in/prabmarwah/
David Hughes,,,Manager,Entercom,davidhughes91011@gmail.com,https://www.linkedin.com/in/davidhughescbs/
Jennifer Huie,,,Legal,Disney,jennifer.huie@disney.com,https://www.linkedin.com/in/huieco/
Rupal Patel,,,"Leader, Marketing and Product Management - Wireless",Amazon,rpatel@amazon.com,https://www.linkedin.com/in/rohinjpatel/
Maddie Kirkland,,,Integrated Marketing Associate,Gymboree Group,madeleine_kirkland@gymboree.com,
Tara Wright,,,Head of Social,Namaste Technologies,tara.w@namastetechnologies.com,https://www.linkedin.com/in/tarawright530/
Arda Bedoyan,,,Franchise Management Coordinator,The Walt Disney Company,arda.bedoyan@disney.com,https://www.linkedin.com/in/arda-bedoyan-6b021013b/
Bryan Fisher,,,Founder and CEO,Data Driven Marketing,bryan@datadrivemarketing.com,https://www.linkedin.com/in/bryan-fisher-7a8a15179/
Erin Urbina,,,Founder and CEO,Isabel Bond,erin@isabelbond.com,https://www.linkedin.com/in/erinmarymann/
Katerina Schneider,,,Founder & CEO,Ritual,kat@ritual.com,https://www.linkedin.com/in/katerinamarkov/
Tim Near,,,Founder & CEO,"Cyborg, Inc.",tim.near@cyborg.io,https://www.linkedin.com/in/tim-near-12541064/
Erica Scanlon,,,Founder,Toolaloo,erica@toolaloo.com,https://www.linkedin.com/in/ericascanlon/
JULIE SAWAYA,,,Founder,Needed,julie@thisisneeded.com,https://www.linkedin.com/in/julie-sawaya-47a78a12/
Madeline Fraser,,,Founder,The Ring Co.,madeline@theringco.com,https://www.linkedin.com/in/madeline-fraser-7a8a637b/
Mark Mastrandrea,,,Founder,Ikonick,mark@ikonick.com,https://www.linkedin.com/in/markmastrandrea/
Phil Sprawls,,,Founder,Hansel,phil@gethansel.com,https://www.linkedin.com/in/psprawls/
Jared Smith,,,eCommerce,Playboy,jsmith@playboy.com,https://www.linkedin.com/in/jared-smith-a06742ba/
Cyndi Dart,,,Director-Trade Marketing,Sexy Hair Concepts,cyndid@sexyhair.com,https://www.linkedin.com/in/cyndi-dart-4434488/
Theresa Helmer,,,Director of Social Media Strategy,Walt Disney Television,theresa.helmer@disney.com,https://www.linkedin.com/in/theresa-h-a0737030/
Missy Galang,,,Director of Revenue,Diversyfund,missy@diversyfund.com,https://www.linkedin.com/in/missygalang/
Ariella Roberts,,,Director of Partnership Planning,Walt Disney Television,ariella.roberts@disney.com,https://www.linkedin.com/in/ariella-roberts-75709a7/
Matt Burke,,,Director of Operations,Healthy Market,mburke@healthymarket.com,https://www.linkedin.com/in/matt-burke-48a746184/
Claire Knebl,,,Director of Marketing,Ritual,claire@ritual.com,https://www.linkedin.com/in/claire-knebl-05658126/
Jeff Gire,,,Director of Marketing,The Tech Museum of Innovation,jgire@thetech.org,https://www.linkedin.com/in/jeffgire/
Larissa,,,Director of Marketing,1800 Pet Meds,lschenck@1800petmeds.com,https://www.linkedin.com/in/larissaschenck/
Jenna Sonenshein,,,Director of Engagement Marketing,Walt Disney Television,jenna.n.sonenshein@disney.com,https://www.linkedin.com/in/jennasonenshein/
Jon Bullinger,,,Director of E-Commerce & Marketing,NuNaturals,jon.bullinger@nunaturals.com,https://www.linkedin.com/in/jonbullinger/
stefanie podolak,,,Director of Ecomm,Jouer Cosmetics,spodolak@jouercosmetics.com,
Erica J. Kaufman,,,"Director of Corporate Franchise Management - Disney Princess, Frozen and Girls Properties",The Walt Disney Company,erica.j.kaufman@disney.com,https://www.linkedin.com/in/ericakaufman/
Erica Flood,,,Director of Content and Social Marketing,Buddy Nutrition,erica@buddynutrition.com,https://www.linkedin.com/in/ericalogiudice/
Eric Furnee,,,Director of Business Development & Marketing Partnerships,Winc,eric@winc.com,https://www.linkedin.com/in/ericfurnee/
Nicolas J,,,Digital Marketing Specialist,BoxyCharm,nicolasj@boxycharm.com,https://www.linkedin.com/in/itsnickjoseph/
Alexia Bouttier,,,Digital Marketing Manager,AwesomenessTV,alexiab@awesomenesstv.com,https://www.linkedin.com/in/alexia-bouttier-a3865335/
Elizabeth Tran,,,Digital Marketing,Walt Disney Studios,elizabeth.i.tran@disney.com,https://www.linkedin.com/in/elizabeth-tran-b6264339/
Kip Parra,,,Digital Content Manager,Mezcal El Silencio,kip@silencio.com,https://www.linkedin.com/in/kip-parra-1734a844/
Pablo Chaparro,,,Digital Advertising at CBS Local Digital Media,Entercom,pablo.chaparro@entercom.com,https://www.linkedin.com/in/pablo-chaparro-58921a4/
Tatianna Montoya,,,Content Manager,DiversyFund,tatianna@diversyfund.com,https://www.linkedin.com/in/tatianna-montoya-b049a967/
Carolina Gutnisky,,,Consultant,310 Nutrition,carolina@310nutrition.com,
Carrie C,,,Community Marketing Manager,Launch Pop,carrie@launchpop.io,https://www.linkedin.com/in/carrie-chan-/
Adam Steinberg,,,"Co-founder, CMO",Flow Kana,adam@flowkana.com,https://www.linkedin.com/in/adam-steinberg-5227b01b/
Dug Nichols,,,Co-Founder and CEO,Kidizen,dnichols@kidizen.com,https://www.linkedin.com/in/dugnichols/
David Sobie,,,Co-Founder,Happy Returns,david.sobie@happyreturns.com,https://www.linkedin.com/in/david-sobie-a37ab/
Jake Sandler,,,Co-Founder,ChangeRoots.com,jake@changeroots.com,https://www.linkedin.com/in/jake-sandler/
Kaley Lillibridge,,,Co-Founder,Sagely,kaley@sagelynaturals.com,https://www.linkedin.com/in/kaley-lillibridge-nichol-b7939787/
Nikhil Arora,,,Co-Founder,Back to the Roots,nikhil@backtotheroots.com,https://www.linkedin.com/in/aroranikhil/
denise Jin,,,Co Founder,Floravere,denise@floravere.com,https://www.linkedin.com/in/denisejin/
Evelyn Rusli,,,Co Founder,Yumi,evelyn.rusli@helloyumi.com,https://www.linkedin.com/in/evelynrusli/
Steve Raack,,,CEO/Founder,Vitalibis,sraack@vitalibis.com,https://www.linkedin.com/in/steveraack/
Eric Mesa,,,"CEO, Co-Founder",GotSneakers,eric@gotsneakers.com,https://www.linkedin.com/in/emesa/
Tom Harari,,,CEO & Co-Founder,Cleanly,tom@cleanly.com,https://www.linkedin.com/in/tomharari/
Bob Jones,,,CEO,ORAL IV,bjones@oraliv.com,https://www.linkedin.com/in/bobbyjones727/
Cody Barbo,,,CEO,Trust and Will,cody@trustandwill.com,https://www.linkedin.com/in/codybarbo/
David Weissman,,,CEO,Beauty By Design,david@beautybydesign.com,https://www.linkedin.com/in/davidw/
Greg Maged,,,CEO,Seen,greg@helloseen.com,https://www.linkedin.com/in/greg-maged-8238361/
Jake Poses Poses,,,CEO,Jumprope,jake@jumprope.com,https://www.linkedin.com/in/jake-poses-014b853/
Jim Mccarthy,,,CEO,Goldstar Events Inc,jmccarthy@goldstar.com,https://www.linkedin.com/in/jcmccarthy/
John Bohan,,,CEO,Socialtyze,john@socialtyze.com,https://www.linkedin.com/in/johnbohan/
molly kang,,,CEO,Floravere,molly@floravere.com,https://www.linkedin.com/in/molly-kang-b7247119/
Sam Shank,,,CEO,Hotel Tonight,sam@hoteltonight.com,https://www.linkedin.com/in/samshank/
Alice Rhoades,,,Brand Partnership Manager,Humm Kombucha,alice@hummkombucha.com,https://www.linkedin.com/in/alice-leblond-4764b44/
Stacey Levine,,,Brand Marketing Manager,Drybar,stacey.levine@thedrybar.com,https://www.linkedin.com/in/stacey-levine-70162261/
Kayla Dixon,,,Brand Manager,TikTok,kayla.dixon@bytedance.com,https://www.linkedin.com/in/kayladixonmba/
Eilly Oneil,,,Associate Planning Director,Essence Global,eilly.oneil@essenceglobal.com,https://www.linkedin.com/in/eillyoneil/
Michelle Lee,,,"Associate Manager, Influencer Marketing",Ritual,michellel@ritual.com,https://www.linkedin.com/in/michelleyklee/
Nader Parvin,,,Account Coordinator,iwonorganics,nparvin@iwonorganics.com,https://www.linkedin.com/in/nader-parvin-8b4aa17/
aasim rizvi,,,,hawke media,aasim@hawkemedia.com,https://www.linkedin.com/in/aasim-r-735b4175/
Accounting,,,,Buddy Nutrition,accounting@buddynutrition.com,
Adam Porter,,,,Townsquare Media,adam.porter@townsquaremedia.com,https://www.linkedin.com/in/adam-porter-7aab1397/
Alex Kennedy,,,,Smokin' Hot Solutions,alex.kennedy@smokinhotsolutions.com,https://www.linkedin.com/in/alex-kennedy-19285885/
Alex,,,,relovv.com,alex@relovv.com,https://www.linkedin.com/in/alexandrashadrow/
Alexis Wallsh,,,,Sexy Hair,alexis.wallsh@sexyhair.com,https://www.linkedin.com/in/alexiswallsh/
Alib,,,,Harmonica (formerly Saeger Media Group),alib@harmonica.co,
Ruben Kachian Everdeen,,,,KushyCBD.com,allie@kushypunch.com,https://www.linkedin.com/in/everdeenac/
allie rosehill,,,,MeUndies,allie@meundies.com,https://www.linkedin.com/in/alliemaerosehill/
Amirah Keaton,,,,MSLGROUP,amirah.keaton@mslgroup.com,https://www.linkedin.com/in/amirahkeaton/
Andrew Nagle,,,,Glammly,andrew@glammly.com,https://www.linkedin.com/in/andrewnagle/
Angela Sutherland,,,,Yumi,angela@helloyumi.com,https://www.linkedin.com/in/angela-s-189b9864/
Erbanna Shuch,,,,Erbanna,ann@erbanna.com,https://www.linkedin.com/in/ann-shuch-07436a126/
Annie Bunje,,,,"Ready, Set, Food!",annie@readysetfood.com,https://www.linkedin.com/in/annie-bunje-8918858/
Amy Riordan,,,,Crabtree-Evelyn,ariordan@crabtree-evelyn.com,https://www.linkedin.com/in/amyeriordan/
Arni,,,,Maria Shireen,arni@mariashireen.com,https://www.linkedin.com/in/%C3%A1rni-thor-945b/
Ashwin SOkke,,,,Fit and glow inc,ashwin@fitandglow.in,https://www.linkedin.com/in/ashwinsokke/
Aurora Diazs,,,,Musely,aurora@musely.com,https://www.linkedin.com/in/aurorandiaz/
Avery Wright,,,,72andSunny,avery.wright@72andsunny.com,https://www.linkedin.com/in/averyjwright/
Becca Brown,,,,Solemates,becca@thesolemates.com,https://www.linkedin.com/in/brownbecca/
