Full Name,First Name,Last Name,Title,Company,Email,Final Linkedin
Jeanette Rodriguez,Jeanette,Rodriguez,Vendor Relations Representative,Chubb,jeanette.rodriguez@chubb.com,https://linkedin.com/in/jeanette-rodriguez-5749a49
Bill Naylon,Bill,Naylon,President,Vituity (formerly MedAmerica),,https://linkedin.com/in/bill-naylon-51349b18
Patricia Bomba,Patricia,Bomba,"Vice President & Medical Director, Geriatrics",Vituity (formerly MedAmerica),,
Cheryl Bush,Cheryl,Bush,VP LTC Operations,Vituity (formerly MedAmerica),,https://linkedin.com/in/cheryl-bush-02901718
Terry Ezell,Terry,Ezell,VP Operations,Guaranty Income Life Ins Co.,terry@gilico.com,https://linkedin.com/in/terry-ezell-27166332
Susie Crane,Susie,Crane,,Keenan,scrane@keenan.com,
Christina Griffin,Christina,Griffin,,FIRMS at First Insurance Company of Hawaii,,https://linkedin.com/in/christina-griffin-1b4278a4/
Shari Botelho,Shari,Botelho,Director of Operations,Abstentia Solutions,shari.botelho@absentiasolutions.com,https://linkedin.com/in/shari-botelho-83538b129/
Matt Gonder,Matt,Gonder,Claims Director,BerkleyNet,m.gonder@berkleynet.com,https://linkedin.com/in/matt-gonder-aic-arm-58a2a135/
Dawn LeBlanc,Dawn,LeBlanc,Managing Director Hartford Insurtech Hub,The Hartford (Travelers),dawn@startupbootcamp.org,https://www.linkedin.com/in/dawn-leblanc-innov11/
Michael Lipe,Michael,Lipe,"Director, Marketing Strategy",Insperity,michael.lipe@insperity.com,https://linkedin.com/in/michael-lipe-6189105b
Stephanie Ochoa,Stephanie,Ochoa,,United AMG,,
Jeff Romback,Jeff,Romback,"Deputy Director, Policy, Planning",Michigan Association Health Plans,jromback@mahp.org,https://linkedin.com/in/jeff-romback-0168815
Laura Osminski,Laura,Osminski,,Michigan Association Health Plans,losminski@mahp.org,https://www.linkedin.com/in/laura-osminski-a76636180/
Diane Drago,Diane,Drago,,Michigan Association Health Plans,ddrago@dmsevents.com,https://www.linkedin.com/in/diane-drago-8a752429/
Christine Sundell,Christine,Sundell,,Michigan Association Health Plans,csundell@mahp.org,https://linkedin.com/in/christine-sundell-a920a97
Leslie Littell,Leslie,Littell,Senior Utilization Management Review Nurse,COUNTRY Financial (SNL Life Group),leslie.littell@countryfinancial.com,https://linkedin.com/in/leslie-littell-04b10738
Jeff Roberts,Jeff,Roberts,,Physicians Mutual Insurance Co (LifeSecure),,https://linkedin.com/in/jeff-roberts-06a63029/
Samantha Hall,Samantha,Hall,"Divisional VP, CLTC",OneAmerica,samantha.hall@oneamerica.com,https://linkedin.com/in/samanthahallcltc
 ,,,,Disability Insurance Specialists,mheleniak@dispec.com,
Evelyn Stewart,Evelyn,Stewart,,Disability Insurance Specialists,estewart@dispec.com,
Rita Holroyd,Rita,Holroyd,Vp-claims,Disability Insurance Specialists,rholroyd@dispec.com,https://linkedin.com/in/rita-holroyd-6a102420
andrew johnston @willistowerswatson.com,andrew johnston,#NAME?,,Willis Re,andrew.johnston@willistowerswatson.com,https://www.linkedin.com/in/andrew-johnston-416a51a6/
Tracy Rodiek,Tracy,Rodiek,,City of Austin EAP,,https://linkedin.com/in/tracy-rodiek-90b79912/
Tracy Goldman,Tracy,Goldman,,City of Austin EAP,tgoldman@employeeperksnow.com,
Timothy Dona,Timothy,Dona,President,Newman LTC,timd@newmanltc.com,https://www.linkedin.com/in/timothy-dona-94a5a02
Deb Newman,Deb,Newman,Former founder & ceo (retired),Newman LTC,,https://linkedin.com/in/debracnewman/
Timothy Dona,Timothy,Dona,President,Newman LTC,,https://linkedin.com/in/timothy-dona-94a5a02/
Jodi Anatole,Jodi,Anatole,,LTCre (Reinsurer for PennTreaty),jodianatole@aol.com,https://www.linkedin.com/in/jodi-anatole-37745347/?external_page=LPC.Immersive&external_control=ViewProfileInLinkedInLink&external_app_instance=670630e4-4924-455b-aef9-d0df0fbddc39&external_page_instance=807f49f1-e5ee-47a4-bd93-f7199dbefb58
Louis Brownstone,Louis,Brownstone,Owner,California Long-term Care insurance,louis@cltcinsurance.com,https://linkedin.com/in/louis-brownstone-56148a6
Allan Farovitch,Allan,Farovitch,President,California Long-term Care insurance,,https://linkedin.com/in/allan-farovitch-6a6b6418
Katie O'Rourke,Katie,O'Rourke,Managing Partner,California Long-term Care insurance,,https://linkedin.com/in/katieorourkecltci/
Diann Murphy,Diann,Murphy,Client Services Manager,California Long-term Care insurance,,https://linkedin.com/in/diann-murphy-522a1719/
Amjed Al-Zoubi,Amjed,Al-Zoubi,VP Application Systems,Amerisure,aal-zoubi@amerisure.com,https://linkedin.com/in/amjedalzoubi
Joseph Pietrandrea,Joseph,Pietrandrea,VP Sales,Knights of Columbus Insurance,joseph.pietrandrea@kofc.org,https://linkedin.com/in/joseph-pietrandrea-869195a
Tom Burkhard,Tom,Burkhard,Senior Vice President,Knights of Columbus Insurance,tom.burkhard@kofc.org,https://www.linkedin.com/in/tomburkhard2009/
John Woerner,John,Woerner,,Ameriprise Financial,john.woerner@ameriprise.com,https://linkedin.com/in/john-woerner-1132153
Steve Riesterer,Steve,Riesterer,Sr Director Marketing Communications Programs,Ameriprise Financial,,https://linkedin.com/in/steve-riesterer-86429b3/
Steve Moore,Steve,Moore,Ltc Regional Director,Pacific Life,steve.moore@pacificlife.com,https://linkedin.com/in/stevemoorepl
Linda Harris,Linda,Harris,"Supervisor, Claims Administration",Pacific Life,linda.harris@pacificlife.com,https://linkedin.com/in/linda-harris-3441a353
Joe Vasquez,Joe,Vasquez,"
Senior Vice President",ESIS,joe.vasquez@esis.com,
Veronica Cressman,Veronica,Cressman,VP Medical Programs,ESIS,veronica.cressman@esis.com,https://linkedin.com/in/veronica-cressman-45409590
Julie Fischer,Julie,Fischer,,ESIS,julie.fischer@esis.com,https://linkedin.com/in/julie-fischer-2299157/
Sara Mulick,Sara,Mulick,VP Enterprise Sales,ESIS,sara_mulick@onecallcm.com,https://linkedin.com/in/sara-mulick-07115513
Will Smith,Will,Smith,One Call Care Management,ESIS,will_smith@onecallcm.com,
Brian Zoya,Brian,Zoya,"SVP, Product Management",ESIS,brian_zoya@onecallcm.com,https://linkedin.com/in/brian-zoya-62079a7
Elizabeth Wade,Elizabeth,Wade,"Assistant VP, Strategic Outcomes",ESIS,elizabeth.wade@esis.com,https://linkedin.com/in/elizabeth-liz-wade-93764611
John O'Leary,John,O'Leary,,O'Leary Marketing Associates,john@olearymarketingassociates.com,https://www.linkedin.com/in/john-o-leary-8a72b54/
Ross Stedman,Ross,Stedman,"Manager, Group, Individual Claims",Minnesota Life (Securian),ross.stedman@securian.com,https://linkedin.com/in/ross-stedman-4020427
Judge Rissman,Judge,Rissman,Assistant Analyst,Minnesota Life (Securian),judge.rissman@securian.com,https://linkedin.com/in/judgerissman
Kyle Wilson,Kyle,Wilson,"Ltc, Ci Product Consultant",Minnesota Life (Securian),kyle.wilson@securian.com,https://linkedin.com/in/kyleaw
Sedgwick ,Sedgwick,,,Sedgwick Claims Management Services,sedgwick@sedgwick.com,
Teresa Bartlett,Teresa,Bartlett,SVP,Sedgwick Claims Management Services,teresa.bartlett@sedgwick.com,https://linkedin.com/in/teresa-bartlett-50b09986
 ,,,,NFL,memberservice@nflalumni.org,
Lashay Rose,Lashay,Rose,,NFL,lrose@nflpb.org,
Miki Yaras-Davis,Miki,Yaras-Davis,Sr. Director of Benefits,NFL,,
Kristen Kirk,Kristen,Kirk,,NFL,kkirk@nflpb.org,https://linkedin.com/pub/kristen-kirk/59/a53/15
Chris Kay,Chris,Kay,"Senior Vice President, Chief Innovation Officer",Humana,ckay@humana.com,https://linkedin.com/in/chkay
Lewis Bertolucci,Lewis,Bertolucci,"Digital Strategy, Innovation Leader",Humana,lbertolucci@humana.com,https://linkedin.com/in/lbertolucci
Karen Lee,Karen,Lee,"Innovation, Strategic Partnerships Leader, Humana Wellness",Humana,klee@humana.com,https://linkedin.com/in/karenmichelelee
Graham McNally,Graham,McNally,"Director, Innovation",Humana,gmcnally@humana.com,https://linkedin.com/in/graham-mcnally-b399325
Elaine Boardman,Elaine,Boardman,"Director of Operations, Transitions Program, Humana",Humana,eboardman@humana.com,https://linkedin.com/pub/elaine-boardman/44/849/b86
James Bafaro,James,Bafaro,Innovation,State Farm,james.bafaro@statefarm.com,https://linkedin.com/in/jamesbafaro
Jessica Shull,Jessica,Shull,Innovation Manager,State Farm,jessica.shull.j42r@statefarm.com,https://linkedin.com/in/jessicalynnshull
Dar Hakimi,Dar,Hakimi,Innovation Director,State Farm,"dar.hakimi.cqhb@statefarm.com, 'thehakimis@gmail.com",https://linkedin.com/in/dar-hakimi-9b78a030
Erin Olander,Erin,Olander,Innovation Manager,State Farm,,https://linkedin.com/pub/erin-olander-clu/21/b22/4a5
Erin Olander,Erin,Olander,"Innovation Manager, Go-to-market",State Farm,erin.olander@statefarm.com,https://linkedin.com/in/erin-olander-4a5b2221
Russ Hoffbauer,Russ,Hoffbauer,Claims Director,State Farm,russ.hoffbauer.a30x@statefarm.com,https://linkedin.com/in/russ-hoffbauer-9bb44477
Marcus Rohlfs,Marcus,Rohlfs,,State Farm,,https://linkedin.com/pub/marcus-rohlfs/116/71a/b71
Alessandro Vigilante,Alessandro,Vigilante,"VP, Head of US West Coast Innovation Ecosystem Research",Fidelity Investments,alessandro.vigilante@fidelity.com,https://linkedin.com/in/alessandrovigilante
Keith Leader,Keith,Leader,Director LTC Operations,LTC Partners,,https://linkedin.com/in/keith-leader-b482b42/
William J. Neugroschel,William,J. Neugroschel,,United Security Assurance Company of Pennsylvania,,https://linkedin.com/in/bill-neugroschel-1060345
Martha Stephens,Martha,Stephens,,United Security Assurance Company of Pennsylvania,,https://linkedin.com/in/martha-stephens-7910453b/
Kathleen Galia,Kathleen,Galia,,Paradigm Corp,kathleen.galia@paradigmcorp.com,https://www.linkedin.com/in/kathygalia/
Laurie Anderson,Laurie,Anderson,,Paradigm Corp,laurie.anderson@paradigmcorp.com,https://www.linkedin.com/in/laurie-anderson-5b01b52/?external_page=LPC.Immersive&external_control=ViewProfileInLinkedInLink&external_app_instance=670630e4-4924-455b-aef9-d0df0fbddc39&external_page_instance=8f31defa-8408-48c4-9645-709777d0fd96
Michael Choo,Michael,Choo,Social Media Voice,Paradigm Corp,michael.choo@paradigmcorp.com,https://linkedin.com/in/michael-choo-md-89b3156a
Karen Delong,Karen,Delong,EA,Paradigm Corp,karen.delong@paradigmcorp.com,https://linkedin.com/in/karen-delong-bb3267a
Andy Corbin,Andy,Corbin,"Director, Claims Division",Auto-Owners Life Insurance Co.,,https://linkedin.com/in/andy-corbin-b6b153b/
William Thompkins,William,Thompkins,Director (claims),Auto-Owners Life Insurance Co.,,https://linkedin.com/in/william-p-thompkins-aic-lpcs-21472960/
Julie Wilkinson,Julie,Wilkinson,VP IT,Auto-Owners Life Insurance Co.,julie.wilkinson@auto-owners.com,https://linkedin.com/in/julie-wilkinson-67a76b10/
Christopher Neal,Christopher,Neal,"Claim Specialist, Disability",Ameritas,christopher.neal@ameritas.com,https://linkedin.com/in/chris-neal-a9478665
 ,,,,Woodmen Life (subsidiary Woodmen Insurance Agency),drief@woodmen.org,https://www.linkedin.com/in/diane-rief-32897391/?external_page=LPC.Immersive&external_control=ViewProfileInLinkedInLink&external_app_instance=670630e4-4924-455b-aef9-d0df0fbddc39&external_page_instance=b184cc0d-d00f-4cbe-9c98-19dfe7a859d3
petersen ,petersen,,,Woodmen Life (subsidiary Woodmen Insurance Agency),jpetersen@woodmen.org,
Kelly Robicheau,Kelly,Robicheau,"Manager, Member Benefits and Programs",Woodmen Life (subsidiary Woodmen Insurance Agency),,https://linkedin.com/in/kelly-robicheau-1b434a147/
Nate Smith,Nate,Smith,Chief Innovation Officer,Woodmen Life (subsidiary Woodmen Insurance Agency),nsmith@woodmen.org,https://linkedin.com/in/nateinc/
Denise McCauley,Denise,McCauley,"SVP, Operations",Woodmen Life (subsidiary Woodmen Insurance Agency),dmccauley@woodmen.org,https://linkedin.com/in/denise-mccauley-5113465
Matthew Keenan,Matthew,Keenan,Senior Manager,Trustmark,matthew.keenan@trustmarkinsurance.com,https://www.linkedin.com/in/matthew-keenan-79bb9a58/
Ted Reed,Ted,Reed,,Unum,ereed@unum.com,https://linkedin.com/in/ted-reed-31276a13
Heather Picard,Heather,Picard,,Unum,hpicard@unum.com,https://www.linkedin.com/in/heather-picard-688761186/
Lori Whynot,Lori,Whynot,"VP, Group, Individual Benefit Operations",Unum,lwhynot@unum.com,https://linkedin.com/in/lori-whynot-22429515
Steven Zabel,Steven,Zabel,"President, Closed Block Operations",Unum,szabel@unum.com,https://linkedin.com/in/steven-zabel-87b5037
Michelle Bryer,Michelle,Bryer,Assistant VP,Unum,mbryer@unum.com,https://linkedin.com/in/michelle-bryer-685476b0
Stephanie Perry,Stephanie,Perry,"Director Clinical, Vocational Services",Unum,sperry@unum.com,https://linkedin.com/in/stephanie-c-perry-5aa4a427
Sonya Soule,Sonya,Soule,Administrative Assistant,Unum,ssoule@unum.com,https://linkedin.com/in/sonya-soule-a9912868
Adam Auvil,Adam,Auvil,"VP, Corporate Development",Bankers Life and Casualty Company (CNO Financial company),adam.auvil@cnoinc.com,https://linkedin.com/in/adam-auvil-9b645721
Michael Dorsey,Michael,Dorsey,Operations Delivery Manager,Bankers Life and Casualty Company (CNO Financial company),m.dorsey@banklife.com,https://www.linkedin.com/in/michael-dorsey-3265b511
Scott Goldberg,Scott,Goldberg,President,Bankers Life and Casualty Company (CNO Financial company),scott.goldberg@bankerslife.com,https://www.linkedin.com/in/scott-goldberg-6b9a96/
Cory O'Connor,Cory,O'Connor,Lead Care Specialist,Bankers Life and Casualty Company (CNO Financial company),c.o'connor@banklife.com,https://www.linkedin.com/in/coryoconnor60613
John Sartore,John,Sartore,"VP, Operations",Wilton Re,jsartore@wiltonre.com,https://linkedin.com/in/john-sartore-35b26125
Karen Smyth,Karen,Smyth,,Wilton Re,ksmyth@wiltonre.com,https://linkedin.com/in/karen-smyth-b572b67
Andrew Wood,Andrew,Wood,"CIO, Support PM",Wilton Re,awood@wiltonre.com,https://www.linkedin.com/in/andy-wood-255696/
Joan Stear,Joan,Stear,,Wilton Re,jstear@wiltonre.com,https://www.linkedin.com/in/joan-stear-9129b6100/
Gina Besz,Gina,Besz,"Assistant VP, Claims, Process Engineering",Penn Treaty Network (Administered by TriPlus),gbesz@penntreaty.com,https://linkedin.com/in/gina-besz-65827511a
Sharon Reed,Sharon,Reed,"SVP, Insurance Operations",Penn Treaty Network (Administered by TriPlus),sreed@penntreaty.com,https://linkedin.com/in/sharonreed323
Gina Besz,Gina,Besz,,Penn Treaty Network (Administered by TriPlus),gbesz@triplusservices.com,https://www.linkedin.com/in/gina-besz-65827511a
Trinnia Graham,Trinnia,Graham,Corporate Paralegal,One Call,trinnia_graham@onecallcm.com,https://linkedin.com/in/trinnia-graham-28130150
Sara Mulick,Sara,Mulick,VP Enterprise Sales,One Call,sara_mulick@onecallcm.com,https://linkedin.com/in/sara-mulick-07115513
Brian Zoya,Brian,Zoya,"SVP, Product Management",One Call,brian_zoya@onecallcm.com,https://linkedin.com/in/brian-zoya-62079a7
Nikki BrooksWilde,Nikki,BrooksWilde,EA,One Call,nikki_brookswilde@onecallcm.com,https://www.linkedin.com/in/njbrooks1
Will Smith,Will,Smith,One Call Care Management,One Call,will_smith@onecallcm.com,
Andy Adamson,Andy,Adamson,Sr. Strategic Account Manager a,One Call,andrew_adamson@onecallcm.com,https://www.linkedin.com/in/andyadamson1986
Brandon Culp,Brandon,Culp,"Director of Product Management, Home Health, Complex Care",One Call,brandon_culp@onecallcm.com,https://linkedin.com/in/brandonhculp
Kevin Glennon,Kevin,Glennon,"Vp-home Health, Complex Care Services",One Call,kevin_glennon@onecallcm.com,https://linkedin.com/in/kevin-glennon-97b3bb14
Kim Radcliffe,Kim,Radcliffe,SVP Clinical Operations,One Call,kim_radcliffe@onecallcm.com,https://linkedin.com/in/kim-radcliffe-mha-pt-5255b99
Kristin Galin,Kristin,Galin,"Disability Income, Long Term Care Program Manager",Massachusetts Mutl Life Ins Co (MassMutual),kgalin@massmutual.com,https://linkedin.com/in/kristin-galin-16b47b56
Devon Wallace,Devon,Wallace,"Assistant VP, Life, Annuity Claims",Massachusetts Mutl Life Ins Co (MassMutual),dwallace@massmutual.com,https://linkedin.com/in/devon-wallace-2858a5a
Emmanuel Vera,Emmanuel,Vera,Senior Disability Claims Examiner,Massachusetts Mutl Life Ins Co (MassMutual),evera@massmutual.com,https://linkedin.com/in/emmanuel-vera-10b40b20
Julie DiCesare,Julie,DiCesare,"Business Development Consultant, Di, Ltc Claim Consultant",Massachusetts Mutl Life Ins Co (MassMutual),jdicesare@massmutual.com,https://linkedin.com/in/julie-dicesare-7a472788
Jill Da Silva,Jill,Da Silva,"EA, Operations",Massachusetts Mutl Life Ins Co (MassMutual),jdasilva@massmutual.com,https://linkedin.com/in/jsdasilva
Gopika Kannan,Gopika,Kannan,"Assistant VP, Cognitive Solutions, Innovation Practices",Massachusetts Mutl Life Ins Co (MassMutual),gkannan@massmutual.com,https://linkedin.com/in/gopikakannan
Nelson Cabral,Nelson,Cabral,,Massachusetts Mutl Life Ins Co (MassMutual),,https://linkedin.com/in/nelson-cabral-6300679/
Patrick Cieslak,Patrick,Cieslak,Head of DI & LTC Claims,Massachusetts Mutl Life Ins Co (MassMutual),pcieslak@massmutual.com,https://linkedin.com/in/patrick-cieslak-084b042
Jacki Goldstein,Jacki,Goldstein,,Massachusetts Mutl Life Ins Co (MassMutual),,https://linkedin.com/in/jacki-goldstein-61118a8
Pam Delaney,Pam,Delaney,Head of Transformation & Strategic Sourcing,Massachusetts Mutl Life Ins Co (MassMutual),pdelaney@massmutual.com,https://www.linkedin.com/in/pam-delaney-8b522b16
Jessica Calabrese,Jessica,Calabrese,Delivery Lead,Massachusetts Mutl Life Ins Co (MassMutual),jessicacalabrese@massmutual.com,https://linkedin.com/in/jessica-calabrese-25781588
Erik Ross,Erik,Ross,"Associate VP, Nationwide Ventures",Nationwide,erik.s.ross@nationwide.com,https://linkedin.com/in/esross
J Anderson,J,Anderson,"Management Associate, Financial Leadership Rotation Program",Nationwide,andej29@nationwide.com,https://linkedin.com/in/anderjamesbrian
Jennifer Sloey,Jennifer,Sloey,Director Innovation,Nationwide,jennifer@nationwide.com,https://linkedin.com/in/jennifer-sloey-75bbb84a
Alan Demers,Alan,Demers,"VP, Claims Innovation",Nationwide,demersa@nationwide.com,https://linkedin.com/in/alan-demers-b059b145
Amelia Gandara,Amelia,Gandara,"Director of Strategic Partnerships, Nationwide Ventures",Nationwide,amelia.gandara@nationwide.com,https://linkedin.com/in/ameliagandara
 ,,,,Nationwide,popiem2@nationwide.com,
Crystal Wyland,Crystal,Wyland,"VP, Claims",Transamerica Life Insurance Company,crystal.wyland@transamerica.com,https://linkedin.com/in/crystalwyland
Tonya Ulery,Tonya,Ulery,"VP Claims, Customer Service",Transamerica Life Insurance Company,tonya.ulery@transamerica.com,https://linkedin.com/in/tonya-ulery-24366554
Brad Rokosh,Brad,Rokosh,,Transamerica Life Insurance Company,brad.rokosh@transamerica.com,https://linkedin.com/in/brad-rokosh-1377892
Sherry Scott,Sherry,Scott,Senior Claims Specialist III,Transamerica Life Insurance Company,sherry.scott@transamerica.com,https://linkedin.com/in/sherry-scott-22543024
Julie Hansen,Julie,Hansen,Director of Claims,Transamerica Life Insurance Company,julie.hansen@transamerica.com,https://linkedin.com/in/julie-hansen-848280a4
Andrew Pitz,Andrew,Pitz,Investment Manager,Transamerica Life Insurance Company,andrew.pitz@transamerica.com,https://linkedin.com/in/andrewpitz
David Hopewell,David,Hopewell,CPO,Transamerica Life Insurance Company,david.hopewell@transamerica.com,https://linkedin.com/in/david-hopewell-93b1b517
Missy Gordon,Missy,Gordon,"Principal, Consulting Actuary",Milliman,missy.gordon@milliman.com,https://linkedin.com/in/missy-gordon-81624427
Robert Eaton,Robert,Eaton,Consulting Actuary,Milliman,robert.eaton@milliman.com,https://linkedin.com/in/loveactuary
Julie Ann Larson,Julie,Ann Larson,VP Innovation Solutions,American Enterprise Mutual Holding,,https://linkedin.com/in/julie-ann-larson-29449b22
Julie Stillman Pearce,Julie,Stillman Pearce,Director Innovative Solutions,American Enterprise Mutual Holding,julie.pearce@americanenterprise.com,https://linkedin.com/in/julie-stillman-pearce-934b9323
Dave Keith,Dave,Keith,COO,American Enterprise Mutual Holding,,https://linkedin.com/in/dave-keith-57001037/
Kim Barney,Kim,Barney,"
VP, Chief Administrative Officer",American Enterprise Mutual Holding,kimberly.barney@americanenterprise.com,https://www.linkedin.com/in/kim-barney-ms-3336b04b
Julie Larson,Julie,Larson,Programmer Analyst,American Enterprise Mutual Holding,julie.larson@ae.ventures,https://linkedin.com/in/julie-larson-9928391a
 ,,,,American Enterprise Mutual Holding,edward.croushore@americanenterprise.com,
Kathleen Redgate,Kathleen,Redgate,Non Executive Director,American Enterprise Mutual Holding,kathy.lee@americanenterprise.com,https://www.linkedin.com/in/kathleen-redgate-a897b670
Chad Zelle,Chad,Zelle,"Technology Architect, AE Ventures",American Enterprise Mutual Holding,chad@ae.ventures,https://linkedin.com/in/chad-zelle-3b265b17
Tim O'Connor,Tim,O'Connor,Vice President Claim Operations & Administration,Disability Management Services,tim_oconnor@di-mgmt.com,https://www.linkedin.com/in/tim-o-connor-a820098
Steve Miller,Steve,Miller,Executive Vice President & Chief Operating Officer,Disability Management Services,steve_miller@di-mgmt.com,https://www.linkedin.com/in/steve-miller-6ab56a11
Paul Ziobrowski,Paul,Ziobrowski,VP & Chief Actuary,Disability Management Services,paul_ziobrowski@di-mgmt.com,https://www.linkedin.com/in/paul-ziobrowski-33599926
Robert Bonsall,Robert,Bonsall,,Disability Management Services,robert_bonsall@di-mgmt.com,https://www.linkedin.com/in/robert-bonsall-bb04a718
Kathleen Lyons,Kathleen,Lyons,VP Information Technology,Disability Management Services,,https://linkedin.com/in/kathleen-lyons-1251b95
Angelique Marquez,Angelique,Marquez,Technology Administrator and Insolvency Analyst,Illinois Guaranty Association,amarquez@illinoisga.org,https://www.linkedin.com/in/angelique-marquez-bb2017125/
smandell dimensionsinc,smandell,dimensionsinc,,Illinois Guaranty Association,smandell@dimensionsinc.us,
Michelle O'Leary,Michelle,O'Leary,,Illinois Guaranty Association,moleary@illinoisga.org,
 ,,,,Illinois Guaranty Association,jgarcia@illinoisga.org,
 ,,,,TPM Life Insurance Co.,ltorres@tpmins.com,
 ,,,,TPM Life Insurance Co.,msumar@tpmins.com,
Winona Berdine,Winona,Berdine,,RGA Reinsurance Company,wberdine@rgare.com,https://www.linkedin.com/in/winona-berdine-1552217/
Dave Rengachary,Dave,Rengachary,,RGA Reinsurance Company,drengachary@rgare.com,https://www.linkedin.com/in/dave-rengachary/
 ,,,,RGA Reinsurance Company,sara.murphy@rgax.com,https://www.linkedin.com/in/sara-murphy-301b919/
Jeffrey Verrill,Jeffrey,Verrill,"EVP, Principal",RGA Reinsurance Company,jverrill@saltassociates.biz,https://linkedin.com/in/jeffrey-verrill-2a30387
 ,,,,RGA Reinsurance Company,mbeagle@saltassociates.biz,https://www.linkedin.com/in/markcbeagle/
Peter Paul Lucas,Peter,Paul Lucas,,"TriPlus Services, Inc.",,https://linkedin.com/in/peterpaullucas
WIllie Sanders Jr.,WIllie,Sanders Jr.,"SENIOR DIRECTOR OF OPERATIONS, CLAIM MANAGEMENT & CLIENT SERVICES","TriPlus Services, Inc.",,https://linkedin.com/in/willie-sanders-jr-65b8a085
Jennifer Vey,Jennifer,Vey,AVP Claim Management,"TriPlus Services, Inc.",,https://linkedin.com/in/jennifer-vey-aa602713
Anne Ingoldsby,Anne,Ingoldsby,COO,"TriPlus Services, Inc.",aingoldsby@triplusservices.com,https://linkedin.com/in/anne-ingoldsby-16ba745
Jim DuEst,Jim,DuEst,CIO,"TriPlus Services, Inc.",jduest@triplusservices.com,https://linkedin.com/in/jamesduest
Gina Besz,Gina,Besz,,"TriPlus Services, Inc.",gbesz@triplusservices.com,https://www.linkedin.com/in/gina-besz-65827511a
Jennifer Vey,Jennifer,Vey,AVP Claim Management,"TriPlus Services, Inc.",jvey@triplusservices.com,https://linkedin.com/in/jennifer-vey-aa602713
Linda S. Knox,Linda,S. Knox,"VP, the Innovation Lab, Prudential Financial",Prudential,linda.knox@prudential.com,https://linkedin.com/in/linda-s-knox-83a8a619
David Kerr,David,Kerr,"VP, Chief Actuary, Long Term Care, Discontinued Businesses",Prudential,david.kerr@prudential.com,https://linkedin.com/in/david-kerr-625b144
Joseph Ingream,Joseph,Ingream,Vp-chief Claims Officer,Prudential,joseph.ingream@prudential.com,https://linkedin.com/in/joseph-ingream-45990955
John Sieb,John,Sieb,"VP, Planning, Analysis",Prudential,john.sieb@prudential.com,https://linkedin.com/in/john-sieb-0a124815
Erin Morasco,Erin,Morasco,Work Force Management Analyst,Prudential,erin.morasco@prudential.com,https://linkedin.com/in/erin-morasco-7628743
 ,,,,Prudential,cara-anne.gagliano@prudential.com,https://www.linkedin.com/in/cara-anne-gagliano-822335a/
 ,,,,Prudential,patricia.deoliveira@prudential.com,https://www.linkedin.com/in/patricia-de-oliveira-004b94b9/
Susan Sroczyk,Susan,Sroczyk,"Ltc Customer Specialist, Integrated Controls Unit",Prudential,susan.sroczyk@prudential.com,https://linkedin.com/in/susan-sroczyk-18479674
Rhett Wieland,Rhett,Wieland,Director Claim Process,Prudential,rhett.wieland@prudential.com,https://linkedin.com/in/rhettwieland
Nancy Rietveld,Nancy,Rietveld,Director of Claims Operations,Thrivent Financial,nancy.rietveld@thrivent.com,https://linkedin.com/in/nancy-rietveld-8338158
Daniel Mead,Daniel,Mead,"Compliance, Regulatory Analyst",Thrivent Financial,daniel.mead@thrivent.com,https://linkedin.com/in/danieldmead
Kristopher Quevillon,Kristopher,Quevillon,Senior Manager,Thrivent Financial,kristopher.quevillon@thrivent.com,https://linkedin.com/in/kristopher-quevillon-0b882827
Sarah VanSlyke,Sarah,VanSlyke,Director of Strategic Development,Thrivent Financial,sarah.vanslyke@thrivent.com,https://www.linkedin.com/in/sarahvanslyke/
Vicki Wiltgen,Vicki,Wiltgen,EA,Thrivent Financial,vicki.wiltgen@thrivent.com,https://linkedin.com/in/vicki-wiltgen-82b381a4
Dan Seyfried,Dan,Seyfried,"Manager, IT",Thrivent Financial,dan.seyfried@thrivent.com,https://linkedin.com/in/danielseyfried
Rebecca Freeman,Rebecca,Freeman,Ltc Claims Consultant,Thrivent Financial,rebecca.freeman@thrivent.com,https://linkedin.com/in/rfreeman2
Lesley Broker,Lesley,Broker,Senior New Business Development Specialist,Thrivent Financial,lesley.broker@thrivent.com,https://linkedin.com/in/lesley-broker-2bbb8720
Peter Koel,Peter,Koel,Director of IT,Thrivent Financial,peter.koel@thrivent.com,https://linkedin.com/in/peter-koel-4aa74480
Allie Gonnering,Allie,Gonnering,Associate Business Systems Analyst,Thrivent Financial,allie.gonnering@thrivent.com,https://linkedin.com/in/alliegonnering
Pete Hetland,Pete,Hetland,"Director, Strategic Development",Thrivent Financial,peter.hetland@thrivent.com,https://linkedin.com/in/peter-hetland-4482a86b
Steve Sparka,Steve,Sparka,,Thrivent Financial,steve.sparka@thrivent.com,
Rebecca Freeman,Rebecca,Freeman,Claims Consultant,Thrivent Financial,becky.freeman@thrivent.com,https://linkedin.com/in/rfreeman2
Paul Martin,Paul,Martin,"VP, Group Claims",Lincoln Financial Group (LFG),paul.martin@lfg.com,https://linkedin.com/in/paul-martin-91383a4b
Sharon Scanlon,Sharon,Scanlon,"SVP, Head of Customer Experience, Retirement Plan Services",Lincoln Financial Group (LFG),sharon.scanlon@lfg.com,https://linkedin.com/in/sharon-scanlon-00847013
Christopher Sutherland,Christopher,Sutherland,,Lincoln Financial Group (LFG),christopher.sutherland@lfg.com,https://linkedin.com/in/christopher-sutherland-8b2b38/
Alan Katzman,Alan,Katzman,"AVP, Technology Strategy, Business Architecture",Lincoln Financial Group (LFG),alan.katzman@lfg.com,https://linkedin.com/in/alankatzman
Russell Laws,Russell,Laws,"AVP, Claims",Lincoln Financial Group (LFG),russell.laws@lfg.com,https://linkedin.com/in/russell-laws-766090b2
Kerry Scarbrough,Kerry,Scarbrough,EA,Lincoln Financial Group (LFG),kerry.scarbrough@lfg.com,https://linkedin.com/in/kerry-scarbrough-469568b
Rita Bennett,Rita,Bennett,,Lincoln Financial Group (LFG),,
Diane Nemphos,Diane,Nemphos,,Lincoln Financial Group (LFG),,
Cyntha Ehret,Cyntha,Ehret,,Lincoln Financial Group (LFG),,
Cynthia Ehret,Cynthia,Ehret,Director,Lincoln Financial Group (LFG),cynthia.ehret@lfg.com,https://linkedin.com/in/cynthia-ehret-86596831
Rita Bennett,Rita,Bennett,Senior Consultant,Lincoln Financial Group (LFG),rita.bennett@lfg.com,https://linkedin.com/in/rita-bennett-32bb247
Diane Nemphos,Diane,Nemphos,"Portfolio Relationship Manager, Business Technology, Optimization",Lincoln Financial Group (LFG),diane.nemphos@lfg.com,https://linkedin.com/in/diane-nemphos-5b7b8414
Carolyn McGovern,Carolyn,McGovern,"VP, Claims, Beneficiary Care",Lincoln Financial Group (LFG),carolyn.mcgovern@lfg.com,https://linkedin.com/in/carolynmcgovern
Eric G. Johnson,Eric,G. Johnson,Executive Board at LFG,Lincoln Financial Group (LFG),,https://linkedin.com/in/egjohnson/
Heather Deichler,Heather,Deichler,,Lincoln Financial Group (LFG),heather.deichler@lfg.com,https://www.linkedin.com/in/heather-deichler-0ba7071/
 ,,,,Lincoln Financial Group (LFG),kimberly.gordon@lfg.com,https://www.linkedin.com/in/gordonkimberly0014
Steve Schoonveld,Steve,Schoonveld,Head of Linked Benefit Product Solutions,Lincoln Financial Group (LFG),steve.schoonveld@lfg.com,https://linkedin.com/in/sschoonveld
Andrew Gibson,Andrew,Gibson,"VP Claims, Benefit Solutions",Mutual of Omaha,andrew.gibson@mutualofomaha.com,https://linkedin.com/in/andrew-gibson-39088a4a
Brian Poppe,Brian,Poppe,"SVP, Departing Well Solutions",Mutual of Omaha,brian.poppe@mutualofomaha.com,https://linkedin.com/in/bpoppe
Brian Etta,Brian,Etta,Financial Advisor,Mutual of Omaha,brian.etta@mutualofomaha.com,https://linkedin.com/in/brianetta
Mary Swanson,Mary,Swanson,,Mutual of Omaha,,https://linkedin.com/in/mary-swanson-60903821/
Chandra Coleman,Chandra,Coleman,"VP, Actuary Data Analytics",Mutual of Omaha,chandra.coleman@mutualofomaha.com,https://linkedin.com/in/chandra-coleman-8113b917
Dan Gibbons,Dan,Gibbons,"Director, Individual Claims",Mutual of Omaha,dan.gibbons@mutualofomaha.com,https://linkedin.com/in/dan-gibbons-65722425
Julie Bard-McConahay,Julie,Bard-McConahay,"Director, Individual Life, Health Claims",Mutual of Omaha,julie.bard-mcconahay@mutualofomaha.com,https://linkedin.com/in/julie-bard-mcconahay-29131224
Julie Bard-McConahay,Julie,Bard-McConahay,"Director, Individual Life & Health Claims",Mutual of Omaha,julie.bardmcconahay@mutualofomaha.com,https://www.linkedin.com/in/julie-bard-mcconahay-29131224/
Lisa Roush,Lisa,Roush,Senior Business System Consultant,Mutual of Omaha,lisa.roush@mutualofomaha.com,https://linkedin.com/in/lisa-roush-9443b813
Aaron Smallwood,Aaron,Smallwood,Underwriting Support Supervisor,Mutual of Omaha,aaron.smallwood@mutualofomaha.com,https://linkedin.com/in/aaron-smallwood-5b933747
 ,,,,Mutual of Omaha,maureen.griffin@mutualofomaha.com,
 ,,,,Mutual of Omaha,david.tylkowski@mutualofomaha.com,https://www.linkedin.com/in/dave-tylkowski-5167263b
Niki Manby,Niki,Manby,Chief Innovation Officer,Mutual of Omaha,niki.manby@mutualofomaha.com,https://linkedin.com/in/nikimanby
Crystal Tschirren,Crystal,Tschirren,Senior Administrative Assistant,Mutual of Omaha,crystal.tschirren@mutualofomaha.com,https://linkedin.com/in/crystaltschirren
Heather Majewski,Heather,Majewski,,John Hancock Financial Services,hmajewski@jhancock.com,https://www.linkedin.com/in/heather-majewski-fsa-960305/
Che Elwell,Che,Elwell,"Assistant VP, Long-term Care Systems",John Hancock Financial Services,celwell@jhancock.com,https://linkedin.com/in/cheelwell
 ,,,,John Hancock Financial Services,sdorval@manulife.com,
Michele Audet,Michele,Audet,Special Project Lead -wellness Initiative,John Hancock Financial Services,maudet@johnhancock.com,https://linkedin.com/in/micheleaudet
Rob Stanley,Rob,Stanley,"VP Sales Operations, Infrastructure",John Hancock Financial Services,rstanley@jhancock.com,https://linkedin.com/in/roberttstanley
Vishwa Kolla,Vishwa,Kolla,"AVP, Head of Advanced Analytics",John Hancock Financial Services,vkolla@jhancock.com,https://linkedin.com/in/vishwakolla
Matthew Gabriel,Matthew,Gabriel,Experienced Life Insurance Professional Focused on Innovative Product Solutions,John Hancock Financial Services,mgabriel@jhancock.com,https://linkedin.com/in/matthew-gabriel-fsa-maaa-964b004
Cristina Sergi Knellinger,Cristina,Sergi Knellinger,"Head of Strategic Partnerships, Alliances",John Hancock Financial Services,cristina.knellinger@johnhancock.com,https://linkedin.com/in/csknellinger
Tim Ramza,Tim,Ramza,"Chief Innovation Officer, EA",John Hancock Financial Services,tramza@jhancock.com,https://www.linkedin.com/in/timramza/
Cristina Knellinger,Cristina,Knellinger,"Head of Strategic Partnerships, Alliances",John Hancock Financial Services,cknellinger@jhancock.com,https://linkedin.com/in/csknellinger
Janell Davis,Janell,Davis,"EA Aiming, Professional Growth",John Hancock Financial Services,jdavis@jhancock.com,https://linkedin.com/in/janell-davis-2842168/de
 ,,,,John Hancock Financial Services,rmines@jhancock.com,https://linkedin.com/in/rick-mines-5721393/
Amie Crawford,Amie,Crawford,Benefits Consultant,John Hancock Financial Services,acrawford@jhancock.com,https://linkedin.com/in/amielabellacrawford/
Mary DeGurski,Mary,DeGurski,Director Clinical Thought Leadership,John Hancock Financial Services,mdegurski@jhancock.com,https://linkedin.com/in/mary-degurski-33a98066
Peter Burke,Peter,Burke,Assistant VP,John Hancock Financial Services,pburke@jhancock.com,https://linkedin.com/in/peter-burke-4b53a15
Eric Bremberg,Eric,Bremberg,,John Hancock Financial Services,ebremberg@jhancock.com,https://www.linkedin.com/in/eric-bremberg-4790662/
Julie Belknap,Julie,Belknap,Assistant VP Product Management,The Continental Insurance,julie.belknap@continental-ins.com,https://linkedin.com/in/julie-belknap-asa-maaa-411739111
Daniel Batista,Daniel,Batista,,The Continental Insurance,daniel.batista@continental-ins.com,
Travis Simpson,Travis,Simpson,VP Operations,The Continental Insurance,travis.simpson@continental-ins.com,https://linkedin.com/in/travis-simpson-ab660b23
Robert Hahn,Robert,Hahn,,CNA - Workers Comp,robert.hahn@cna.com,https://www.linkedin.com/in/robb-hahn-0a1153198/?external_page=LPC.Immersive&external_control=ViewProfileInLinkedInLink&external_app_instance=ff2cc995-5a16-46ef-ae88-c2d6ff0b713b&external_page_instance=657ea8ca-4529-406b-8506-b3a20747624d
Patricia Nunez,Patricia,Nunez,"Director, Claim Supply Management Office",CNA - Workers Comp,patricia.nunez@cna.com,https://linkedin.com/in/patricia-nunez-93bb7a3b
P SimonRobert,P,SimonRobert,,CNA - Workers Comp,robert.simon@cna.com,https://www.linkedin.com/in/robert-simon-b9b32160/?external_page=LPC.Immersive&external_control=ViewProfileInLinkedInLink&external_app_instance=ff2cc995-5a16-46ef-ae88-c2d6ff0b713b&external_page_instance=f1db1a92-f86b-4627-9b3c-6a941dc6ff38
Debbie Kane,Debbie,Kane,VP,CNA - Workers Comp,debra.kane@cna.com,https://linkedin.com/in/debbie-kane-41534616
Randy Hilbrant,Randy,Hilbrant,,CNA - Workers Comp,randy.hilbrant@cna.com,https://www.linkedin.com/in/jody-hilbrant-38370780/?external_page=LPC.Immersive&external_control=ViewProfileInLinkedInLink&external_app_instance=ff2cc995-5a16-46ef-ae88-c2d6ff0b713b&external_page_instance=58441d62-fd72-4af3-b93e-1074531732d5
Diane Weber,Diane,Weber,Workers Compensation Director - Large Loss,CNA - Workers Comp,,https://linkedin.com/in/diane-weber-cris-scla-2345953a/
Mark McKeithen,Mark,McKeithen,,Capgemini,mark.mckeithen@capgemini.com,https://www.linkedin.com/in/markmckeithen/
Chad Hersh,Chad,Hersh,PA,Capgemini,chad.hersh@capgemini.com,https://www.linkedin.com/in/chadhersh/
Rhett Wieland,Rhett,Wieland,Director Ltc Claims,Capgemini,rhett.wieland@capgemini.com,https://linkedin.com/in/rhettwieland
Anup Kumar,Anup,Kumar,SAP Mm Consultant,Capgemini,anup.kumar@capgemini.com,https://linkedin.com/in/anup-kumar-8aa18834
Aashish Jain,Aashish,Jain,"Director, Insurance Bps",Capgemini,aashish.jain@capgemini.com,https://linkedin.com/in/aashish3000
Martin Blumentritt,Martin,Blumentritt,,Capgemini,msblumentritt@gmail.com,
Umesh Chandorkar,Umesh,Chandorkar,"VP, Head of IT, Ibas",Capgemini,umesh.chandorkar@capgemini.com,https://linkedin.com/in/umesh-chandorkar-a237722
Varun Singh,Varun,Singh,Consultant,Capgemini,varun.a.singh@capgemini.com,https://linkedin.com/in/varun-singh-a7879b97
Anup Kumar,Anup,Kumar,"President, Chcs Services Inc, Global Head Insurance Business Services",Capgemini,anup.f.kumar@capgemini.com,https://linkedin.com/in/anupkumar0612
Bill Prouty,Bill,Prouty,Member,Equitable Life & Causality Insurance Company,bill.prouty@equilife.com,https://linkedin.com/in/bill-prouty-b951171
Gregory Wilcox,Gregory,Wilcox,Actuarial Analyst,Equitable Life & Causality Insurance Company,gregory.wilcox@equilife.com,https://linkedin.com/in/gregory-wilcox-07a76a88
Jose Brito,Jose,Brito,Director of Underwriting,Equitable Life & Causality Insurance Company,jose.brito@equilife.com,https://linkedin.com/in/jose-brito-a39b2931
Camille Briana Smith,Camille,Briana Smith,,Equitable Life & Causality Insurance Company,,https://linkedin.com/pub/camille-briana-smith/8b/773/183
Isaac Muir,Isaac,Muir,Quality Assurance Manager,Equitable Life & Causality Insurance Company,isaac.muir@equilife.com,https://linkedin.com/in/isaac-muir-174a319b
Marie Peterson,Marie,Peterson,,Equitable Life & Causality Insurance Company,marie.peterson@equilife.com,https://www.linkedin.com/in/marie-peterson-22b83016b/
Kathy Foster,Kathy,Foster,,Equitable Life & Causality Insurance Company,kathy.foster@equilife.com,https://www.linkedin.com/in/kathy-foster-97636a12/
Tristen Gaertner,Tristen,Gaertner,Intake Operations Manager,Equitable Life & Causality Insurance Company,tristen.gaertner@equilife.com,https://linkedin.com/in/tristen-gaertner-79b60913a
Tena Krouse,Tena,Krouse,"Innovation, Strategy",Genworth,tena.krouse@genworth.com,https://linkedin.com/in/tenakrouse
Chana Unger,Chana,Unger,Regional VP Long Term Care (Sales side),Genworth,chana.unger@genworth.com,https://linkedin.com/in/chanaunger
John Belic,John,Belic,"Director, Product Design, Innovation",Genworth,john.belic@genworth.com,https://linkedin.com/in/john-belic-6a89973
Michelle Hill,Michelle,Hill,Director Long Term Care Claims,Genworth,michelle.hill@genworth.com,https://linkedin.com/in/michelle-hill-39241011
Dennis Ingersoll,Dennis,Ingersoll,Director of Claims,Genworth,dennis.ingersoll@genworth.com,https://linkedin.com/in/dennis-ingersoll-558a743
 ,,,,Genworth,jackie.olcott@genworth.com,https://www.linkedin.com/in/jacqueline-olcott-2476b03/
Mark Beagle,Mark,Beagle,,Genworth,mark.beagle@genworth.com,https://linkedin.com/in/mark-beagle/17/a0b/175
Bonnie Sykes,Bonnie,Sykes,"Director, Sourcing",Genworth,bonnie.sykes@genworth.com,https://linkedin.com/in/bonniesykes
Gajapathi Kannan,Gajapathi,Kannan,"Carescout, Business CIO",Genworth,gajapathi.kannan@genworth.com,https://linkedin.com/in/gajak
Leonard Savini,Leonard,Savini,"VP, Long Term Care Claims",Genworth,leonard.savini@genworth.com,https://linkedin.com/in/leonard-len-savini-6564b44
Tom Creel,Tom,Creel,,Genworth,,https://linkedin.com/in/tom-creel-2a352710b/
Leigh Turner,Leigh,Turner,,Genworth,,https://linkedin.com/pub/leigh-turner-mba-cspo/11/a27/8bb
Justin Nichols,Justin,Nichols,,Genworth,,https://linkedin.com/pub/justin-nichols/b0/1a0/3b3
Moet Rokas,Moet,Rokas,,Genworth,mrokas@carescout.com,https://linkedin.com/in/moetrokas/
Karen Crowe,Karen,Crowe,Operations Analyst,Genworth,kcrowe@carescout.com,https://linkedin.com/in/karen-crowe-0aab7520/
Hannah Plasker,Hannah,Plasker,Client Service Specialist,Genworth,hplasker@carescout.com,https://linkedin.com/in/hannah-plasker-2a3b7674/
Jennifer Johnson,Jennifer,Johnson,,Genworth,jjohnson@carescout.com,https://www.linkedin.com/in/jennifer-johnson-530535b9/
Christine Albrittain,Christine,Albrittain,Business Leader,Genworth,calbrittain@carescout.com,https://linkedin.com/in/christinealbrittain
Allison Kusel,Allison,Kusel,Adjudication Leader,Genworth,allison.kusel@genworth.com,https://linkedin.com/in/allison-kusel-1a14569b
Caroline Howard,Caroline,Howard,Benefits Analyst,Genworth,caroline.howard@genworth.com,https://linkedin.com/in/caroline-howard-2aaa1b4b
 ,,,,Genworth,jacqueline.olcott@genworth.com,https://www.linkedin.com/in/jacqueline-olcott-2476b03/
Nick ,Nick,,"Senior Product Manager, Banyan Labs",Northwestern Mutual,nickwichert@northwesternmutual.com,https://linkedin.com/in/nwichert/
Kris Vanderkooy,Kris,Vanderkooy,Assistant Medical Director,Northwestern Mutual,krisvanderkooy@northwesternmutual.com,https://linkedin.com/in/kris-vanderkooy-md-flmi-aa751b122
Jon Mcelhaney,Jon,Mcelhaney,"Assistant Director, Ltc Claims",Northwestern Mutual,jonmcelhaney@northwesternmutual.com,https://linkedin.com/in/jon-mcelhaney-bb49a812
Wayne Heidenreich,Wayne,Heidenreich,Medical Director,Northwestern Mutual,wayneheidenreich@northwesternmutual.com,https://linkedin.com/in/wayne-heidenreich-73a1668
Kamilah Williams-Kemp,Kamilah,Williams-Kemp,Vice President - Disability and Long Term Care Product Management,Northwestern Mutual,,https://linkedin.com/pub/kamilah-williams-kemp/2/294/b9b
Lisa Parker,Lisa,Parker,"VP Di, Ltc Claims",Northwestern Mutual,lisaparker@northwesternmutual.com,https://linkedin.com/in/lisa-parker-14284653
Michelle Landowski,Michelle,Landowski,"Enterprise Vendor, Alliance Management Consultant",Northwestern Mutual,michellelandowski@northwesternmutual.com,https://linkedin.com/in/michelle-landowski-cpsm-b717887
Mark Batsiyan,Mark,Batsiyan,Partner,Northwestern Mutual,markbatsiyan@northwesternmutual.com,https://linkedin.com/in/markbatsiyan
Karen Helland,Karen,Helland,Claims Analyst,Northwestern Mutual,karenhelland@northwesternmutual.com,https://linkedin.com/in/karen-helland-b3508589
Richard Gergasko,Richard,Gergasko,"President, CEO",Texas Mutual Insurance,rgergasko@texasmutual.com,https://linkedin.com/in/richard-gergasko-b7437213
Kim Haugaard,Kim,Haugaard,,Texas Mutual Insurance,khaugaard@texasmutual.com,
Jeanette Ward,Jeanette,Ward,COO,Texas Mutual Insurance,jward@texasmutual.com,https://linkedin.com/in/jeanette-ward-9004189
Jeffrey Stewart,Jeffrey,Stewart,Consultant,Texas Mutual Insurance,jstewart@texasmutual.com,https://linkedin.com/in/jeffrey-stewart-abaa4311
Jessica Tubbs,Jessica,Tubbs,"Senior Manager Network, Medical Operations",Texas Mutual Insurance,jtubbs@texasmutual.com,https://linkedin.com/in/jessica-tubbs-37962388
Katherine Traenkle,Katherine,Traenkle,Admin/Kim Haugaard,Texas Mutual Insurance,katherinetraenkle@texasmutual.com,
smandell dimensionsinc,smandell,dimensionsinc,,Dimensions,smandell@dimensionsinc.us,
Peter LaPlaca,Peter,LaPlaca,"Experienced Leader in Claims, Business Intelligence, Operations",CNA LTC,peter.laplaca@cna.com,https://linkedin.com/in/peter-laplaca
John Palmer,John,Palmer,"VP Operations, Vendor Management",CNA LTC,john.palmer@cna.com,https://linkedin.com/in/john-palmer-7b42667
Roy Christenson,Roy,Christenson,,CNA LTC,roy.christenson@cna.com,https://www.linkedin.com/in/roy-christenson-b993aa5/
Charles Jenkins,Charles,Jenkins,Long Term Care Insurance Claims Manager,CNA LTC,charles.jenkins@cna.com,https://linkedin.com/in/charles-jenkins-28541283
David Perry,David,Perry,SVP,CNA LTC,david.perry@cna.com,https://linkedin.com/in/david-perry-54268813
James (Jamie) Lust,James (Jamie),Lust,VP,CNA LTC,james.lust@cna.com,https://linkedin.com/in/jamie-lust-27b0872
Micki Lockard,Micki,Lockard,Long Term Care Claim Manager,CNA LTC,micki.lockard@cna.com,https://linkedin.com/in/micki-lockard-7622ba39
Colleen Broomhead,Colleen,Broomhead,"Director of Claim Process, Innovation",CNA LTC,colleen.broomhead@cna.com,https://linkedin.com/in/colleen-broomhead-80ab00123
Karen Schram,Karen,Schram,Commodity Leader,CNA LTC,karen.schram@cna.com,https://www.linkedin.com/in/karen-schram-b036a41/
Joan Stear,Joan,Stear,,CNA LTC,joan.stear@cna.com,https://www.linkedin.com/in/joan-stear-9129b6100/
 ,,,,CNA LTC,heather.edsell@cna.com,
Jamie Rhimer,Jamie,Rhimer,Ltc Claims Specialist,CNA LTC,jamie.rhimer@cna.com,https://linkedin.com/in/jamie-rhimer-6b6b75b6
Brandon Davis,Brandon,Davis,"Corporate Spokesperson, Director of PR, Corporate Social Responsibility",CNA LTC,brandon.davis@cna.com,https://linkedin.com/in/brandonalandavis
Cara McCall,Cara,McCall,,CNA LTC,cara.mccall@cna.com,https://www.linkedin.com/in/cara-mccall-lahti-5509522/
Carrie Puntel,Carrie,Puntel,,CNA LTC,carrie.puntel@cna.com,https://www.linkedin.com/in/carrie-puntel-384a6a7b/
Kristen Demshock,Kristen,Demshock,Clinical Services Specialist,CNA LTC,kristen.demshock@cna.com,https://linkedin.com/in/kristen-demshock-rn-msn-29260763
Lisa Lyons,Lisa,Lyons,,CNA LTC,lisa.lyons@cna.com,https://www.linkedin.com/in/lisa-lyons-2010b840/
Joy Sohmer,Joy,Sohmer,,CNA LTC,joy.sohmer@cna.com,https://www.linkedin.com/in/joy-sohmer-b407738b/
Douglas Kortfelt,Douglas,Kortfelt,,CNA LTC,douglas.kortfelt@cna.com,https://www.linkedin.com/in/douglaskortfelt/
Michelle Bongiovanni,Michelle,Bongiovanni,,CNA LTC,michelle.bongiovanni@cna.com,https://www.linkedin.com/in/michelebogguess
Lauren Soltwisch,Lauren,Soltwisch,Social Media Coordinator,CNA LTC,lauren.soltwisch@cna.com,
David Grashof,David,Grashof,Data Analytics Consultant,CNA LTC,david.grashof@cna.com,https://linkedin.com/in/david-grashof-28093b51
 ,,,,CNA LTC,invoices@cna.com,
Rachael Neill,Rachael,Neill,Ltc Claim Manager,CNA LTC,rachael.neill@cna.com,https://linkedin.com/in/rachael-neill-2803a083
Raissa Correa,Raissa,Correa,"PR, Corporate Social Responsibility Consultant",CNA LTC,raissa.correa@cna.com,https://linkedin.com/in/raissagcorrea
 ,,,,CNA LTC,stephen.opalisky@cna.com,
Debbie Kane,Debbie,Kane,VP,CNA LTC,debra.kane@cna.com,https://linkedin.com/in/debbie-kane-41534616
Paula Johnson,Paula,Johnson,"Director, Care Management Operations",CNA LTC,paula.johnson@ltcg.com,https://linkedin.com/in/paula-johnson-4a535512
tom steinle,tom,steinle,,CNA LTC,tom.steinle@ltcg.com,
Terry Fitzsimmons,Terry,Fitzsimmons,Operations Manager,CNA LTC,terry.fitzsimmons@ltcg.com,https://linkedin.com/in/terry-fitzsimmons-15857115
Jennifer Frost,Jennifer,Frost,Provider Network Manager,CNA LTC,jennifer.frost@ltcg.com,https://linkedin.com/in/jennifer-frost-19121731
Jennifer White,Jennifer,White,,CNA LTC,jennifer.white@ltcg.com,https://www.linkedin.com/in/jennifer-white-3057848a/
Chad Bellin,Chad,Bellin,"SVP Operations, Claims",CNA LTC,chad.bellin@ltcg.com,https://linkedin.com/in/chad-bellin-229aa56
Terrance Luciani,Terrance,Luciani,VP,MetLife,tluciani@metlife.com,https://www.linkedin.com/in/tluciani/
Leena Johns,Leena,Johns,"VP, Global Healthcare, Head of Health, Wellness",MetLife,ljohns@metlife.com,https://linkedin.com/in/leena-johns-223b939
Tom Sarnese,Tom,Sarnese,"VP, Long Term Care",MetLife,tsarnese@metlife.com,https://linkedin.com/in/tomsarnese
Mike Convery,Mike,Convery,Chief Claim Offiicer,MetLife,mconvery@metlife.com,https://linkedin.com/in/mike-convery-4a662446
Cliff Jefferson,Cliff,Jefferson,"VP, Global Claim Operations",MetLife,cjefferson@metlife.com,https://linkedin.com/in/cliff-jefferson-6bb4906
John Bungert,John,Bungert,AVP of Innovation,MetLife,jbungert@metlife.com,https://linkedin.com/in/johnbungert5th
Holly Taylor,Holly,Taylor,Innovation Analyst,MetLife,holly.taylor@metlife.com,https://linkedin.com/in/hollytayloresq
Dina Lumerman,Dina,Lumerman,,MetLife,dlumerman@metlife.com,
Karin Fitzgerald,Karin,Fitzgerald,Manager,MetLife,kfitzgerald@metlife.com,https://www.linkedin.com/in/karen-kc-costagliola-15841311/
Jonathan Trend,Jonathan,Trend,,MetLife,jtrend@metlife.com,
Jordan Buckler,Jordan,Buckler,Innovation Consultant,MetLife,jordan.buckler@metlife.com,https://linkedin.com/in/jordanbuckler
Justin Hixson,Justin,Hixson,,MetLife,jhixson@metlife.com,
Brandon Battey,Brandon,Battey,Metrics Analyst,MetLife,bbattey@metlife.com,https://linkedin.com/in/brandonbattey
Robert Simon,Robert,Simon,Underwriter,MetLife,rsimon1@metlife.com,https://linkedin.com/in/robert-simon-8592bb1a
Megan Laudando,Megan,Laudando,Manager-long Term Care Claims,MetLife,mlaudando@metlife.com,https://linkedin.com/in/megan-laudando-71b65497
Megan Meehan,Megan,Meehan,Manager Claims Operatios,MetLife,mmeehan@metlife.com,https://linkedin.com/in/megan-meehan-ba7258126
Esther Lee,Esther,Lee,EVP Global CMO,MetLife,esther-j.lee@metlife.com,https://linkedin.com/in/esther-lee-a82baa11b
Anand Verma,Anand,Verma,,MetLife,averma47@metlife.com,https://www.linkedin.com/in/anand-verma-08a566170/
Antoinette Hannah,Antoinette,Hannah,,MetLife,antoinette.hannah@metlife.com,
Chittette Reshmi,Chittette,Reshmi,,MetLife,reshmi-raj.chittette-rajappan1@metlife.com,https://www.linkedin.com/in/reshmi-raj-c-r-180998a9/
Danielle Garver,Danielle,Garver,"Director, Innovation",MetLife,danielle.garver1@metlife.com,https://linkedin.com/in/danielle-garver-39a1b134
Eleena Lepcha,Eleena,Lepcha,,MetLife,eleena.lepcha@metlife.com,https://www.linkedin.com/in/eleena-lepcha-2a64a3148
Kathy Monroe,Kathy,Monroe,"Archer Admin, IT Risk, Security Consultant",MetLife,kpmonroe@metlife.com,https://linkedin.com/in/kathy-monroe-1681837
 ,,,,MetLife,popinfo@metlife.com,
Patty Procknow,Patty,Procknow,"Senior, Lead, Principal Architect",MetLife,pprocknow@metlife.com,https://linkedin.com/in/patty-procknow-ab88306
Ridam Sharma,Ridam,Sharma,Associate,MetLife,ridam.sharma@metlife.com,https://www.linkedin.com/in/ridam-sharma-9245ab18a/
 ,,,,MetLife,bridget.berg@metlife.com,https://www.linkedin.com/in/bridget-berg-b0939839/
 ,,,,MetLife,allison.henkel@metlife.com,https://www.linkedin.com/in/allisonhenkel
J Paul,J,Paul,,MetLife,j-cinderella.paul@metlife.com,https://www.linkedin.com/in/cinderella-paul-7574aa142/?originalSubdomain=in
John Trott,John,Trott,Senior Compliance Consultant,MetLife,jtrott@metlife.com,https://linkedin.com/in/john-trott-5a27b613
Clinto Mathew,Clinto,Mathew,,MetLife,clinto.g.mathew@metlife.com,https://www.linkedin.com/in/clinto-mathew-3835b7b2/
Sharma Coleman,Sharma,Coleman,,MetLife,scoleman3@metlife.com,
Clara Michael,Clara,Michael,,MetLife,cmichael1@metlife.com,
Deborah Johnson,Deborah,Johnson,Insurance Agent,MetLife,djohnson4@metlife.com,https://linkedin.com/in/deborah-johnson-31b7ba9b
Kim Brewer,Kim,Brewer,,MetLife,kbrewer1@metlife.com,https://www.linkedin.com/in/kimberlybrewer1/
 ,,,,MetLife,erika.jenkins@metlife.com,
Danielle Wilson,Danielle,Wilson,,MetLife,dwilson16@metlife.com,https://www.linkedin.com/in/danielle-wilson-19669999/
 ,,,,MetLife,diarra.doyle@metlife.com,https://www.linkedin.com/in/diarra-doyle-16452b74
Merly Lopez,Merly,Lopez,,MetLife,merly.lopez@metlife.com,
Dominic Hernandez,Dominic,Hernandez,,New York Life,dhernandez4@newyorklifeltc.com,https://www.linkedin.com/in/dominic-hernandez-8ba00947/
Valerie Besserman,Valerie,Besserman,,New York Life,vbesserman@newyorklife.com,https://www.linkedin.com/in/valerie-besserman-05ba55160/
John Snelson,John,Snelson,,New York Life,jsnelson@newyorklifeltc.com,https://www.linkedin.com/in/john-snelson-7809b6a/
Adam Warner,Adam,Warner,,New York Life,awarner@newyorklifeltc.com,https://www.linkedin.com/in/adam-warner/
Selena Singleton,Selena,Singleton,Nyl Ventures,New York Life,selena_n_singleton@nylim.com,https://linkedin.com/in/selena-singleton-10759416
Sean Madgett,Sean,Madgett,"Director, New York Life Ventures",New York Life,sean_madgett@newyorklife.com,https://linkedin.com/in/sean-madgett-96053549
Aaron Ball,Aaron,Ball,,New York Life,aball@newyorklifeltc.com,https://www.linkedin.com/in/aaron-ball-90b47a2/
Timothy Del Bello,Timothy,Del Bello,Senior Associate,New York Life,timothy_c_delbello@nylim.com,https://www.linkedin.com/in/tim-del-bello/
Jeffrey Tippie,Jeffrey,Tippie,,New York Life,jtippie@newyorklifeltc.com,https://www.linkedin.com/in/jeff-tippie-31b5aa6/
 valenti,,valenti,,New York Life,bvalenti@newyorklifeltc.com,
Lucy Beiter,Lucy,Beiter,,New York Life,lbeiter@newyorklifeltc.com,https://www.linkedin.com/in/lucy-beiter-rn-ccm-151942185/
Aleshia Villarreal,Aleshia,Villarreal,,New York Life,avillarr@newyorklifeltc.com,https://www.linkedin.com/in/aliciavnylife/
Valerie Besserman,Valerie,Besserman,,New York Life,vbesserman@newyorklifeltc.com,https://www.linkedin.com/in/valerie-besserman-05ba55160/
Betty White,Betty,White,,New York Life,betty_white@newyorklifeltc.com,https://www.linkedin.com/in/elizabethgonzaleznovo/
Deneb Shah,Deneb,Shah,"Enterprise Strategy, Business Planning",New York Life,deneb_d_shah@newyorklife.com,https://linkedin.com/in/denebshah
Anthony Willy,Anthony,Willy,,New York Life,awilly@newyorklifeltc.com,https://www.linkedin.com/in/anthony-willy-b0799456/
 ,,,,New York Life,jnice@newyorklifeltc.com,
Abel Travis,Abel,Travis,,Accident Fund,abel.travis@accidentfund.com,
Jeff Kuss,Jeff,Kuss,,Accident Fund,jeff.kuss@accidentfund.com,
Rob Galbraith,Rob,Galbraith,,Accident Fund,rob.galbraith@accidentfund.com,
Alicia Perez-Banuet,Alicia,Perez-Banuet,,Accident Fund,alicia.perez-banuet@accidentfund.com,
Paul Kauffman,Paul,Kauffman,Director of Medical Programs,Accident Fund,paul.kauffman@accidentfund.com,https://linkedin.com/in/paul-kauffman-67856712
Kathleen Thompson,Kathleen,Thompson,,International Solutions,kthompson@intl-sol.com,https://www.linkedin.com/in/kathleen-thompson-a605388/
RICHARD NEWTON,RICHARD,NEWTON,,International Solutions,rn8652@aol.com,https://www.linkedin.com/in/rick-newton-03232a12/
Tim Breitenwischer,Tim,Breitenwischer,,International Solutions,tbreitenwischer@intl-sol.com,
Jeffrey Verrill,Jeffrey,Verrill,"EVP, Principal",SALT,jverrill@saltassociates.biz,https://linkedin.com/in/jeffrey-verrill-2a30387
 ,,,,SALT,mbeagle@saltassociates.biz,https://www.linkedin.com/in/markcbeagle/
 ,,,,GE,timothy.kneeland@ge.com,https://www.linkedin.com/in/tim-kneeland-a10055a/
 ,,,,GE,melissa.wiber@ge.com,https://www.linkedin.com/in/melissa-wesorick-84a32a7/
Mark Rieder,Mark,Rieder,Head of Innovation,NFP,mrieder@nfp.com,https://linkedin.com/in/mark-rieder-61ab079
Rachelle Oribio,Rachelle,Oribio,,NFP,rachelle.oribio@nfp.com,https://www.linkedin.com/in/rachellesamsonoribio/
Tom Riekse,Tom,Riekse,Managing Partner,NFP,tom.rieksejr@ltcipartners.com,https://linkedin.com/in/tom-riekse-sr-16a15512
Steve Cain,Steve,Cain,"Director, Sales, Business Development Leader",NFP,steve.cain@ltcipartners.com,https://linkedin.com/in/stevenmcain
Colleen Cunningham,Colleen,Cunningham,EA,NFP,colleen.cunningham@nfp.com,https://linkedin.com/in/colleen-cunningham-48658140
Shawn Ellis,Shawn,Ellis,"Managing Director, Nfp Ventures",NFP,shawn.ellis@nfp.com,https://linkedin.com/in/shawn-ellis
Heidi Tijerina,Heidi,Tijerina,Administrative Assistant,NFP,heidi.tijerina@nfp.com,https://linkedin.com/in/heidi-tijerina-874a9646/zh-cn
Connor Craig,Connor,Craig,,NFP,connor.craig@nfp.com,https://www.linkedin.com/in/ccraig9/?external_page=LPC.Immersive&external_control=ViewProfileInLinkedInLink&external_app_instance=9bc3a288-b347-413c-9383-15243a36ac0b&external_page_instance=91fbfbe1-6ffe-48c2-b348-ec970f35a0ee
Tina Neuendorf,Tina,Neuendorf,SVP Client Services,NFP,tina.neuendorf@nfp.com,https://linkedin.com/in/tinaneuendorf
Nfp Innovation,Nfp,Innovation,,NFP,nfpinnovation@nfp.com,
Heidi Cottle,Heidi,Cottle,"Managing Director, Nfp Corporate Services Inc",NFP,heidi.cottle@nfp.com,https://www.linkedin.com/in/e-heidi-cottle-418952b8/
Michael Walsh,Michael,Walsh,"Co-founder, CEO",Cariloop,mwalsh@cariloop.com,https://linkedin.com/in/walshmichaelr
Jeryn Laengrich,Jeryn,Laengrich,"Chief Service Officer, SVP",Cariloop,jlaengrich@cariloop.com,https://linkedin.com/in/jeryn-laengrich-46b6628
Steven Theesfeld,Steven,Theesfeld,"Manager, Quality Improvement",Cariloop,stheesfeld@cariloop.com,https://linkedin.com/in/steventheesfeld
 ,,,,Cariloop,csanders@cariloop.com,https://www.linkedin.com/in/chrissanderstexas/
 ,,,,Cariloop,cschuster@cariloop.com,https://www.linkedin.com/in/chrissy-schuster-lmsw-ccm-37657b89/
Matthew Capell,Matthew,Capell,"SVP, GM Provider Solutions",LTCG,matthew.capell@ltcg.com,https://linkedin.com/in/matthewcapell
Chad Bellin,Chad,Bellin,"SVP Operations, Claims",LTCG,chad.bellin@ltcg.com,https://linkedin.com/in/chad-bellin-229aa56
Jennifer Frost,Jennifer,Frost,Provider Network Manager,LTCG,jennifer.frost@ltcg.com,https://linkedin.com/in/jennifer-frost-19121731
Steve Vandegrift,Steve,Vandegrift,CEO,LTCG,steve@pipelinesuccess.com,https://linkedin.com/in/stevevandegrift
 ,,,,LTCG,grace.nogueira@ltcg.com,
James Smith,James,Smith,"Manager Enterprise Security, Risk Management",LTCG,james.smith@ltcg.com,https://linkedin.com/in/james-smith-81835010
Gina Owens,Gina,Owens,,LifeSecure Insurance Co.,,https://linkedin.com/in/gina-owens-9b324759/
Patrick Prichard,Patrick,Prichard,,LifeSecure Insurance Co.,pprichard@yourlifesecure.com,https://www.linkedin.com/in/patrick-prichard-a49aa6116/
Kathy Tanner,Kathy,Tanner,"Senior EA, President, CEO",LifeSecure Insurance Co.,ktanner@yourlifesecure.com,
 ,,,,LifeSecure Insurance Co.,tbannon@yourlifesecure.com,
Jason Bushey,Jason,Bushey,,LifeSecure Insurance Co.,jbushey@yourlifesecure.com,https://www.linkedin.com/in/jason-bushey-512b631/
Gina Owens,Gina,Owens,"Manager, Operations Services",LifeSecure Insurance Co.,gowens@yourlifesecure.com,https://linkedin.com/in/gina-owens-9b324759
Marc Glickman,Marc,Glickman,"Chief Sales Officer, Fsa, Cltc, Ltcp",LifeCare Assurance,marc.glickman@lifecareassurance.com,https://linkedin.com/in/marcglickman
Garrett Mills,Garrett,Mills,Senior Claims Adjuster,LifeCare Assurance,garrett.mills@lifecareassurance.com,https://linkedin.com/in/garrett-mills-718934101
Marc Glickman,Marc,Glickman,,LifeCare Assurance,marc@buddyins.com,https://www.linkedin.com/in/marcglickman/
Christine Albrittain,Christine,Albrittain,Business Leader,Carescout,calbrittain@carescout.com,https://linkedin.com/in/christinealbrittain
Karen Crowe,Karen,Crowe,Operations Analyst,Carescout,kcrowe@carescout.com,https://linkedin.com/in/karen-crowe-0aab7520/
Jennifer Johnson,Jennifer,Johnson,,Carescout,jjohnson@carescout.com,https://www.linkedin.com/in/jennifer-johnson-530535b9/
Denise Liston,Denise,Liston,SVP,LifePlans (acquired by LTCG),dliston@lifeplansinc.com,https://linkedin.com/in/denise-liston-88ba63
Felicia Ryan,Felicia,Ryan,Health and Wellness Coach & Program Assistant,LifePlans (acquired by LTCG),fryan@lifeplansinc.com,https://linkedin.com/in/bodywisecoaching
Judy Nolet,Judy,Nolet,Ltc Claims Examiner,LifePlans (acquired by LTCG),jnolet@lifeplansinc.com,https://linkedin.com/in/judy-nolet-a3608013
Michael Gilbert,Michael,Gilbert,,AssuriCare LLC,,https://linkedin.com/pub/michael-gilbert/5/499/703
Peter LaPlaca,Peter,LaPlaca,,Peter LaPlaca,laplacapa@gmail.com,https://www.linkedin.com/in/peter-laplaca/
