clientContactID,contactDataID,Email,Full Name,First Name,Last Name,LinkedIn URL from QA,"Title
from CRM","Title
from ProxyCrawl","Title
manually gotten for import to contactData",Final Title,"Company
from CRM","Company
from ProxyCrawl","Company
manually gotten for import to contactData",Final Company,Job Changed?,Job Changed?,Enriched Data Changed?,QA gave wrong URL,Correct LinkedIn URL,LinkedIn URL Final
0XQjbBDhUCsYu8MD5zcf,IznJmLTMltJpAohc8o5T,rebecca.freeman@thrivent.com,Rebecca Freeman,Rebecca,Freeman,,Ltc Claims Consultant,,,Claims Consultant,Thrivent Financial,,,THRIVENT FINANCIAL,,,,,,https://linkedin.com/in/rfreeman2
qbCz6JuF6shRr2bOn9YK,IznJmLTMltJpAohc8o5T,becky.freeman@thrivent.com,Rebecca Freeman,Rebecca,Freeman,,Claims Consultant,,,Claims Consultant,Thrivent Financial,,,THRIVENT FINANCIAL,,,,,,https://linkedin.com/in/rfreeman2
0g0mH1aNx0GnAmMxGlAw,WEYwVZf8bQUK2KMojjqc,russell.laws@lfg.com,Russell Laws,Russell,Laws,,"AVP, Claims",,,"AVP, Strategic Programs Management",Lincoln Financial Group (LFG),,,Lincoln Financial Group,,,,,,https://linkedin.com/in/russell-laws-766090b2
0ynFwILi3SezS3RppylB,qtMFewixQhvqOJ42vsXz,,Cheryl Bush,Cheryl,Bush,,VP LTC Operations,,,"VP, LTC Operations",Vituity (formerly MedAmerica),,,MedAmerica Insurance Company,,,,,,https://linkedin.com/in/cheryl-bush-02901718
15z3r5nceBLYYgQyuige,ClkdnewjD608C2AHU80v,jodianatole@aol.com,Jodi Anatole,Jodi,Anatole,,,,,President,LTCre (Reinsurer for PennTreaty),,,Endeavour Consulting LLC,,TRUE,,,,https://www.linkedin.com/in/jodi-anatole-37745347/
20jHeg01tgomYLSD44ga,fzVAAf6CjIXSZhxb5j7d,mmeehan@metlife.com,Megan Meehan,Megan,Meehan,,Manager Claims Operatios,,,,MetLife,,,,,,,,,https://linkedin.com/in/megan-meehan-ba7258126
25hChaUwSyHL1Ta5OzOP,LIT2weGpPtKR2BScszDJ,carolyn.mcgovern@lfg.com,Carolyn McGovern,Carolyn,McGovern,,"VP, Claims, Beneficiary Care",,,"VP, Operations",Lincoln Financial Group (LFG),,,Lincoln Financial Group,,,,,,https://linkedin.com/in/carolynmcgovern
2WassQbyWxWHjEQixHs8,tRens8giwAZmhFm54cQ7,steve.cain@ltcipartners.com,Steve Cain,Steve,Cain,,"Director, Sales, Business Development Leader",,,Director | Sales & Business Development Leader,NFP,,,LTCI Partners,,,,,,https://linkedin.com/in/stevenmcain
2YAZkpN2HvLIXt0EguDo,btq9r6t5F7PMbhtWtxcE,garrett.mills@lifecareassurance.com,Garrett Mills,Garrett,Mills,,Senior Claims Adjuster,,,Claims Supervisor,LifeCare Assurance,,,LifeCare Assurance Company,,,,,,https://linkedin.com/in/garrett-mills-718934101
2YsSVJEqFKDidQP8nYtA,JVWrOPC6ocrYlROe2hmh,christopher.sutherland@lfg.com,Christopher Sutherland,Christopher,Sutherland,,,,,,Lincoln Financial Group (LFG),,,,,,,,,https://linkedin.com/in/christopher-sutherland-8b2b38/
2o5GKElBC2LPEHpa5Mjy,wYvdSNWlIrqk8qpXcFZQ,rmines@jhancock.com,,,,,,,,,John Hancock Financial Services,,,,,,,,,https://linkedin.com/in/rick-mines-5721393/
2tZy4BnLFiWPvis4cpD4,BCfE82cg77oVRwcKzVgp,,Eric G. Johnson,Eric,G. Johnson,,Executive Board at LFG,,,President and CEO,Lincoln Financial Group (LFG),,,Baldwin Richardson Foods,,,,,,https://linkedin.com/in/egjohnson/
35q6oZHkP543ENTI4FvS,2lhnK8YSVjwik8v1Qz2E,,Dave Keith,Dave,Keith,,COO,,,Chief Operating Officer,American Enterprise Mutual Holding,,,American Enterprise,,,,,,https://linkedin.com/in/dave-keith-57001037/
36PQgJce8pUQacTBTCyM,QTtxME9pHWDDAnbJFIAk,,Kelly Robicheau,Kelly,Robicheau,,"Manager, Member Benefits and Programs",,,"Manager, Member Benefits and Programs",Woodmen Life (subsidiary Woodmen Insurance Agency),,,WoodmenLife,,,,,,https://linkedin.com/in/kelly-robicheau-1b434a147/
37mWJ3xReoLoblnofL5u,HJm6cxiXtMbvOxEQLsZz,joseph.ingream@prudential.com,Joseph Ingream,Joseph,Ingream,,Vp-chief Claims Officer,,,,Prudential,,,,,,,,,https://linkedin.com/in/joseph-ingream-45990955
3ICYb3jSArYelOD73qKx,ydfeQhOS2XMeWCQfZLiB,rhett.wieland@capgemini.com,Rhett Wieland,Rhett,Wieland,,Director Ltc Claims,,,Director Claim Process,Capgemini,,,Prudential Financial,,,,,,https://linkedin.com/in/rhettwieland
iVue6AeVIrmV57AbPI5o,ydfeQhOS2XMeWCQfZLiB,rhett.wieland@prudential.com,Rhett Wieland,Rhett,Wieland,,Director Claim Process,,,Director Claim Process,Prudential,,,Prudential Financial,,,,,,https://linkedin.com/in/rhettwieland
3QNr25KG1Gq18hWji6Ng,rL3r4vLCn6mLUJSxuwRc,evera@massmutual.com,Emmanuel Vera,Emmanuel,Vera,,Senior Disability Claims Examiner,,,Senior Disability Claims Examiner/ Consultant (Core Level),Massachusetts Mutl Life Ins Co (MassMutual),,,MassMutual Financial Group,,,,,,https://linkedin.com/in/emmanuel-vera-10b40b20
3R6AEtxaFCwCESNxHyxu,DwZBWNCAD7Pw65Pjr1sw,heidi.tijerina@nfp.com,Heidi Tijerina,Heidi,Tijerina,,Administrative Assistant,,,Executive Assistant,NFP,,,NFP Corporate Benefits,,,,,,https://linkedin.com/in/heidi-tijerina-874a9646/zh-cn
3SMu7sMTBsfGgrGnlyfl,1U8GmQy9vM68wUB6pH2d,kcrowe@carescout.com,Karen Crowe,Karen,Crowe,,Operations Analyst,,,Operations Analyst,Carescout,,,Genworth Financial / CareScout,,,,,,https://linkedin.com/in/karen-crowe-0aab7520/
MshJy7z0e2LkROF40u0q,1U8GmQy9vM68wUB6pH2d,kcrowe@carescout.com,Karen Crowe,Karen,Crowe,,Operations Analyst,,,Operations Analyst,Genworth,,,Genworth Financial / CareScout,,,,,,https://linkedin.com/in/karen-crowe-0aab7520/
3gRFOTLiVnoJosVGcHv3,rGlEX9st0uUQhf1Cb99z,cynthia.ehret@lfg.com,Cynthia Ehret,Cynthia,Ehret,,Director,,,,Lincoln Financial Group (LFG),,,,,,,,,https://linkedin.com/in/cynthia-ehret-86596831
3h30wGjNv45oIjHAKvtJ,3IQad2ni6OVf6ObacAOV,ljohns@metlife.com,Leena Johns,Leena,Johns,,"VP, Global Healthcare, Head of Health, Wellness",,,Head of Health and Wellness,MetLife,,,MAXIS Global Benefits Network,,,,,,https://linkedin.com/in/leena-johns-223b939
3lWgaRhuOnwg1yPU2Upo,zk0YoPKwpapusvdZR1lc,,William Thompkins,William,Thompkins,,Director (claims),,,Director,Auto-Owners Life Insurance Co.,,,Auto-Owners Insurance,,,,,,https://linkedin.com/in/william-p-thompkins-aic-lpcs-21472960/
3mFP4y8GM4X2n1GCE9CQ,zcU94dUoBQaPnc21JIGZ,allie.gonnering@thrivent.com,Allie Gonnering,Allie,Gonnering,,Associate Business Systems Analyst,,,Innovation and Strategy Specialist,Thrivent Financial,,,Thrivent,,,,,,https://linkedin.com/in/alliegonnering
3sXOI7chvOGf5t6FFmdP,HUGlMga1TxATvPcyIZ2D,tina.neuendorf@nfp.com,Tina Neuendorf,Tina,Neuendorf,,SVP Client Services,,,SVP Client Services,NFP,,,NFP,,,,,,https://linkedin.com/in/tinaneuendorf
462YYsWchxXxrUGyb1pX,Git3eg5tV8hi0qr7HQag,gowens@yourlifesecure.com,Gina Owens,Gina,Owens,,"Manager, Operations Services",,,Claims Manager,LifeSecure Insurance Co.,,,LifeSecure Insurance Company,,,,,,https://linkedin.com/in/gina-owens-9b324759
4ZpKs5qx6cyQ2zSZsfu1,Xybu2F7eIWRAqhF3JZTv,leonard.savini@genworth.com,Leonard Savini,Leonard,Savini,,"VP, Long Term Care Claims",,,"Vice President, Long Term Care Claims",Genworth,,,Genworth,,,,,,https://linkedin.com/in/leonard-len-savini-6564b44
4fSMHPyUoOyoVbp9ORUq,vIodYtRfgi3iiavpELT6,,Katie O'Rourke,Katie,O'Rourke,,Managing Partner,,,Managing Partner,California Long-term Care insurance,,,California Long Term Care Insurance Services,,,,,,https://linkedin.com/in/katieorourkecltci/
52epRC9J6CEKyiyV0zqs,S7oygnFlkiaVF1MSE1oe,selena_n_singleton@nylim.com,Selena Singleton,Selena,Singleton,,Nyl Ventures,,,B2B Globalization,New York Life,,,Alibaba Group,,,,,,https://linkedin.com/in/selena-singleton-10759416
5IFADrRee009bB6uhCcH,P23KLMmIYl25rrYefAis,calbrittain@carescout.com,Christine Albrittain,Christine,Albrittain,,Business Leader,,,Director,Genworth,,,Massachusetts Medical Society,,,,,,https://linkedin.com/in/christinealbrittain
d6uuYP3UaGxEygPo5TbC,P23KLMmIYl25rrYefAis,calbrittain@carescout.com,Christine Albrittain,Christine,Albrittain,,Business Leader,,,Director,Carescout,,,Massachusetts Medical Society,,,,,,https://linkedin.com/in/christinealbrittain
5J6vtUUpwOk1uceCYAQi,dPsnSXrtDfALWeH4qPBS,varun.a.singh@capgemini.com,Varun Singh,Varun,Singh,,Consultant,,,Product Marketing Manager,Capgemini,,,Happay - Expense Management Solution for Businesses,,,,,,https://linkedin.com/in/varun-singh-a7879b97
5WOgyUo5g7C0UTvlSmCT,CZR7RlHXXpiRpLuCQWUX,sara_mulick@onecallcm.com,Sara Mulick,Sara,Mulick,,VP Enterprise Sales,,,Vice President of Enterprise Sales,One Call,,,One Call Care Management,,,,,,https://linkedin.com/in/sara-mulick-07115513
dU4aE5m4nlrUVasFlOW4,CZR7RlHXXpiRpLuCQWUX,sara_mulick@onecallcm.com,Sara Mulick,Sara,Mulick,,VP Enterprise Sales,,,Vice President of Enterprise Sales,ESIS,,,One Call Care Management,,,,,,https://linkedin.com/in/sara-mulick-07115513
5a9jIAv5sBnBQoWJBT8a,061UMGPl7RZaorGkCQiR,niki.manby@mutualofomaha.com,Niki Manby,Niki,Manby,,Chief Innovation Officer,,,Chief Innovation Officer,Mutual of Omaha,,,Mutual of Omaha,,,,,,https://linkedin.com/in/nikimanby
5kzQh1xzefZv9EdYSJEN,TrKYXOhjS1KUMrXGP9rW,joseph.pietrandrea@kofc.org,Joseph Pietrandrea,Joseph,Pietrandrea,,VP Sales,,,Vice President of Sales Training and Development,Knights of Columbus Insurance,,,Knights of Columbus Insurance,,,,,,https://linkedin.com/in/joseph-pietrandrea-869195a
5yD8sIUb9qFdOXjY9m2F,y95d0Zyz2qZy35KO8Py8,terry@gilico.com,Terry Ezell,Terry,Ezell,,VP Operations,,,Vice President of Operations,Guaranty Income Life Ins Co.,,,Guaranty Income Life Insurance Company,,,,,,https://linkedin.com/in/terry-ezell-27166332
6NG12VBRXU1m2JFD0NRf,00DqQVrjcEIn8jOLbksr,mlaudando@metlife.com,Megan Laudando,Megan,Laudando,,Manager-long Term Care Claims,,,Operations Manager-Long Term Care Claims,MetLife,,,MetLife,,,,,,https://linkedin.com/in/megan-laudando-71b65497
6SaAdebhXKYoPw1dXRw0,ZSzouOpizOEEsZTNwtkE,jennifer@nationwide.com,Jennifer Sloey,Jennifer,Sloey,,Director Innovation,,,"AVP, CFO Emerging Businesses & Innovation",Nationwide,,,Nationwide,,,,,,https://linkedin.com/in/jennifer-sloey-75bbb84a
6fSJbhEXYSGMGYBTfqep,z9C5GzLGaewnIkaK7nJ7,,Deb Newman,Deb,Newman,,Former founder & ceo (retired),,,Retired,Newman LTC,,,Newman Long Term Care,,,,,,https://linkedin.com/in/debracnewman/
6hc7RmOADcFWyKwdu8L7,hQUGxZemZknRxBktcpd9,maudet@johnhancock.com,Michele Audet,Michele,Audet,,Special Project Lead -wellness Initiative,,,Principal-Health & Wellness Consultant,John Hancock Financial Services,,,"Well, Wise & Whole Consulting, LLC",,,,,,https://linkedin.com/in/micheleaudet
745yqlvZYGAXFWK1lLfB,AF1rpdE2A63hWylz2nt8,erin.morasco@prudential.com,Erin Morasco,Erin,Morasco,,Work Force Management Analyst,,,Work force Management Analyst,Prudential,,,Prudential Financial,,,,,,https://linkedin.com/in/erin-morasco-7628743
76yccAwO3VcnllZVHdXv,cmpWCJ03IW2CfrFV9gP0,brian.poppe@mutualofomaha.com,Brian Poppe,Brian,Poppe,,"SVP, Departing Well Solutions",,,"SVP, Technology Modernization - Business Solutions Owner",Mutual of Omaha,,,Mutual of Omaha,,,,,,https://linkedin.com/in/bpoppe
7G4hWnPBbWSGCHEarkq1,nWtx9xGZzESbVdGQuZSO,chandra.coleman@mutualofomaha.com,Chandra Coleman,Chandra,Coleman,,"VP, Actuary Data Analytics",,,VP & Actuary Data Analytics,Mutual of Omaha,,,Mutual of Omaha,,,,,,https://linkedin.com/in/chandra-coleman-8113b917
7NCBGMuNh1cWQPKeFeeh,8FhJ0S92h6i1qVfstHOf,kpmonroe@metlife.com,Kathy Monroe,Kathy,Monroe,,"Archer Admin, IT Risk, Security Consultant",,,"Manager, IT Third Party Risk Management",MetLife,,,MetLife,,,,,,https://linkedin.com/in/kathy-monroe-1681837
7gxgnYzNCRaiWREj9BSU,nx4f60mP141Qjy2giL6W,nancy.rietveld@thrivent.com,Nancy Rietveld,Nancy,Rietveld,,Director of Claims Operations,,,Board of Directors,Thrivent Financial,,,Capital Credit Union - NE Wisconsin,,,,,,https://linkedin.com/in/nancy-rietveld-8338158
7q04DtGeGMylvc0Xd7mX,TDrhRIsTL1yv7uekvoQ1,andej29@nationwide.com,J Anderson,J,Anderson,,"Management Associate, Financial Leadership Rotation Program",,,,Nationwide,,,,,,,,,https://linkedin.com/in/anderjamesbrian
7yHZzkUOI1zRIOK5z7ag,eVzUihJ4M4u86Ke9ecZs,michael.choo@paradigmcorp.com,Michael Choo,Michael,Choo,,Social Media Voice,,,Oral Board Examiner,Paradigm Corp,,,American Board of Emergency Medicine,,,,,,https://linkedin.com/in/michael-choo-md-89b3156a
8AqOKXOkqQQyXzhItsoV,Nn3w3aq0kGRbPwlIoiUm,russ.hoffbauer.a30x@statefarm.com,Russ Hoffbauer,Russ,Hoffbauer,,Claims Director,,,Claims Director,State Farm,,,State Farm Insurance,,,,,,https://linkedin.com/in/russ-hoffbauer-9bb44477
8CRym2jcWCQI6XXQ4FiY,iXVqKQ8S5gHlqQfJ1gu9,jessicacalabrese@massmutual.com,Jessica Calabrese,Jessica,Calabrese,,Delivery Lead,,,Head of Workplace CRM Enablement and Key Account Reporting,Massachusetts Mutl Life Ins Co (MassMutual),,,MassMutual,,,,,,https://linkedin.com/in/jessica-calabrese-25781588
8OJ8tQ0bGmm2zmZrtPPJ,K7UsHxwb4mqrJpjZoHIs,,WIllie Sanders Jr.,WIllie,Sanders Jr.,,"SENIOR DIRECTOR OF OPERATIONS, CLAIM MANAGEMENT & CLIENT SERVICES",,,"FRANCHISE OWNER - SANDERS SENIOR CARE, INC.","TriPlus Services, Inc.",,,Home Instead Senior Care,,,,,,https://linkedin.com/in/willie-sanders-jr-65b8a085
8ONFP8NnovQS08Zq4Rlf,kCI0SxhxTyxp6okEruK2,lisaparker@northwesternmutual.com,Lisa Parker,Lisa,Parker,,"VP Di, Ltc Claims",,,Vice President DI and LTC Claims,Northwestern Mutual,,,Northwestern Mutual,,,,,,https://linkedin.com/in/lisa-parker-14284653
8UjdHYnJvHQrlnrqiLRO,0ViqZMFp92KMaV61eW39,,Andy Corbin,Andy,Corbin,,"Director, Claims Division",,,,Auto-Owners Life Insurance Co.,,,,,,,,,https://linkedin.com/in/andy-corbin-b6b153b/
8X30bS0S7z0gKvp0w9Fx,F3VUbt0uNrrWfc3yY3SB,gbesz@penntreaty.com,Gina Besz,Gina,Besz,,"Assistant VP, Claims, Process Engineering",,,"Vice President, Claims & Risk Management",Penn Treaty Network (Administered by TriPlus),,,"TriPlus Services, Inc.",,,,,,https://www.linkedin.com/in/gina-besz-65827511a
8Yp7oZczqFcF6ACQba15,NnD7bm0zY2wQIDJe76W2,rachael.neill@cna.com,Rachael Neill,Rachael,Neill,,Ltc Claim Manager,,,LTC Claim Manager,CNA LTC,,,CNA Insurance,,,,,,https://linkedin.com/in/rachael-neill-2803a083
8cRmwPMVEHBHGsbKH65M,QFGNg9XMigADyBWgRhjH,stheesfeld@cariloop.com,Steven Theesfeld,Steven,Theesfeld,,"Manager, Quality Improvement",,,Chief Integrity Officer,Cariloop,,,Cariloop,,,,,,https://linkedin.com/in/steventheesfeld
95pDh7PQYFzNWNPdpmYf,ZfVpt45oawqfc5AhpHdN,jbungert@metlife.com,John Bungert,John,Bungert,,AVP of Innovation,,,,MetLife,,,,,,,,,https://linkedin.com/in/johnbungert5th
98FWVzePeJUmUeaChqMl,pAXgz3NwYbWi8tPI3oNt,anup.f.kumar@capgemini.com,Anup Kumar,Anup,Kumar,,"President, Chcs Services Inc, Global Head Insurance Business Services",,,"President, CHCS Services Inc and Global Head Insurance Business Services",Capgemini,,,Capgemini,,,,,,https://linkedin.com/in/anupkumar0612
9JtuxrRmnHe9O0nAa0cu,l96XORW6kFIMdQiv17Ro,,Diane Weber,Diane,Weber,,Workers Compensation Director - Large Loss,,,WC Large Loss Director,CNA - Workers Comp,,,CNA Insurance,,,,,,https://linkedin.com/in/diane-weber-cris-scla-2345953a/
9UUBtroWkLy9J8y5hko2,7hpJ99gUXAXIhpbUctaV,brandon_culp@onecallcm.com,Brandon Culp,Brandon,Culp,,"Director of Product Management, Home Health, Complex Care",,,Vice President Of Business Development,One Call,,,Community Hospice & Palliative Care,,,,,,https://linkedin.com/in/brandonhculp
A2I7XeLWyxX9oqplLB7e,t0xU5w90nzl8nYKlCg9o,caroline.howard@genworth.com,Caroline Howard,Caroline,Howard,,Benefits Analyst,,,Apprentice,Genworth,,,Vincent Funeral Home,,,,,,https://linkedin.com/in/caroline-howard-2aaa1b4b
BQqgB8lZda1AE64L0G9M,CsDnq3OW1Ajp71DXGeZU,jverrill@saltassociates.biz,Jeffrey Verrill,Jeffrey,Verrill,,"EVP, Principal",,,Executive Vice President & Principal,SALT,,,Salt Associates,,,,,,https://linkedin.com/in/jeffrey-verrill-2a30387
mUurDjW5e2hAUWPR48od,CsDnq3OW1Ajp71DXGeZU,jverrill@saltassociates.biz,Jeffrey Verrill,Jeffrey,Verrill,,"EVP, Principal",,,Executive Vice President & Principal,RGA Reinsurance Company,,,Salt Associates,,,,,,https://linkedin.com/in/jeffrey-verrill-2a30387
BTJKgh2sSMio2165Md1A,S5gCUVtV8lS9U4KPM2s7,erin.olander@statefarm.com,Erin Olander,Erin,Olander,,"Innovation Manager, Go-to-market",,,,State Farm,,,,,,,,,https://linkedin.com/in/erin-olander-4a5b2221
BTPdK7yLdcgPYIM4Xlo9,RZ0YAxUjTrTTA2jwX6jK,crystal.wyland@transamerica.com,Crystal Wyland,Crystal,Wyland,,"VP, Claims",,,"Sr. Director, Claims",Transamerica Life Insurance Company,,,Tata Consultancy Services,,,,,,https://linkedin.com/in/crystalwyland
BcZL4hjhs29C0CsfLO8w,3PacbbripbcgF0LLopvd,david.grashof@cna.com,David Grashof,David,Grashof,,Data Analytics Consultant,,,Data Analytics Senior Consultant,CNA LTC,,,CNA Insurance,,,,,,https://linkedin.com/in/david-grashof-28093b51
BdUoOlDaKgoFJJYB8jPq,q39dVFzEPJK25mJiodiG,,Mary Swanson,Mary,Swanson,,,,,,Mutual of Omaha,,,,,,,,,https://linkedin.com/in/mary-swanson-60903821/
BgdnQbeY5Go1LIvQJ3rR,Sv4O40PJ0xVu8fS0pSMB,deneb_d_shah@newyorklife.com,Deneb Shah,Deneb,Shah,,"Enterprise Strategy, Business Planning",,,Enterprise Strategy and Business Planning,New York Life,,,New York Life Insurance Company,,,,,,https://linkedin.com/in/denebshah
BhM6VF0zhfmPNySfNNZM,J1L9IqEInNPNsMqij3Ew,gregory.wilcox@equilife.com,Gregory Wilcox,Gregory,Wilcox,,Actuarial Analyst,,,,Equitable Life & Causality Insurance Company,,,,,,,,,https://linkedin.com/in/gregory-wilcox-07a76a88
Bp7ue01jVUMyiVX1YhSs,3Z82y1ScTFVkKQwdcX0S,jlaengrich@cariloop.com,Jeryn Laengrich,Jeryn,Laengrich,,"Chief Service Officer, SVP",,,Director Network Operations,Cariloop,,,OneShare Health,,,,,,https://linkedin.com/in/jeryn-laengrich-46b6628
BpCQSv7TIchOoBHb7q6v,Ku1RPaMjAGXZHBRUSF8z,anup.kumar@capgemini.com,Anup Kumar,Anup,Kumar,,SAP Mm Consultant,,,Senior Consultant,Capgemini,,,Capgemini,,,,,,https://linkedin.com/in/anup-kumar-8aa18834
CJS9rckEuF3G1j6NrGuS,SHXT0HqoidupWmzqv55q,,Bill Naylon,Bill,Naylon,,President,,,President,Vituity (formerly MedAmerica),,,The MedAmerica Insurance Companies,,,,,,https://linkedin.com/in/bill-naylon-51349b18
CW6x0BtzerD8y77nE8VX,RQHnNj178vIyTPfkg2J7,shawn.ellis@nfp.com,Shawn Ellis,Shawn,Ellis,,"Managing Director, Nfp Ventures",,,"Managing Director, NFP Ventures",NFP,,,NFP Ventures,,,,,,https://linkedin.com/in/shawn-ellis
Cd9UsYEG7Ydz4zLDeDzf,P5Ij39esYkA51IR5e3Mx,kevin_glennon@onecallcm.com,Kevin Glennon,Kevin,Glennon,,"Vp-home Health, Complex Care Services",,,Vice President-Home Health & Complex Care Services,One Call,,,One Call Care Management,,,,,,https://linkedin.com/in/kevin-glennon-97b3bb14
CrjXirBR3sQFnPE0RVFd,xkqfVeY7xYKuAYkRt9IB,kristen.demshock@cna.com,Kristen Demshock,Kristen,Demshock,,Clinical Services Specialist,,,Clinical Services Specialist,CNA LTC,,,CNA Insurance,,,,,,https://linkedin.com/in/kristen-demshock-rn-msn-29260763
CxsDbC9SNMW0q2ozcgRc,ZuAjuysL2mqBdX4eaXiM,andrew.pitz@transamerica.com,Andrew Pitz,Andrew,Pitz,,Investment Manager,,,Investment Director,Transamerica Life Insurance Company,,,Transamerica Ventures,,,,,,https://linkedin.com/in/andrewpitz
D1smAh9CVihPwdmvYLL2,uFKbDGBWUMCFHEtqBgm2,,Kamilah Williams-Kemp,Kamilah,Williams-Kemp,,Vice President - Disability and Long Term Care Product Management,,,,Northwestern Mutual,,,,,,,,,
NWrFDPtDxPua8qq1ky7e,uFKbDGBWUMCFHEtqBgm2,kkirk@nflpb.org,Kristen Kirk,Kristen,Kirk,,,,,,NFL,,,,,,,,,
Y3TYY1PDt7O4GxKzouIL,uFKbDGBWUMCFHEtqBgm2,,Justin Nichols,Justin,Nichols,,,,,,Genworth,,,,,,,,,
Yv3aPMQL5BEDW3zkzDV5,uFKbDGBWUMCFHEtqBgm2,,Michael Gilbert,Michael,Gilbert,,,,,,AssuriCare LLC,,,,,,,,,
e1IfPYH10tjYjBAhzwvv,uFKbDGBWUMCFHEtqBgm2,eboardman@humana.com,Elaine Boardman,Elaine,Boardman,,"Director of Operations, Transitions Program, Humana",,,,Humana,,,,,,,,,
ezSzgav7F5NMbPVHxyGY,uFKbDGBWUMCFHEtqBgm2,,Camille Briana Smith,Camille,Briana Smith,,,,,,Equitable Life & Causality Insurance Company,,,,,,,,,
jgz8pyOcZxmr1gfF0zun,uFKbDGBWUMCFHEtqBgm2,,Marcus Rohlfs,Marcus,Rohlfs,,,,,,State Farm,,,,,,,,,
nr1FWmGhMOHFtQ8EDPDT,uFKbDGBWUMCFHEtqBgm2,,Erin Olander,Erin,Olander,,Innovation Manager,,,,State Farm,,,,,,,,,
z9IoWuiTXGN8j5zj3BJH,uFKbDGBWUMCFHEtqBgm2,,Leigh Turner,Leigh,Turner,,,,,,Genworth,,,,,,,,,
DPGxPzLcgRIlZZtECE5E,4UoDzYQWrv22JnXvK7Iy,debra.kane@cna.com,Debbie Kane,Debbie,Kane,,VP,,,Vice President,CNA LTC,,,CNA Insurance,,,,,,https://linkedin.com/in/debbie-kane-41534616
yMZxFvp3N6Cowug3h4jp,4UoDzYQWrv22JnXvK7Iy,debra.kane@cna.com,Debbie Kane,Debbie,Kane,,VP,,,Vice President,CNA - Workers Comp,,,CNA Insurance,,,,,,https://linkedin.com/in/debbie-kane-41534616
DrOsOvPkmVxrTBo6Oepa,bU097M3VeEtTTpUa94e5,timothy_c_delbello@nylim.com,Timothy Del Bello,Timothy,Del Bello,,Senior Associate,,,,New York Life,,,,,TRUE,,,,https://www.linkedin.com/in/tim-del-bello
ECxrTanOyPAp0NR92w7u,d7X1tep9sW6ieUWxpmKU,paul.kauffman@accidentfund.com,Paul Kauffman,Paul,Kauffman,,Director of Medical Programs,,,Director of Medical Programs,Accident Fund,,,Accident Fund Insurance Company of America,,,,,,https://linkedin.com/in/paul-kauffman-67856712
EDQnF1GEBXMvdZGvSFwE,GESgkdWw21Pdk3wke3rh,micki.lockard@cna.com,Micki Lockard,Micki,Lockard,,Long Term Care Claim Manager,,,Long Term Care Claim Manager,CNA LTC,,,CNA Insurance,,,,,,https://linkedin.com/in/micki-lockard-7622ba39
EGltE4BfMIjJUzf5otX8,QakzJEpZodjokn9EugDe,marc.glickman@lifecareassurance.com,Marc Glickman,Marc,Glickman,,"Chief Sales Officer, Fsa, Cltc, Ltcp",,,Chief Executive Officer,LifeCare Assurance,,,BuddyIns,,,,,,https://www.linkedin.com/in/marcglickman
ETxbDapYF5H95yKhfKpL,ve1D6WqvyBNLkBYLlxuS,bonnie.sykes@genworth.com,Bonnie Sykes,Bonnie,Sykes,,"Director, Sourcing",,,"Director, Sourcing",Genworth,,,Genworth Financial,,,,,,https://linkedin.com/in/bonniesykes
EUwqhg3hx9FtdT49Mijb,sCpz26wOcvlsUPkXB3Gu,fryan@lifeplansinc.com,Felicia Ryan,Felicia,Ryan,,Health and Wellness Coach & Program Assistant,,,Clinical Editor,LifePlans (acquired by LTCG),,,LTCG,,,,,,https://linkedin.com/in/bodywisecoaching
EWDCZY8JvHvQRQSET2T6,V1XaQ0vkByRIrNVeNpZm,steve.moore@pacificlife.com,Steve Moore,Steve,Moore,,Ltc Regional Director,,,LTC Regional Director,Pacific Life,,,Pacific Life,,,,,,https://linkedin.com/in/stevemoorepl
Ep3pmsMPNqO31nUCaL63,KYY8sH5aKOMfDZhRyHdq,teresa.bartlett@sedgwick.com,Teresa Bartlett,Teresa,Bartlett,,SVP,,,Senior Vice President,Sedgwick Claims Management Services,,,Sedgwick,,,,,,https://linkedin.com/in/teresa-bartlett-50b09986
Esv6PVpyZCgY3VJpeHeX,gG12UghwBc8hWSSXNUDU,gmcnally@humana.com,Graham McNally,Graham,McNally,,"Director, Innovation",,,"Director, Strategy & Partnerships",Humana,,,Humana,,,,,,https://linkedin.com/in/graham-mcnally-b399325
FnPXym2uEHnmenSEwIZn,ZtfRFI0bpKCw51En4ADO,chad.bellin@ltcg.com,Chad Bellin,Chad,Bellin,,"SVP Operations, Claims",,,Senior Vice President Operations - Claims,CNA LTC,,,LTCG,,,,,,https://linkedin.com/in/chad-bellin-229aa56
yVMzkLEEPtYgUmliYogQ,ZtfRFI0bpKCw51En4ADO,chad.bellin@ltcg.com,Chad Bellin,Chad,Bellin,,"SVP Operations, Claims",,,Senior Vice President Operations - Claims,LTCG,,,LTCG,,,,,,https://linkedin.com/in/chad-bellin-229aa56
FuV2UdJdABYU58BCw6fT,uDEGVBs98VHmMHbCW3Cb,pcieslak@massmutual.com,Patrick Cieslak,Patrick,Cieslak,,Head of DI & LTC Claims,,,,Massachusetts Mutl Life Ins Co (MassMutual),,,,,,,,,https://linkedin.com/in/patrick-cieslak-084b042
GLsWGPkQSc4N612BNG7Y,4GLEeVbG1SUisxfRk0Ko,krisvanderkooy@northwesternmutual.com,Kris Vanderkooy,Kris,Vanderkooy,,Assistant Medical Director,,,,Northwestern Mutual,,,,,,,,,https://linkedin.com/in/kris-vanderkooy-md-flmi-aa751b122
GoO6EIK235PRMPw4Cmjd,EpeqErFqhwez9LOpE42E,vicki.wiltgen@thrivent.com,Vicki Wiltgen,Vicki,Wiltgen,,EA,,,Executive Assistant,Thrivent Financial,,,Thrivent Financial,,,,,,https://linkedin.com/in/vicki-wiltgen-82b381a4
GzNtRDLdRhG9vqwD1ZgX,5M2tgxUSXsN3lirioBb7,dan.seyfried@thrivent.com,Dan Seyfried,Dan,Seyfried,,"Manager, IT",,,Independent Consultant,Thrivent Financial,,,RevolInn LLC,,,,,,https://linkedin.com/in/danielseyfried
HAUE8iWPAreaE7wlDX7Y,6buu2U1rfdHFDbfjL3Sm,jennifer.frost@ltcg.com,Jennifer Frost,Jennifer,Frost,,Provider Network Manager,,,"Director, Provider Solutions",CNA LTC,,,LTCG,,,,,,https://linkedin.com/in/jennifer-frost-19121731
TjGcIBZBxUeESNn6vDW8,6buu2U1rfdHFDbfjL3Sm,jennifer.frost@ltcg.com,Jennifer Frost,Jennifer,Frost,,Provider Network Manager,,,"Director, Provider Solutions",LTCG,,,LTCG,,,,,,https://linkedin.com/in/jennifer-frost-19121731
HAit2EpAN3O8Se9fY8R8,vJw6HsTo7zyYPyp46VRo,aingoldsby@triplusservices.com,Anne Ingoldsby,Anne,Ingoldsby,,COO,,,Chief Operations Officer,"TriPlus Services, Inc.",,,"TriPlus Services, Inc.",,,,,,https://linkedin.com/in/anne-ingoldsby-16ba745
HFq7ZwbPp6AyEFNyRKCC,eEvThiesMXJQ7YGrSaqd,andrew.gibson@mutualofomaha.com,Andrew Gibson,Andrew,Gibson,,"VP Claims, Benefit Solutions",,,"SVP Claims, Workplace Solutions",Mutual of Omaha,,,Mutual of Omaha,,,,,,https://linkedin.com/in/andrew-gibson-39088a4a
HPO92B6pXWP5fDZUeUdi,H7uVlMoSKjK6Xo6EZaL1,,Kathleen Lyons,Kathleen,Lyons,,VP Information Technology,,,"Vice President, Information Technology",Disability Management Services,,,Disability Management Services,,,,,,https://linkedin.com/in/kathleen-lyons-1251b95
HXQGJfzDscaEqpTkfIRp,ayydcE2Yrjbngq6XgDMq,paula.johnson@ltcg.com,Paula Johnson,Paula,Johnson,,"Director, Care Management Operations",,,"Director, Care Management Operations",CNA LTC,,,LTCG,,,,,,https://linkedin.com/in/paula-johnson-4a535512
IGqKE7i7EpdakcVJ7Aj6,XyGoEHM0bytHYHZa46Wa,,Gina Owens,Gina,Owens,,,,,Claims Manager,LifeSecure Insurance Co.,,,LifeSecure Insurance Company,,,,,,https://linkedin.com/in/gina-owens-9b324759/
IRtXS9tLN2vWM1AfmPnG,ytfA7BCbP3OB17df1jpL,dmccauley@woodmen.org,Denise McCauley,Denise,McCauley,,"SVP, Operations",,,"Senior Vice President, Operations",Woodmen Life (subsidiary Woodmen Insurance Agency),,,WoodmenLife,,,,,,https://linkedin.com/in/denise-mccauley-5113465
In4KTRmHg2U6dOHsue83,UrcHnxRFMLggjvAQFqf9,cristina.knellinger@johnhancock.com,Cristina Sergi Knellinger,Cristina,Sergi Knellinger,,"Head of Strategic Partnerships, Alliances",,,Head of Strategic Partnerships & Alliances,John Hancock Financial Services,,,John Hancock Financial Services,,,,,,https://linkedin.com/in/csknellinger
jdorZWt1kGrJXZlnc8eF,UrcHnxRFMLggjvAQFqf9,cknellinger@jhancock.com,Cristina Knellinger,Cristina,Knellinger,,"Head of Strategic Partnerships, Alliances",,,Head of Strategic Partnerships & Alliances,John Hancock Financial Services,,,John Hancock Financial Services,,,,,,https://linkedin.com/in/csknellinger
IusikPlhJzQNz9C9bEG6,cItwIFm1Qn96tLpnr7KS,,Martha Stephens,Martha,Stephens,,,,,"Vice President, Operations",United Security Assurance Company of Pennsylvania,,,United Security Assurance Co of PA,,,,,,https://linkedin.com/in/martha-stephens-7910453b/
JbiAPN9Xq2DNqMGIkaj4,NNgLQRgX357piWn6ZAy1,danielle.garver1@metlife.com,Danielle Garver,Danielle,Garver,,"Director, Innovation",,,Vice President & Chief of Staff to the President & CEO at MetLife,MetLife,,,MetLife,,,,,,https://linkedin.com/in/danielle-garver-39a1b134
JmfcHPvOkW1HgJDOUBFK,Om625nx96QuF81QdSIvn,jsartore@wiltonre.com,John Sartore,John,Sartore,,"VP, Operations",,,"Vice President, Operations",Wilton Re,,,Wilton Re,,,,,,https://linkedin.com/in/john-sartore-35b26125
KHBvNMTi4clgxmkkrHtG,lCUVduBIqZvl3ZmO8ass,pprocknow@metlife.com,Patty Procknow,Patty,Procknow,,"Senior, Lead, Principal Architect",,,Director - US Group Insurance Architecture,MetLife,,,MetLife,,,,,,https://linkedin.com/in/patty-procknow-ab88306
Ko6A2e0eLl14tGI57hlo,tGokc3szcNF4Kif4ZJcl,bill.prouty@equilife.com,Bill Prouty,Bill,Prouty,,Member,,,Chief Executive Officer,Equitable Life & Causality Insurance Company,,,Equitable Life & Casualty,,,,,,https://linkedin.com/in/bill-prouty-b951171
L4R2saLKK0vpSwoibpCG,k4vm3HkjHEfWi0J0WKkv,mrieder@nfp.com,Mark Rieder,Mark,Rieder,,Head of Innovation,,,Head Of Innovation,NFP,,,NFP,,,,,,https://linkedin.com/in/mark-rieder-61ab079
LQqd3TUFN3HMBPt44Yve,SOsETwD3rd8xxPYua9HR,rholroyd@dispec.com,Rita Holroyd,Rita,Holroyd,,Vp-claims,,,Vice President-Claims,Disability Insurance Specialists,,,"Disability Insurance Specialists, LLC.",,,,,,https://linkedin.com/in/rita-holroyd-6a102420
Lk2dLwF22j9iHPfzW66N,zC6OAL2OCae8Ll6ajRdI,,William J. Neugroschel,William,J. Neugroschel,,,,,President and Chief Executive Officer,United Security Assurance Company of Pennsylvania,,,Coventry CareLink Insurance Services,,,,,,https://linkedin.com/in/bill-neugroschel-1060345
M15vSt2jlUM4NSWukg1n,MvUEsstLHAZZwm08Ni12,mconvery@metlife.com,Mike Convery,Mike,Convery,,Chief Claim Offiicer,,,"Senior Vice President, Head of Global Claims",MetLife,,,MetLife,,,,,,https://linkedin.com/in/mike-convery-4a662446
MC2OtpEQ2ap6OefzdLSK,2S0uic1reoljv9VkFEwD,,Jennifer Vey,Jennifer,Vey,,AVP Claim Management,,,AVP Claim Management,"TriPlus Services, Inc.",,,"TriPlus Services, Inc.",,,,,,https://linkedin.com/in/jennifer-vey-aa602713
MFwp3eZwkwF7MmYYtVwp,ABcfJ0Pk2nMYHEVD93mE,allison.kusel@genworth.com,Allison Kusel,Allison,Kusel,,Adjudication Leader,,,"Adjudication Leader (Director, Long Term Care Claims)",Genworth,,,Genworth,,,,,,https://linkedin.com/in/allison-kusel-1a14569b
MKL2oysJd2KeC0avEMHS,rpPrRp5BKSohphZ0C0wJ,isaac.muir@equilife.com,Isaac Muir,Isaac,Muir,,Quality Assurance Manager,,,Sr. Business Analyst,Equitable Life & Causality Insurance Company,,,Bear River Mutual,,,,,,https://linkedin.com/in/isaac-muir-174a319b
MzEvs3pJ1MrTBp2BY50p,NJ0n9TdrlJXo5u58ivNw,gajapathi.kannan@genworth.com,Gajapathi Kannan,Gajapathi,Kannan,,"Carescout, Business CIO",,,Claims IT Leader,Genworth,,,Genworth,,,,,,https://linkedin.com/in/gajak
NPyuwFME7VA78UIdn3E3,AnPbchn3YLrNXFI2hAej,jamie.rhimer@cna.com,Jamie Rhimer,Jamie,Rhimer,,Ltc Claims Specialist,,,LTC Claims Specialist,CNA LTC,,,CNA Insurance,,,,,,https://linkedin.com/in/jamie-rhimer-6b6b75b6
NlSNpA6sOd7JxaPjiADr,CROqy7F7qI6PyJegg04X,demersa@nationwide.com,Alan Demers,Alan,Demers,,"VP, Claims Innovation",,,,Nationwide,,,,,,,,,https://linkedin.com/in/alan-demers-b059b145
OLLiTwRBoWLUpu8PoOtC,WYbaWqcIOe2tbq3U7OFx,colleen.broomhead@cna.com,Colleen Broomhead,Colleen,Broomhead,,"Director of Claim Process, Innovation",,,Director of LTC Claim Operations,CNA LTC,,,CNA Insurance,,,,,,https://linkedin.com/in/colleen-broomhead-80ab00123
OSQrEkLPea9oD09MMWsI,ZAQg1wtBmi4zD6KmcJGg,jessica.shull.j42r@statefarm.com,Jessica Shull,Jessica,Shull,,Innovation Manager,,,Technology Manager - Digital Assets & Strategy,State Farm,,,State Farm ®,,,,,,https://linkedin.com/in/jessicalynnshull
P1Q013IFEfHsO2eyF3PR,qnlmhNWIGBs5rL5FtpQn,jordan.buckler@metlife.com,Jordan Buckler,Jordan,Buckler,,Innovation Consultant,,,,MetLife,,,,,,,,,https://linkedin.com/in/jordanbuckler
P7ePniuJ3naj3yy82wnm,GpTqIc5cc52iDxz63Kqd,jward@texasmutual.com,Jeanette Ward,Jeanette,Ward,,COO,,,,Texas Mutual Insurance,,,,,,,,,https://linkedin.com/in/jeanette-ward-9004189
PEh8rMMrxGWipaowaBCJ,Ps7NI9Uekrv40uOGXja8,acrawford@jhancock.com,Amie Crawford,Amie,Crawford,,Benefits Consultant,,,"Director, Strategic Wellness Projects",John Hancock Financial Services,,,John Hancock,,,,,,https://linkedin.com/in/amielabellacrawford/
Pc8C4zc5YHWgu8rTjEAP,2QkjgoddGmQOv6Xkak36,cjefferson@metlife.com,Cliff Jefferson,Cliff,Jefferson,,"VP, Global Claim Operations",,,President and Chief Operating Officer,MetLife,,,"Claimify (formerly Lucens Group, LLC)",,,,,,https://linkedin.com/in/cliff-jefferson-6bb4906
PtCVNjk21OY45wyD5iU0,hX2CgLfV1KDtFURPXqHu,hplasker@carescout.com,Hannah Plasker,Hannah,Plasker,,Client Service Specialist,,,Account Coordinator,Genworth,,,CareScout,,,,,,https://linkedin.com/in/hannah-plasker-2a3b7674/
PzRHzPNeIyjh4KIV7kMK,jlMohgpI4PVPcZG2tEMe,,Diann Murphy,Diann,Murphy,,Client Services Manager,,,Customer Service Representative,California Long-term Care insurance,,,California Long Term Care Insurance Services Inc./Northstar Network Insurance Agnecy,,,,,,https://linkedin.com/in/diann-murphy-522a1719/
QgFEEKP4Frd9pSeneZJN,W7ddyKMAOOFmOWtiyz9Q,lbertolucci@humana.com,Lewis Bertolucci,Lewis,Bertolucci,,"Digital Strategy, Innovation Leader",,,Director of Digital,Humana,,,Blue Cross Blue Shield Association,,,,,,https://linkedin.com/in/lbertolucci
QpXe98FgVVlq04WnSqjv,CCkiM0bvptBwcsGYH1nL,david.kerr@prudential.com,David Kerr,David,Kerr,,"VP, Chief Actuary, Long Term Care, Discontinued Businesses",,,"Vice President & Chief Actuary, Long Term Care and Discontinued Businesses",Prudential,,,Prudential Financial,,,,,,https://linkedin.com/in/david-kerr-625b144
R4PnszF02LMhYoYLN4Eo,Xp24EbzVwnaCWUxEOwTA,david.perry@cna.com,David Perry,David,Perry,,SVP,,,Senior Vice President,CNA LTC,,,CNA Insurance,,,,,,https://linkedin.com/in/david-perry-54268813
R5Qv4jXOsyVFTiMrVkzk,2FLEtBgFtDY7ezo0tH3R,chana.unger@genworth.com,Chana Unger,Chana,Unger,,Regional VP Long Term Care (Sales side),,,Community Sales Manager,Genworth,,,Cornerstone Homes - VA,,,,,,https://linkedin.com/in/chanaunger
RCEXbi8TDDa5D9TUD4hI,TyCkSR0sEyaySsINPCEX,patricia.nunez@cna.com,Patricia Nunez,Patricia,Nunez,,"Director, Claim Supply Management Office",,,Director - Claim Supply Management Office,CNA - Workers Comp,,,CNA Insurance,,,,,,https://linkedin.com/in/patricia-nunez-93bb7a3b
SXg7GI6WvtdbQlc9MvwG,0bxnXhwxPAvaEbctLLXq,sharon.scanlon@lfg.com,Sharon Scanlon,Sharon,Scanlon,,"SVP, Head of Customer Experience, Retirement Plan Services",,,"Senior Vice President, Head of CX, Individual Life & Annuity Ops, and Retirement Plan Services",Lincoln Financial Group (LFG),,,Lincoln Financial Group,,,,,,https://linkedin.com/in/sharon-scanlon-00847013
SdRx8svxjNeC6EXQ7OZI,wZ588gDkBqFqGVleWk63,trinnia_graham@onecallcm.com,Trinnia Graham,Trinnia,Graham,,Corporate Paralegal,,,Senior Corporate Paralegal,One Call,,,One Call,,,,,,https://linkedin.com/in/trinnia-graham-28130150
SihoIl2blNXVtx6YsaZo,jOzfqiwQxPYD5Pdw1XlI,julie.bard-mcconahay@mutualofomaha.com,Julie Bard-McConahay,Julie,Bard-McConahay,,"Director, Individual Life, Health Claims",,,"Director, Individual Life & Health Claims",Mutual of Omaha,,,Mutual of Omaha,,,,,,https://www.linkedin.com/in/julie-bard-mcconahay-29131224
TNvIuFUbHKNW9RLjkiEs,pw3e2kdPSmndepNf5XYQ,terry.fitzsimmons@ltcg.com,Terry Fitzsimmons,Terry,Fitzsimmons,,Operations Manager,,,Operations Manager,CNA LTC,,,LTCG,,,,,,https://linkedin.com/in/terry-fitzsimmons-15857115
U3icmjt0CIm9dA21lT5Q,ZYy1HCWNZ7Ru7IaMQNtd,jvey@triplusservices.com,Jennifer Vey,Jennifer,Vey,,AVP Claim Management,,,AVP Claim Management,"TriPlus Services, Inc.",,,"TriPlus Services, Inc.",,,,,,https://linkedin.com/in/jennifer-vey-aa602713
UUYduyeeWqWPdRC6gzmZ,s9hID2gN8GrpET5W7iB7,james.bafaro@statefarm.com,James Bafaro,James,Bafaro,,Innovation,,,Labs @ State Farm,State Farm,,,State Farm,,,,,,https://linkedin.com/in/jamesbafaro
UbYtLbj9wcnemGgLJw44,p9smkM09EKaPZLw9tmTD,julie.larson@ae.ventures,Julie Larson,Julie,Larson,,Programmer Analyst,,,Programmer Analyst,American Enterprise Mutual Holding,,,EMC National Life Company,,,,,,https://linkedin.com/in/julie-larson-9928391a
UvWhYfZ5P6ThvR1FUuIt,lWu7RVvIQhPJPKgJuYyr,vkolla@jhancock.com,Vishwa Kolla,Vishwa,Kolla,,"AVP, Head of Advanced Analytics",,,Project Lead,John Hancock Financial Services,,,The Boston Consulting Group (BCG),,,,,,https://linkedin.com/in/vishwakolla
VLys3r8LXMDJx1SCPOIE,rr8NlJbKZzqKbo8fx4Bs,rstanley@jhancock.com,Rob Stanley,Rob,Stanley,,"VP Sales Operations, Infrastructure",,,,John Hancock Financial Services,,,,,,,,,https://linkedin.com/in/roberttstanley
VYMoOsH6mm5AdbHMeKuH,0iiotvLlVn7Y8o7t53u1,,Timothy Dona,Timothy,Dona,,President,,,,Newman LTC,,,,,,,,,https://www.linkedin.com/in/timothy-dona-94a5a02
VhCXUUGYY2DuLuSqXIJm,TyXhHmzMrLOhNjpkJJpn,chad@ae.ventures,Chad Zelle,Chad,Zelle,,"Technology Architect, AE Ventures",,,Director Of Technology & Innovation Architecture - AE Ventures,American Enterprise Mutual Holding,,,"American Enterprise Group, Inc.",,,,,,https://linkedin.com/in/chad-zelle-3b265b17
Vmq0FrslBgpgwd3FYz9a,51iLKuLXzKtKG5vP9fR5,missy.gordon@milliman.com,Missy Gordon,Missy,Gordon,,"Principal, Consulting Actuary",,,Principal and Consulting Actuary,Milliman,,,Milliman,,,,,,https://linkedin.com/in/missy-gordon-81624427
W4XTeWhXRfxQoWbgUI63,acggHODrIjN2pz2in2TR,brad.rokosh@transamerica.com,Brad Rokosh,Brad,Rokosh,,,,,,Transamerica Life Insurance Company,,,,,,,,,https://linkedin.com/in/brad-rokosh-1377892
W8EQ65Bs5Ev0NKCn8WwC,OrLOi8asifZ5Qxr6WlTH,diane.nemphos@lfg.com,Diane Nemphos,Diane,Nemphos,,"Portfolio Relationship Manager, Business Technology, Optimization",,,Strategic Planning Office - Senior Consultant,Lincoln Financial Group (LFG),,,Lincoln Financial Group,,,,,,https://linkedin.com/in/diane-nemphos-5b7b8414
WIQxn9dCb52sDX7Ia3kR,QF4KjheDRcZRIaBKah9X,,Christina Griffin,Christina,Griffin,,,,,"Claims Manager, FIRMS",FIRMS at First Insurance Company of Hawaii,,,First Insurance Company of Hawaii,,,,,,https://linkedin.com/in/christina-griffin-1b4278a4/
WNxo5CVg52N3XHpNEuyC,RiX3CgRQX38xblXFIxAQ,james.lust@cna.com,James (Jamie) Lust,James (Jamie),Lust,,VP,,,Vice President - Strategy Execution for Warranty,CNA LTC,,,CNA Insurance,,,,,,https://linkedin.com/in/jamie-lust-27b0872
WUXaHEqg3Gbb9DlhxPyN,PB5iPc3luAMQukRvVX2g,jose.brito@equilife.com,Jose Brito,Jose,Brito,,Director of Underwriting,,,,Equitable Life & Causality Insurance Company,,,,,,,,,https://linkedin.com/in/jose-brito-a39b2931
WxVd1T77nGvXzgpwQYSb,jU9l1mnG82LG4aINFk9U,djohnson4@metlife.com,Deborah Johnson,Deborah,Johnson,,Insurance Agent,,,UPS,MetLife,,,UPS,,,,,,https://linkedin.com/in/deborah-johnson-31b7ba9b
XEvmLS7RQOeCjAgVmLBZ,M5vWaqmL2JhaRim9Cc9k,kristopher.quevillon@thrivent.com,Kristopher Quevillon,Kristopher,Quevillon,,Senior Manager,,,"Sr. Manager, Health Claims Operations",Thrivent Financial,,,Thrivent Financial,,,,,,https://linkedin.com/in/kristopher-quevillon-0b882827
XmHD17ZVtTogvPdR6vGM,qIyJFqwWRcYbrkzKClPv,samantha.hall@oneamerica.com,Samantha Hall,Samantha,Hall,,"Divisional VP, CLTC",,,,OneAmerica,,,,,,,,,https://linkedin.com/in/samanthahallcltc
Xr3N9JB40iobyOmE8FSQ,Zjr0hBefeDFnoUk4mpG5,mwalsh@cariloop.com,Michael Walsh,Michael,Walsh,,"Co-founder, CEO",,,Chief Executive Officer,Cariloop,,,Cariloop,,,,,,https://linkedin.com/in/walshmichaelr
Y44MOM0BCLNmFf38XDtV,ZYre40a5wHp2HJybZNye,gkannan@massmutual.com,Gopika Kannan,Gopika,Kannan,,"Assistant VP, Cognitive Solutions, Innovation Practices",,,Head of Strategy and Research,Massachusetts Mutl Life Ins Co (MassMutual),,,Stealth Start-up (cognitive assitance),,,,,,https://linkedin.com/in/gopikakannan
ZA2UZlYICaRhXP0XbhCW,w8q0Q5Lc9aQd4eNJRS7O,michelle.hill@genworth.com,Michelle Hill,Michelle,Hill,,Director Long Term Care Claims,,,Director Long Term Care Claims,Genworth,,,Genworth,,,,,,https://linkedin.com/in/michelle-hill-39241011
ZOhMT1LUFszpvGoE1VLP,kr5P1uJ0o9caFVfrHOPE,john.sieb@prudential.com,John Sieb,John,Sieb,,"VP, Planning, Analysis",,,Business Head and COO - Long Term Care,Prudential,,,Prudential Financial,,,,,,https://linkedin.com/in/john-sieb-0a124815
ZV46kH340R6f94zeELgI,DEbaZX4fw5m4JNqW1Syo,james.smith@ltcg.com,James Smith,James,Smith,,"Manager Enterprise Security, Risk Management",,,Manager Enterprise Security and Risk Management,LTCG,,,LTCG,,,,,,https://linkedin.com/in/james-smith-81835010
ZXbsHKFV33kGTgoI1Q5K,WrOkHnBiSYOPgaCZYBO5,umesh.chandorkar@capgemini.com,Umesh Chandorkar,Umesh,Chandorkar,,"VP, Head of IT, Ibas",,,,Capgemini,,,,,,,,,https://linkedin.com/in/umesh-chandorkar-a237722
ZdLGWC8WoIbv5DVExeoU,ClVCepn2sAXjjW1mQaIp,crystal.tschirren@mutualofomaha.com,Crystal Tschirren,Crystal,Tschirren,,Senior Administrative Assistant,,,Senior Administrative Assistant,Mutual of Omaha,,,Mutual of Omaha,,,,,,https://linkedin.com/in/crystaltschirren
ZeKxCB3h68lV1k9Jy6Dj,XdPgBhkib8bt0tCcvdpP,jstewart@texasmutual.com,Jeffrey Stewart,Jeffrey,Stewart,,Consultant,,,Consultant,Texas Mutual Insurance,,,Texas Mutual Insurance Company,,,,,,https://linkedin.com/in/jeffrey-stewart-abaa4311
ZgG7yWjgJsWg2MQkC2Pa,pWZzDYT0l4gWZYImU1lg,tom.rieksejr@ltcipartners.com,Tom Riekse,Tom,Riekse,,Managing Partner,,,,NFP,,,,,,,,,https://linkedin.com/in/tom-riekse-sr-16a15512
ZuYYuiY7LOHDM9QUDxoC,ydOAw5UwgVM1r55aXngZ,klee@humana.com,Karen Lee,Karen,Lee,,"Innovation, Strategic Partnerships Leader, Humana Wellness",,,,Humana,,,,,,,,,https://linkedin.com/in/karenmichelelee
ZxYqOjT0rHSHHRn8Ekwn,fP5nGM79B1ZxTCxipVnP,pburke@jhancock.com,Peter Burke,Peter,Burke,,Assistant VP,,,Assistant Vice President,John Hancock Financial Services,,,John Hancock,,,,,,https://linkedin.com/in/peter-burke-4b53a15
aIvOVw0o0s4QzXqnyRt6,LHBWN1QOunlO6nZYZmKw,mbryer@unum.com,Michelle Bryer,Michelle,Bryer,,Assistant VP,,,Vice President,Unum,,,Unum,,,,,,https://linkedin.com/in/michelle-bryer-685476b0
aXfnQcAKFH0HAtLcpRct,hmBzteCxpila8JtHxsi1,rgergasko@texasmutual.com,Richard Gergasko,Richard,Gergasko,,"President, CEO",,,President and CEO,Texas Mutual Insurance,,,Texas Mutual Insurance Company,,,,,,https://linkedin.com/in/richard-gergasko-b7437213
abXAYPPFURWLJu4YYkSN,0Cpj95aoXS5EHfvOWvW5,jonmcelhaney@northwesternmutual.com,Jon Mcelhaney,Jon,Mcelhaney,,"Assistant Director, Ltc Claims",,,"Assistant Director, LTC Claims",Northwestern Mutual,,,Northwestern Mutual,,,,,,https://linkedin.com/in/jon-mcelhaney-bb49a812
amaRzaXacNHW65KFtj2i,PmPYtiL07yUh42G0qmRR,lisa.roush@mutualofomaha.com,Lisa Roush,Lisa,Roush,,Senior Business System Consultant,,,Sr. Business System Consultant,Mutual of Omaha,,,Mutual of Omaha,,,,,,https://linkedin.com/in/lisa-roush-9443b813
antdHrSRzQNL2BGkVA9V,hPJQkh0KMMHArL1Gyhhn,kgalin@massmutual.com,Kristin Galin,Kristin,Galin,,"Disability Income, Long Term Care Program Manager",,,Readiness Lead - Strategic Initiatives,Massachusetts Mutl Life Ins Co (MassMutual),,,MassMutual,,,,,,https://linkedin.com/in/kristin-galin-16b47b56
b1pBmLvRClrY6YZc0Jx1,Rvug6E3jOvl5IkYItEXH,,Allan Farovitch,Allan,Farovitch,,President,,,President,California Long-term Care insurance,,,"California Long Term Care Insurance Services, Inc.",,,,,,https://linkedin.com/in/allan-farovitch-6a6b6418
b1vQuGG7xmDFqpMiK8oR,vheQ8X7Pq9NlJcwhymV7,aal-zoubi@amerisure.com,Amjed Al-Zoubi,Amjed,Al-Zoubi,,VP Application Systems,,,Chief Technology Officer (Head of IT),Amerisure,,,Amerisure Insurance,,,,,,https://linkedin.com/in/amjedalzoubi
bE4zsM3fNBFnW7cStGve,uNpld9QqIiV69bgv4xeD,dwallace@massmutual.com,Devon Wallace,Devon,Wallace,,"Assistant VP, Life, Annuity Claims",,,"Head of Life and Annuity Claims, Assistant Vice President",Massachusetts Mutl Life Ins Co (MassMutual),,,MassMutual,,,,,,https://linkedin.com/in/devon-wallace-2858a5a
bpA9geLO8u8fPCOAvplw,iIs8lZPDEBjYCjzbSJz9,"dar.hakimi.cqhb@statefarm.com, 'thehakimis@gmail.com",Dar Hakimi,Dar,Hakimi,,Innovation Director,,,,State Farm,,,,,,,,,https://linkedin.com/in/dar-hakimi-9b78a030
byouQPmRxkPKD9igoC2z,fmF0xn2498Q69cG1MuDd,julie.fischer@esis.com,Julie Fischer,Julie,Fischer,,,,,,ESIS,,,,,,,,,https://linkedin.com/in/julie-fischer-2299157/
c1zOzmj0VJpRifSdfBsM,2F8feijLzDt8jeHQkgeq,tristen.gaertner@equilife.com,Tristen Gaertner,Tristen,Gaertner,,Intake Operations Manager,,,Director of LTC Operations,Equitable Life & Causality Insurance Company,,,Equitable Life & Casualty Insurance Company,,,,,,https://linkedin.com/in/tristen-gaertner-79b60913a
cmp5oOpC5DwrvM1OeExt,VCg8Bhj3cH4rT7e6W5Nz,julie.belknap@continental-ins.com,Julie Belknap,Julie,Belknap,,Assistant VP Product Management,,,"Assistant Vice President, Product and Risk Management",The Continental Insurance,,,"Continental LTC, Inc.",,,,,,https://linkedin.com/in/julie-belknap-asa-maaa-411739111
cp0daeHzies5Q4tNMO4j,spRhvvmM68PpoF7RGgCi,rsimon1@metlife.com,Robert Simon,Robert,Simon,,Underwriter,,,Chief Underwriter,MetLife,,,UNITE HERE HEALTH,,,,,,https://linkedin.com/in/robert-simon-8592bb1a
csBsbMqmJuFd3JGxucL0,nEBluF6xnZJdDw9ik4va,dennis.ingersoll@genworth.com,Dennis Ingersoll,Dennis,Ingersoll,,Director of Claims,,,Director of Claims,Genworth,,,Genworth Financial,,,,,,https://linkedin.com/in/dennis-ingersoll-558a743
dUDUbUdSB9oW2K1DZvZY,ivmDaijwVQduw6Xkzobh,travis.simpson@continental-ins.com,Travis Simpson,Travis,Simpson,,VP Operations,,,Chief Operating Officer,The Continental Insurance,,,"Continental LTC, Inc.",,,,,,https://linkedin.com/in/travis-simpson-ab660b23
dqt69NtaPpeuId4OPBH3,IeyZL0eBh6mhOvlHoLPv,brian_zoya@onecallcm.com,Brian Zoya,Brian,Zoya,,"SVP, Product Management",,,,One Call,,,,,,,,,https://linkedin.com/in/brian-zoya-62079a7
e7N2U2K7omVxCPaSaBNX,WvEuzC22ZpmjI5TITFMk,steve.schoonveld@lfg.com,Steve Schoonveld,Steve,Schoonveld,,Head of Linked Benefit Product Solutions,,,Head of Linked Benefit Product Solutions,Lincoln Financial Group (LFG),,,Lincoln Financial Group,,,,,,https://linkedin.com/in/sschoonveld
eNKDh9vtAYOSj49hShw6,0gLWFCS7cNxXbGC78IpO,nickwichert@northwesternmutual.com,Nick,Nick,,,"Senior Product Manager, Banyan Labs",,,"Sr. Director, Northwestern Mutual Venture Studio",Northwestern Mutual,,,Northwestern Mutual,,,,,,https://linkedin.com/in/nwichert/
eYhrZn5ZeqMysi6OKhsF,PyuesS0Ix9ifre4cpSXS,veronica.cressman@esis.com,Veronica Cressman,Veronica,Cressman,,VP Medical Programs,,,SVP Medical Programs,ESIS,,,"ESIS, Inc.",,,,,,https://linkedin.com/in/veronica-cressman-45409590
eyRY7on8reDDOtnYxxeJ,4toKk0QQ1VRyjG9XHRu3,julie.hansen@transamerica.com,Julie Hansen,Julie,Hansen,,Director of Claims,,,Director,Transamerica Life Insurance Company,,,Tata Consultancy Services,,,,,,https://linkedin.com/in/julie-hansen-848280a4
f1qWkP44IpS0A9DkwbHI,N6ONQ8hl950kirDwHbha,peter.laplaca@cna.com,Peter LaPlaca,Peter,LaPlaca,,"Experienced Leader in Claims, Business Intelligence, Operations",,,President,CNA LTC,,,LaPlaca Consulting,,,,,,https://www.linkedin.com/in/peter-laplaca
fAQ5lHnhtjlBUfhYHB4m,uc9GB7z9EPYZFvkXIszr,,Keith Leader,Keith,Leader,,Director LTC Operations,,,,LTC Partners,,,,,,,,,https://linkedin.com/in/keith-leader-b482b42/
fGZQrjubPh7TDG8zUYqS,4x95ghdAcYT8sJStZUX0,louis@cltcinsurance.com,Louis Brownstone,Louis,Brownstone,,Owner,,,Owner,California Long-term Care insurance,,,"California Long Term Care Insurance Services, Inc.",,,,,,https://linkedin.com/in/louis-brownstone-56148a6
fMISMqRrqG7r6HloAXal,RsHntTddfrNGx6D7WQlq,tonya.ulery@transamerica.com,Tonya Ulery,Tonya,Ulery,,"VP Claims, Customer Service",,,VP Operations,Transamerica Life Insurance Company,,,LTCG,,,,,,https://linkedin.com/in/tonya-ulery-24366554
fc7AcsR6XcIAobvvm5Wy,5Z6p7RdGKscwJn3q327j,m.gonder@berkleynet.com,Matt Gonder,Matt,Gonder,,Claims Director,,,Claims Director,BerkleyNet,,,BerkleyNet Underwriters (a Berkley Company),,,,,,https://linkedin.com/in/matt-gonder-aic-arm-58a2a135/
fr5WDSqfMlyyh0PcYYp3,BD6oMUNGxsChiNT7lxvY,jeanette.rodriguez@chubb.com,Jeanette Rodriguez,Jeanette,Rodriguez,,Vendor Relations Representative,,,Vendor Relations Representative,Chubb,,,Chubb NA,,,,,,https://linkedin.com/in/jeanette-rodriguez-5749a49
g3LK8u6AAo0RvYasxn9F,o6tVDGmw7D21uzwbgHVM,bbattey@metlife.com,Brandon Battey,Brandon,Battey,,Metrics Analyst,,,"Director - Metrics, LTC Analytics",MetLife,,,MetLife,,,,,,https://linkedin.com/in/brandonbattey
gHKL26AmAS2Bt6L0GGzp,B8qoLvT75wM36Vq9Owng,,Tracy Rodiek,Tracy,Rodiek,,,,,Administrative Specialist,City of Austin EAP,,,City of Austin,,,,,,https://linkedin.com/in/tracy-rodiek-90b79912/
gN8OmsVqQbFruRS6JQdF,gLH2zj2bS65OGj21JtLg,john.palmer@cna.com,John Palmer,John,Palmer,,"VP Operations, Vendor Management",,,Vice President Claims & Operations,CNA LTC,,,CNA Insurance,,,,,,https://linkedin.com/in/john-palmer-7b42667
gRAYT0a8aArFf8odXo1k,xhocItHJEbnK6GaosBrl,tsarnese@metlife.com,Tom Sarnese,Tom,Sarnese,,"VP, Long Term Care",,,"Vice President, Long Term Care",MetLife,,,MetLife,,,,,,https://linkedin.com/in/tomsarnese
gSQch11uMbtLkSeBpHC1,n0vlrn7PtOh9rfQYSkhM,judge.rissman@securian.com,Judge Rissman,Judge,Rissman,,Assistant Analyst,,,Contact Center Manager,Minnesota Life (Securian),,,Securian Financial,,,,,,https://linkedin.com/in/judgerissman
gm825fHt0o6LcJWDnGcC,3qaTdh7UW4hLjL0Rvx3k,daniel.mead@thrivent.com,Daniel Mead,Daniel,Mead,,"Compliance, Regulatory Analyst",,,Strategic Initiatives Implementation Manager,Thrivent Financial,,,Thrivent Financial,,,,,,https://linkedin.com/in/danieldmead
gpCsMgTC0XSoy3OTQiM2,Prk1WSeVP6MKWo6OOJrb,jnolet@lifeplansinc.com,Judy Nolet,Judy,Nolet,,Ltc Claims Examiner,,,LTC Claims Examiner,LifePlans (acquired by LTCG),,,"LifePlans, Inc.",,,,,,https://linkedin.com/in/judy-nolet-a3608013
h5GlXYrCKMbUMC6M6DrV,NemsRH6IXIa9jXgDzWK7,robert.eaton@milliman.com,Robert Eaton,Robert,Eaton,,Consulting Actuary,,,Principal & Consulting Actuary,Milliman,,,Milliman,,,,,,https://linkedin.com/in/loveactuary
hf83xPRcGTgh9ol5DW2Y,u3xhGqqD1k59aRcXfUX5,christopher.neal@ameritas.com,Christopher Neal,Christopher,Neal,,"Claim Specialist, Disability",,,DI Claim Manager,Ameritas,,,Ameritas,,,,,,https://linkedin.com/in/chris-neal-a9478665
hjfjx0NPROCGc9qggdCI,UAfycaoKevTiyxyRq1ge,julie.wilkinson@auto-owners.com,Julie Wilkinson,Julie,Wilkinson,,VP IT,,,Vice President,Auto-Owners Life Insurance Co.,,,Auto-Owners Insurance,,,,,,https://linkedin.com/in/julie-wilkinson-67a76b10/
hoHEJoxplLxDtKLussIW,Nk74M3GXZXOzGMKiDDzr,szabel@unum.com,Steven Zabel,Steven,Zabel,,"President, Closed Block Operations",,,,Unum,,,,,,,,,https://linkedin.com/in/steven-zabel-87b5037
i4yf8XVbDZGSCXi31Qed,mBzJYt1OLqzfQ6pmmZBz,csundell@mahp.org,Christine Sundell,Christine,Sundell,,,,,Business Manager,Michigan Association Health Plans,,,Michigan Association of Health Plans,,,,,,https://linkedin.com/in/christine-sundell-a920a97
iJQKNylEOWh7PTMVdfvi,gJsixdqzy9kCdm4BAVLe,colleen.cunningham@nfp.com,Colleen Cunningham,Colleen,Cunningham,,EA,,,Executive Assistant,NFP,,,NFP,,,,,,https://linkedin.com/in/colleen-cunningham-48658140
iNvlXBDpZAdI6YiECZiX,YKu0Z8czmJxGvHUWYTzR,ksmyth@wiltonre.com,Karen Smyth,Karen,Smyth,,,,,Vice President Long Term Care Operations,Wilton Re,,,Wilton Re,,,,,,https://linkedin.com/in/karen-smyth-b572b67
ilYGzUvHL6huq0Fnewhh,BoawU429odH3lzohBDM5,jtubbs@texasmutual.com,Jessica Tubbs,Jessica,Tubbs,,"Senior Manager Network, Medical Operations",,,Sr. Manager Network and Medical Operations,Texas Mutual Insurance,,,Texas Mutual Insurance Company,,,,,,https://linkedin.com/in/jessica-tubbs-37962388
irf7W2uOSKgIIaA2vcER,saRVEzyc4SKIWt0nHv4O,david.hopewell@transamerica.com,David Hopewell,David,Hopewell,,CPO,,,,Transamerica Life Insurance Company,,,,,,,,,https://linkedin.com/in/david-hopewell-93b1b517
j381OhsAXPOiHF6QSIAH,Kc8H5ptGNGZrgni07QAK,mgabriel@jhancock.com,Matthew Gabriel,Matthew,Gabriel,,Experienced Life Insurance Professional Focused on Innovative Product Solutions,,,"AVP, Advanced Analytics",John Hancock Financial Services,,,John Hancock,,,,,,https://linkedin.com/in/matthew-gabriel-fsa-maaa-964b004
jcmiekmg8UB7QDMsmdq7,oTsqQY1EcatF8fjiU7dx,mrokas@carescout.com,Moet Rokas,Moet,Rokas,,,,,,Genworth,,,,,,,,,https://linkedin.com/in/moetrokas/
jiFr86U592TaHksgcwXA,KragLXP2YgxaiACPRItJ,john.woerner@ameriprise.com,John Woerner,John,Woerner,,,,,,Ameriprise Financial,,,,,,,,,https://linkedin.com/in/john-woerner-1132153
jjwVc34FVwT1s2m4wbuA,QW2IJP9AX8d8TM2aLsSz,jdasilva@massmutual.com,Jill Da Silva,Jill,Da Silva,,"EA, Operations",,,,Massachusetts Mutl Life Ins Co (MassMutual),,,,,,,,,https://linkedin.com/in/jsdasilva
jnFkWkmBuc6ArjIVFAZe,htpgr7qUlFV0rxLsvnIs,shari.botelho@absentiasolutions.com,Shari Botelho,Shari,Botelho,,Director of Operations,,,Director of Operations,Abstentia Solutions,,,Absentia Solutions,,,,,,https://linkedin.com/in/shari-botelho-83538b129/
juGYUggtNEV95tWXY3J0,PUDFNrFFXkmNyrBXgmVn,brandon.davis@cna.com,Brandon Davis,Brandon,Davis,,"Corporate Spokesperson, Director of PR, Corporate Social Responsibility",,,Corporate Spokesperson and Director of Public Relations & Corporate Social Responsibility,CNA LTC,,,CNA Insurance,,,,,,https://linkedin.com/in/brandonalandavis
jwEztpJj7iAyswaBtU32,Sw0Gjj6YHOWYri7VX2Ix,kim_radcliffe@onecallcm.com,Kim Radcliffe,Kim,Radcliffe,,SVP Clinical Operations,,,,One Call,,,,,,,,,https://linkedin.com/in/kim-radcliffe-mha-pt-5255b99
jy2mVYgr8ZDSqftBULXQ,Y4S1oveYJtTxrGedOGMC,lwhynot@unum.com,Lori Whynot,Lori,Whynot,,"VP, Group, Individual Benefit Operations",,,"Senior Vice President, Benefit Operations",Unum,,,Unum,,,,,,https://linkedin.com/in/lori-whynot-22429515
kaJfp3OCM49E6O7myLrP,dAhciYTSkoEU95Rgangs,adam.auvil@cnoinc.com,Adam Auvil,Adam,Auvil,,"VP, Corporate Development",,,"Vice President, Corporate Development",Bankers Life and Casualty Company (CNO Financial company),,,CNO Financial Group,,,,,,https://linkedin.com/in/adam-auvil-9b645721
kkC53RnGUjVwCNyKRcSv,05qJ7je0gYEN6qq7Fsq5,holly.taylor@metlife.com,Holly Taylor,Holly,Taylor,,Innovation Analyst,,,,MetLife,,,,,,,,,https://linkedin.com/in/hollytayloresq
l05QRVyf96FIKpqibADo,jrrlsxdLwNOKohaS0Khs,,Steve Riesterer,Steve,Riesterer,,Sr Director Marketing Communications Programs,,,,Ameriprise Financial,,,,,,,,,https://linkedin.com/in/steve-riesterer-86429b3/
l0AaqaDt234IMfOVKkjo,AZwWV9Q2eT4kyAZ3QdUO,dliston@lifeplansinc.com,Denise Liston,Denise,Liston,,SVP,,,Senior Vice President,LifePlans (acquired by LTCG),,,LTCG,,,,,,https://linkedin.com/in/denise-liston-88ba63
l8AWa5cXWAG8yQlQ8E29,0RCVHIiBK2jvVSbsXhsA,tramza@jhancock.com,Tim Ramza,Tim,Ramza,,"Chief Innovation Officer, EA",,,CEO,John Hancock Financial Services,,,"Liveoak Technologies, Inc.",,TRUE,,,,https://www.linkedin.com/in/timramza
lrYbyAzti9BUBfUCBVph,itRbeg2HePAw4SPI8Vtf,leslie.littell@countryfinancial.com,Leslie Littell,Leslie,Littell,,Senior Utilization Management Review Nurse,,,Senior Utilization Management Review Nurse,COUNTRY Financial (SNL Life Group),,,Country Financial,,,,,,https://linkedin.com/in/leslie-littell-04b10738
mM03ksOteS1QdcSeeJsU,ePukYzr17eEyqHTyFcCT,,Jeff Roberts,Jeff,Roberts,,,,,Director Data & Analytics | Data Transformation | Strategy | AI | Machine Learning | Cloud,Physicians Mutual Insurance Co (LifeSecure),,,Physicians Mutual,,,,,,https://linkedin.com/in/jeff-roberts-06a63029/
mRcFRlAf3iqhWUwKTyIj,Gxm1KXkkc0cab2oLgYRo,wayneheidenreich@northwesternmutual.com,Wayne Heidenreich,Wayne,Heidenreich,,Medical Director,,,Medical Director,Northwestern Mutual,,,Northwestern Mutual,,,,,,https://linkedin.com/in/wayne-heidenreich-73a1668
mb7I2njNS6J4P9XfZLYj,phOTQp9RzU7oTHMl7Q0p,mark.beagle@genworth.com,Mark Beagle,Mark,Beagle,,,,,,Genworth,,,,,,,,,https://linkedin.com/in/mark-beagle/17/a0b/175
n1TpS1QLi32v64aRG8Z1,aVvC6KmgCTcZZfB1CwJJ,jtrott@metlife.com,John Trott,John,Trott,,Senior Compliance Consultant,,,Sr Compliance Consultant,MetLife,,,MetLife,,,,,,https://linkedin.com/in/john-trott-5a27b613
nLIxE4MnTiqkcb0d6WQQ,RmfPRgqZTdqKyF3fYtQJ,elizabeth.wade@esis.com,Elizabeth Wade,Elizabeth,Wade,,"Assistant VP, Strategic Outcomes",,,"Assistant Vice President, Strategic Outcomes",ESIS,,,ESIS,,,,,,https://linkedin.com/in/elizabeth-liz-wade-93764611
ndgTrGYQhm9UA10sIuz8,lL0yU94KDpmHnpypoKQr,,Peter Paul Lucas,Peter,Paul Lucas,,,,,Chief Executive Officer,"TriPlus Services, Inc.",,,"TriPlus Services, Inc.",,,,,,https://linkedin.com/in/peterpaullucas
nghVOHm7C2Mb6xY2hUss,CrixJOVpTpzHMa12fROq,bridget.berg@metlife.com,,,,,,,,,MetLife,,,,,TRUE,,,,https://www.linkedin.com/in/bridget-berg-b0939839/
npn0otFtxgnQNxrxc4p1,ICXynwncpBxTrHptsJA0,linda.harris@pacificlife.com,Linda Harris,Linda,Harris,,"Supervisor, Claims Administration",,,,Pacific Life,,,,,,,,,https://linkedin.com/in/linda-harris-3441a353
o4VOADqXmF4FfNCu218z,1dwunKkAQBV2IML9KLbl,aashish.jain@capgemini.com,Aashish Jain,Aashish,Jain,,"Director, Insurance Bps",,,Global Head of Insurance Practice,Capgemini,,,Capgemini,,,,,,https://linkedin.com/in/aashish3000
oVycfl3djxysY0yuup9Q,ON9R2o917BuqjhbUk5AR,dan.gibbons@mutualofomaha.com,Dan Gibbons,Dan,Gibbons,,"Director, Individual Claims",,,"Director, Individual Claims",Mutual of Omaha,,,Mutual of Omaha,,,,,,https://linkedin.com/in/dan-gibbons-65722425
opmIpuRePfo8DDeAZX59,Zb7hWoYUCdcuojUAukfl,celwell@jhancock.com,Che Elwell,Che,Elwell,,"Assistant VP, Long-term Care Systems",,,AVP John Hancock Data and Integration Services at John Hancock Financial Services,John Hancock Financial Services,,,John Hancock,,,,,,https://linkedin.com/in/cheelwell
osil1kokxtTMydhckPt4,vU8rtLvSti8O003t163M,peter.koel@thrivent.com,Peter Koel,Peter,Koel,,Director of IT,,,Principal Consultant,Thrivent Financial,,,Heron Point Consulting,,,,,,https://linkedin.com/in/peter-koel-4aa74480
pMvx8tGOvd3flmM0viYj,u1Oyh4WzQvutORDYWjuL,,Jacki Goldstein,Jacki,Goldstein,,,,,"Vice President and Chief Medical Director, Mass Mutual",Massachusetts Mutl Life Ins Co (MassMutual),,,Mass Mutual,,,,,,https://linkedin.com/in/jacki-goldstein-61118a8
paGQfSBaWl4KxVLLsBar,qMynnVIa8cqsGHvjIauO,jromback@mahp.org,Jeff Romback,Jeff,Romback,,"Deputy Director, Policy, Planning",,,"Deputy Director, Policy and Planning",Michigan Association Health Plans,,,Michigan Association of Health Plans,,,,,,https://linkedin.com/in/jeff-romback-0168815
pk62mIuMFcDeHC7zxDvt,nPcyNlVIz81zjhohZkqJ,ckay@humana.com,Chris Kay,Chris,Kay,,"Senior Vice President, Chief Innovation Officer",,,"Executive Vice President, Consumer Banking, Business Banking and Marketing",Humana,,,M&T Bank,,,,,,https://linkedin.com/in/chkay
plgurjlFgm7tFt0ZIBpu,CI7hu6NtrvxPTjHX8yYz,markbatsiyan@northwesternmutual.com,Mark Batsiyan,Mark,Batsiyan,,Partner,,,Partner and COO,Northwestern Mutual,,,Inspired Capital,,,,,,https://linkedin.com/in/markbatsiyan
pwTYvqCEHdv3AzyLDaHF,vCMrrTy5DN1N3mJAs4tP,brian.etta@mutualofomaha.com,Brian Etta,Brian,Etta,,Financial Advisor,,,Long Term Care (LTC) & Disability Insurance (DI) Specialist,Mutual of Omaha,,,Mutual of Omaha,,,,,,https://linkedin.com/in/brianetta
q2t1pgjlRnI5ydwhuTi5,bPUmwXfYV5kPKNWRrjZk,linda.knox@prudential.com,Linda S. Knox,Linda,S. Knox,,"VP, the Innovation Lab, Prudential Financial",,,Consulting Executive Director,Prudential,,,The Bard Group LLC,,,,,,https://linkedin.com/in/linda-s-knox-83a8a619
q3r8p8FCIobRwjlW4otY,ds91sykUwTlMgV88jqUy,aaron.smallwood@mutualofomaha.com,Aaron Smallwood,Aaron,Smallwood,,Underwriting Support Supervisor,,,Underwriting Support Supervisor,Mutual of Omaha,,,Mutual of Omaha,,,,,,https://linkedin.com/in/aaron-smallwood-5b933747
qII0KHZazopWlUOZfzgI,VKnQAyu1fabUVyNY3GfM,michael.lipe@insperity.com,Michael Lipe,Michael,Lipe,,"Director, Marketing Strategy",,,"Managing Director, Brand and Marketing Strategy",Insperity,,,Insperity,,,,,,https://linkedin.com/in/michael-lipe-6189105b
qe646yycFxRwXyGoXfJ1,coILwCPw7UJ1j364VXm3,charles.jenkins@cna.com,Charles Jenkins,Charles,Jenkins,,Long Term Care Insurance Claims Manager,,,Claims Manager - Long Term Care Insurance,CNA LTC,,,CNA Insurance,,,,,,https://linkedin.com/in/charles-jenkins-28541283
qh6KE8bl6blc69uYpH5Q,nmS7IXf6F0bE0Qzq5KOs,kerry.scarbrough@lfg.com,Kerry Scarbrough,Kerry,Scarbrough,,EA,,,Administrative Assistant,Lincoln Financial Group (LFG),,,Lincoln Financial Group,,,,,,https://linkedin.com/in/kerry-scarbrough-469568b
r4yeNWe3EbhQtQ5tIbT9,pb53KyE2rtdRjSYymdCz,steve@pipelinesuccess.com,Steve Vandegrift,Steve,Vandegrift,,CEO,,,Founding Partner,LTCG,,,SRV Holdings,,,,,,https://linkedin.com/in/stevevandegrift
rScX2kxaeZGziKxjyiQQ,0NZ86asd66DVytKRBZkC,raissa.correa@cna.com,Raissa Correa,Raissa,Correa,,"PR, Corporate Social Responsibility Consultant",,,Public Relations & Corporate Social Responsibility Consultant,CNA LTC,,,CNA Insurance,,,,,,https://linkedin.com/in/raissagcorrea
rgojlLFFieo0taiccMY0,vjevxjS55lMQhnr3saUq,john.belic@genworth.com,John Belic,John,Belic,,"Director, Product Design, Innovation",,,"Director, Product Design and Innovation",Genworth,,,Genworth Financial,,,,,,https://linkedin.com/in/john-belic-6a89973
sbUx7q3dhEpdmtkXMx92,ucRrsapVophIMonQMT13,peter.hetland@thrivent.com,Pete Hetland,Pete,Hetland,,"Director, Strategic Development",,,Self Employed,Thrivent Financial,,,aetla consulting,,,,,,https://linkedin.com/in/peter-hetland-4482a86b
tDaOH7O4suUFUohDA4TE,jdMVs5cQUINGVGQvXY0s,alan.katzman@lfg.com,Alan Katzman,Alan,Katzman,,"AVP, Technology Strategy, Business Architecture",,,"AVP, CX Strategy Development - Producer Solutions",Lincoln Financial Group (LFG),,,Lincoln Financial Group,,,,,,https://linkedin.com/in/alankatzman
teg39W1f8M1SGLMEGx1H,szXStKC5HChnIycFCPmk,sherry.scott@transamerica.com,Sherry Scott,Sherry,Scott,,Senior Claims Specialist III,,,Senior Claims Specialist III,Transamerica Life Insurance Company,,,Transamerica Life Insurance Company,,,,,,https://linkedin.com/in/sherry-scott-22543024
tp5uwKdWA1nCetl0nS5n,kDPyYgvnLHhRp97995YL,,Julie Ann Larson,Julie,Ann Larson,,VP Innovation Solutions,,,Chief Technology & Innovation Officer,American Enterprise Mutual Holding,,,"American Enterprise Group, Inc.",,,,,,https://linkedin.com/in/julie-ann-larson-29449b22
tr3U4L0ozknKm7hlLhNH,tYNufUdoVEB7RyZKLLHv,julie.pearce@americanenterprise.com,Julie Stillman Pearce,Julie,Stillman Pearce,,Director Innovative Solutions,,,"AVP, AE Ventures",American Enterprise Mutual Holding,,,"American Enterprise Group, Inc.",,,,,,https://linkedin.com/in/julie-stillman-pearce-934b9323
u338ABxJDb5WzPkA0Du4,bmO49W7p70rrWeK7oCBc,matthew.capell@ltcg.com,Matthew Capell,Matthew,Capell,,"SVP, GM Provider Solutions",,,SVP/GM Innovative Solutions,LTCG,,,LTCG,,,,,,https://linkedin.com/in/matthewcapell
uGoqgF59vU8I64UK2eGo,5WoJbmnmx7bP4y7mxYwa,,Tom Creel,Tom,Creel,,,,,Senior Manager Long Term Care Claims,Genworth,,,Genworth,,,,,,https://linkedin.com/in/tom-creel-2a352710b/
uSLJ3PjwnGwEL4deyVAG,P9ArLNio6dvOC4bCTQSy,jdicesare@massmutual.com,Julie DiCesare,Julie,DiCesare,,"Business Development Consultant, Di, Ltc Claim Consultant",,,Business Development Consultant & DI/LTC Claim Consultant,Massachusetts Mutl Life Ins Co (MassMutual),,,MassMutual Financial Group,,,,,,https://linkedin.com/in/julie-dicesare-7a472788
uVO51x0tVqexJWkHv51s,9Js7J2x4298IpGYGraby,mdegurski@jhancock.com,Mary DeGurski,Mary,DeGurski,,Director Clinical Thought Leadership,,,Director Clinical Thought Leadership,John Hancock Financial Services,,,John Hancock Financial Services,,,,,,https://linkedin.com/in/mary-degurski-33a98066
uqRa8lBsQFCb4pJ8RREL,1M7iEOq6YbPpXzuDDJcs,alessandro.vigilante@fidelity.com,Alessandro Vigilante,Alessandro,Vigilante,,"VP, Head of US West Coast Innovation Ecosystem Research",,,Vice President Corporate Development,Fidelity Investments,,,Fidelity Investments,,,,,,https://linkedin.com/in/alessandrovigilante
v5B2vDJrCQ9vxFei4Zmd,Wqjfku546Fz1kIOdhZid,brian_zoya@onecallcm.com,Brian Zoya,Brian,Zoya,,"SVP, Product Management",,,,ESIS,,,,,,,,,https://linkedin.com/in/brian-zoya-62079a7
ve7jXcet8onpcf534u9h,YlrxaFfWFJqvS8vPDSXT,jduest@triplusservices.com,Jim DuEst,Jim,DuEst,,CIO,,,Chief Information Officer,"TriPlus Services, Inc.",,,"TriPlus Services, Inc.",,,,,,https://linkedin.com/in/jamesduest
vzWlocUg5s2P4pV9nWv1,wuI8RuRwqqeebdUPs4WZ,jdavis@jhancock.com,Janell Davis,Janell,Davis,,"EA Aiming, Professional Growth",,,Executive Assistant - Marketing & Strategy,John Hancock Financial Services,,,John Hancock Financial Services,,,,,,https://linkedin.com/in/janell-davis-2842168/de
w2PbSc5gXzEd4U05AV4j,mZsg4z7KPE0AuoqN23sw,karen.delong@paradigmcorp.com,Karen Delong,Karen,Delong,,EA,,,Executive Assistant,Paradigm Corp,,,Paradigm,,,,,,https://linkedin.com/in/karen-delong-bb3267a
wGb6MWkkg8PeSBiRDc8M,Xgwrq7X8Rk6uy8Ea5Nzg,sreed@penntreaty.com,Sharon Reed,Sharon,Reed,,"SVP, Insurance Operations",,,"Senior Vice President, Insurance Operations",Penn Treaty Network (Administered by TriPlus),,,Penn Treaty Network America,,,,,,https://linkedin.com/in/sharonreed323
wWxwGZ5pPO4Yv1iPqr0O,jooDUrSiEEHU4KF8YMo7,rita.bennett@lfg.com,Rita Bennett,Rita,Bennett,,Senior Consultant,,,Senior Consultant,Lincoln Financial Group (LFG),,,Lincoln Financial Group,,,,,,https://www.linkedin.com/in/rita-bennett-32bb247
wXbpN0jApoXZlnZAdVuV,I1Sl7A3tq1rVknjf6nTK,kyle.wilson@securian.com,Kyle Wilson,Kyle,Wilson,,"Ltc, Ci Product Consultant",,,Co-lead: Environmental Health & Sustainability Affinity Group,Minnesota Life (Securian),,,Securian Financial,,,,,,https://linkedin.com/in/kyleaw
wc4Y1MwkWRm5RC3qxZgv,UAFy03RvlyQZGIX0eeTD,paul.martin@lfg.com,Paul Martin,Paul,Martin,,"VP, Group Claims",,,"Vice President, Practices, Strategy and Integration",Lincoln Financial Group (LFG),,,Lincoln Financial Group,,,,,,https://linkedin.com/in/paul-martin-91383a4b
wknuWVmxzb4f9DASmTFs,vbDLjXSB7ZkkMHdL6H4O,nsmith@woodmen.org,Nate Smith,Nate,Smith,,Chief Innovation Officer,,,Chief Innovation Officer,Woodmen Life (subsidiary Woodmen Insurance Agency),,,WoodmenLife,,,,,,https://linkedin.com/in/nateinc/
x1aFOclDsQCA6yVnJEia,RcjqSPPIzqvwC7peiVP2,susan.sroczyk@prudential.com,Susan Sroczyk,Susan,Sroczyk,,"Ltc Customer Specialist, Integrated Controls Unit",,,,Prudential,,,,,,,,,https://linkedin.com/in/susan-sroczyk-18479674
x5jSwQ3UrGbZb4HKyKXz,GPHJhoVdjMiTWz5j4HMl,ssoule@unum.com,Sonya Soule,Sonya,Soule,,Administrative Assistant,,,Administrative Assistant,Unum,,,Unum,,,,,,https://linkedin.com/in/sonya-soule-a9912868
xL8v2uk7teLnjaq2dZVT,Ws04J7SqA4PMpssCJvgt,tena.krouse@genworth.com,Tena Krouse,Tena,Krouse,,"Innovation, Strategy",,,Chief Forward Progress Maker,Genworth,,,"Forward Progress Consulting Group, LLC",,,,,,https://linkedin.com/in/tenakrouse
xWdlMwz3LZJIrOFjSz1C,fe5ePcYluNMTzjtlxzKW,ross.stedman@securian.com,Ross Stedman,Ross,Stedman,,"Manager, Group, Individual Claims",,,"Senior Director, Benefit Distribution Center",Minnesota Life (Securian),,,Securian Financial,,,,,,https://linkedin.com/in/ross-stedman-4020427
xXNfTAkzJz2FxJ585Ymw,nv2Hs4MnkzfRIIVzNEvB,sperry@unum.com,Stephanie Perry,Stephanie,Perry,,"Director Clinical, Vocational Services",,,Director Clinical and Vocational Services,Unum,,,Unum,,,,,,https://linkedin.com/in/stephanie-c-perry-5aa4a427
xdnbPzywPJkiEZ52eHrS,W53ubrpNgZr3paNkuWTg,karenhelland@northwesternmutual.com,Karen Helland,Karen,Helland,,Claims Analyst,,,Claims Analyst,Northwestern Mutual,,,Northwestern Mutual,,,,,,https://linkedin.com/in/karen-helland-b3508589
xiHSB62CGINmMJNY7HUG,aob7C7uMJ76kQqpc3Al7,sean_madgett@newyorklife.com,Sean Madgett,Sean,Madgett,,"Director, New York Life Ventures",,,Vice President - New York Life Ventures,New York Life,,,New York Life Insurance Company,,,,,,https://linkedin.com/in/sean-madgett-96053549
xo0lQbBCptG81Ig2BHJc,ksA8afT9Xh0WIHH0Cq7d,,Nelson Cabral,Nelson,Cabral,,,,,"Head of New Business and Underwriting, Project Implementation & Research and Development",Massachusetts Mutl Life Ins Co (MassMutual),,,MassMutual,,,,,,https://linkedin.com/in/nelson-cabral-6300679/
ycz7i2sgrjxwgWJYxjku,rGXPvTyMnRgD8yTo8VKL,ereed@unum.com,Ted Reed,Ted,Reed,,,,,Business Development,Unum,,,Unum,,,,,,https://linkedin.com/in/ted-reed-31276a13
ytkonnJNeevNwvs1qJae,IlwxNHbf9kBusnfVRlM4,erik.s.ross@nationwide.com,Erik Ross,Erik,Ross,,"Associate VP, Nationwide Ventures",,,Head of Venture Capital & Open Innovation,Nationwide,,,Nationwide Insurance,,,,,,https://linkedin.com/in/esross
zGxMfhJg9N8LRBag8Zi1,VGTn3PcRLLmMgZMcavQP,michellelandowski@northwesternmutual.com,Michelle Landowski,Michelle,Landowski,,"Enterprise Vendor, Alliance Management Consultant",,,Senior Category Manager,Northwestern Mutual,,,Northwestern Mutual,,,,,,https://linkedin.com/in/michelle-landowski-cpsm-b717887
zZSYnxpFVqiC2EEJXZN8,v3wALQCiG5G8TMKYixdF,lesley.broker@thrivent.com,Lesley Broker,Lesley,Broker,,Senior New Business Development Specialist,,,Innovation & Development Consultant,Thrivent Financial,,,Thrivent,,,,,,https://linkedin.com/in/lesley-broker-2bbb8720
zhjAdXosRjHbE41z38gD,EDP8Kwp4Bp0cGSJKjxmU,amelia.gandara@nationwide.com,Amelia Gandara,Amelia,Gandara,,"Director of Strategic Partnerships, Nationwide Ventures",,,"Principal, Operations, Nationwide Ventures",Nationwide,,,Nationwide,,,,,,https://linkedin.com/in/ameliagandara
zxb642t1gfyMUmM7RfHZ,LjMdSAOsXNCiZXfxpvIF,esther-j.lee@metlife.com,Esther Lee,Esther,Lee,,EVP Global CMO,,,EVP Global Chief Marketing Officer,MetLife,,,MetLife,,,,,,https://linkedin.com/in/esther-lee-a82baa11b
