Email,"Title
from CRM","Company
from CRM"
alex.lamb@transfast.com,Manager - Digital Marketing and Social Media,TRANSFAST
ian.yamey@quadpay.com,Chief Technology Officer,QuadPay
gauravp@amtrav.com,VP Engineering,CheapAir
shuo@hellobrigit.com,,Brigit
bonnie@withfrank.org,"Director, Marketing",Frank
asaitniyazov@gogotech.com,CMO,Gogotech
sku@thumbtack.com,Software Engineer,Thumbtack
kdowdle@moneymappress.com,Director of Production,Money Map Press
tthatcher@earnup.com,Demand Gen,EarnUp
katrina.wong@hired.com,Head of Product Marketing & Demand Generation,"Hired, Inc."
ekowalski@jhancock.com,Procurement,John Hancock
jon.nacewicz@joany.com,VP Growth,JOANY
jon@pillar.app,Head of Product,Pillar
judah.mezey@borrowworks.com,VP Marketing,BorrowWorks
nick@getpostman.com,VP Marketing,Postman
tibu@xapo.com,SVP of Growth,Xapo
tibu@xapo.com,SVP of Growth,Xapo
stewart@tuskdigital.com,,Tusk Digital
anthony@jane.com,Director Finance,Jane
ian.wyatt@wyattresearch.com,President And Publisher,Wyatt Investment Research
jon@creativemarket.com,VP of Marketing,Creative Market
brittany@raise.me,"VP, Marketing, Growth",Raise.me
robertk@doordash.com,Growth Analyst,DoorDash
amurtagh@urbandaddy.com,Chief eCommerce Officer,UrbanDaddy
mitch@verifly.com,VP of Product Technology,Verifly Insurance Services
david@tovala.com,"Founder, CEO",Maestro Food Co
anastasia@mercato.com,,Mercato
nfeder@shutterstock.com,"VP, CRM & Retention Marketing",Shutterstock
orit@hello.do,Product Marketing,Hello Heart
mark.caswell@theminte.com,Digital Marketing Consultant,The Minte
corey-russman@sandhills.com,Technology Researcher & Project Manager,Sandhills Global
jake@poachedjobs.com,Acquisition,Poached Jobs
davida.gaffney@storage-mart.com,"Email, Web Developer",StorageMart
vninh@metromile.com,Email Marketing Manager,Metromile
jake@nomadhealth.com,Product Manager,Nomad Health
guy@learnerbly.com,Writer,Learnerbly
fscalini@allstarhealth.com,President,AllStarHealth
luke@tickpick.com,CRM Manager,Tickpick
vincentb@occasionbrands.com,Director of Email Marketing,Occasion Brands
jenlee@thumbtack.com,Senior Marketing Manager,Thumbtack
eva@homepolish.com,Dir Retail & Merchandising,Homepolish
andrea.collatz@transunion.com,"Product Marketing, Communication Consultant",ShareAble
rstark@popcart.com,Co Founder,Popcart
pam.webber@99designs.com,Chief Marketing Officer,99designs
kklepek@nurturelife.com,Director of Marketing,Nurture Life
brodie@zeusliving.com,Product Marketing Manager,Zeus
cb@greatsbrand.com,Retention Marketing Manager,Greats
jenn@kinnek.com,Head of Marketing,Kinnek
queenie.kung@stackcommerce.com,Director of Retention,StackCommerce
connor@anovaculinary.com,Technical Product Manager,Anova Culinary
anne.jones@redfin.com,Marketing Specialist,Redfin
carter@greenlight.me,Director of Product Marketing,Greenlight Financial
mprescott@fundrise.com,Lifecycle Manager,Fundrise
rang@wirecash.com,,WireCash
adam@heydayskincare.com,CEO,Heyday
pbroyer@cargurus.com,"Director, Consumer Retention",CarGurus
mmyers@havenlife.com,Marketing,Haven Life
matt.webster@globalpovertyproject.com,CTO,Global Citizen Project
phi@thirtymadison.com,"Marketing Manager, CRM",Thirty Madison
ecapitan@moneymappress.com,Director of Technology Operations,Money Map Press
ecapitan@moneymappress.com,Vice President of Applications,Agora
sarah.carr@lingoda.com,,Lingoda
ryan@thedyrt.com,Director of Marketing,The Dyrt
andy@tovala.com,"Email, CRM Manager",Maestro Food Co
paige@mypizza.com,Director Of Marketing,Slice
paige@mypizza.com,Email Strategy Director,Talent Inc.
vincent.so@klook.com,Product Manager,Klook
jason.beltran@sunbit.com,Senior Director of Marketing,Sunbit
adambutler@househappy.com,Director of Marketing,Househappy
dcavino@loeb.nyc,Digital Director - Growth (Loeb portfolios),Updater
alyssa@hipcamp.com,Founder & CEO of Hipcamp,Hipcamp
adaniel@poloniex.com,Senior Lifecycle Marketing Specialist,Poloniex
sacha+training@uzeke.com,CMO,Papa & Barkley
sharan@combatgent.com,"Director of Marketing , Creative Content",Combatant Gentlemen
madison@postmates.com,Remote Acquisition Consultant,Thistle
kristen.vonasek@ballotpedia.org,Director of Communications,Ballotpedia
jmansour@fp1strategies.com,Director of Digital,FP1 Digital
dalcuizar@staradvertiser.com,WEB PROGRAMMER,Honolulu Star-Advertiser
tnewhouse@nrcc.org,Digital Director,NRCC
tnewhouse@nrcc.org,Digital Director,Convergence Media
aluxl@gogotech.com,Email Marketing Manager,Gogotech
lauren@minibardelivery.com,Senior Marketing Manager,Minibar Delivery
nate@creativemarket.com,Engineer,Creative Market
jhy@issuu.com,CEO,Issuu Inc
sandrine@merryfield.com,CMO,Merryfield
sandrine@merryfield.com,SVP Marketing,Runkeeper
wanchen@homelight.com,"Senior Manager, Growth",HomeLight
kabernathy@cars.com,"Sr. Manager, Media & Acquisition",Cars.com
jaz.grewal@99designs.com,Platform Product Manager,99designs
dominiquebritton@househappy.com,,Househappy
skuntsal@veyo.com,Director of Marketing,Veyo
nroy@shutterstock.com,Mobile Product Manager,Shutterstock
geoff@pitfield.com,Product,Camino - (Company has no website yet)
wylie@gorumpl.com,CEO & Co-Founder,Rumpl
yahya@truebill.com,Co-Founder and Chief Executive Officer,Truebill
grant@codespark.com,Co-Founder & CEO,codeSpark
ashley@tradersadvertising.com,CEO,Traders Advertising
sroady@moneylion.com,COO,MoneyLion
michael@plex.com,Marketing Guy,Plex
brendan@sidelineswap.com,Founder and CEO,SidelineSwap
david.coutts@envato.com,Business Systems Analyst,Envato
scott@biggerpockets.com,CEO,BiggerPockets
brian@scottscheapflights.com,"Marketing Initiatives, Partnerships",Scott's Cheap Flights
beth.howard@myunidays.com,"Product Manager, CRM",UNiDAYS
simon@ipsy.com,Head of Growth,Ipsy
mproud@mattproud.com,"Owner, President",Strategic Media Partners
jklemanski@jhancock.com,"Director, Digital Strategy and Marketing",John Hancock
gustavo@gettespo.com,,Tespo
kim.matz@sparkpost.com,Sales,OpenSky
megan@thepennyhoarder.com,Email Marketing Manager,The Penny Hoarder
colleen@thepennyhoarder.com,Email Marketing Specialist at The Penny Hoarder (Taylor Media),The Penny Hoarder
yu.wang@ottoradio.com,Co-Founder & CTO,Himalaya
katherine@hawthorne.co,Growth Manager,Hawthorne
ben.harris@thekrazycouponlady.com,Senior Software Developer,"Krazy Coupon Lady, LLC"
tobi@learnerbly.com,,Learnerbly
michael@fernish.co,"Co-founder, CEO",Fernish
jm@getaround.com,"VP, Growth",Getaround
jack.loftus@pngaming.com,User Acquisition Manager,"Penn National Gaming, Inc"
agnes@typeform.com,Customer Success Consultant,Typeform
daveanderson@rockethomes.com,Lead Software Developer: Home Search,Rocket Homes
tarac@zillowgroup.com,"Senior Director, Lifecycle Marketing",Zillow
shayna@sightbox.com,Brand Manager,Sightbox
abbyg@wolfram.com,Product Marketing Analyst,Wolfram Research
heidi.kananen@kaleva.fi,,Kaleva Oy
remy.m.oneill@gmail.com,Digital Director,"Xpress Professional Services, Inc."
albina.kehoe@wholebiome.com,"VP, Growth Marketing",Pendulum Therapeutics (formerly Whole Biome)
kylie@drizly.com,Director of CRM,Drizly
sean.kennedy@zapier.com,Product Marketer,Zapier
sarah.esterman@simple.com,Lifecycle Marketing Manager,Simple Finance
sarah.esterman@simple.com,Lifecycle Marketing Manager,Webflow
christina.roberts@leafgroup.com,"Vice President, Digital Media Operations (Well+Good)",Leaf Group
rkempf@wgbh.org,VP Digital Services,WGBH Educational Foundation
ykim@jane.com,Email Marketing Coordinator,Jane
tiger@wildskymedia.com,Head of Product,Wild Sky Media
stuart.ure@sky.co.nz,,SKY New Zealand
erik.stonikas@steelseries.com,Global E-commerce Content Director,SteelSeries
ryan@theblacktux.com,Email & Content Marketing Specialist,The Black Tux
atebo@figure1.com,"VP, Product",Figure 1
angela@typeform.com,Head of Customer Experience & Insights,Typeform
keith@meetmindful.com,Vice President of Operations,MeetMindful
anlu@vistaprint.com,Senior Operational Support Engineer,VistaPrint USA
bruno@purascents.com,Chief Executive Officer & Co-Founder,Pura
tleifer@getwellio.com,CEO,wellio
kim.vollano@kiwico.com,Email Marketing Manager,KiwiCo
vadim@yummly.com,Founder / Chief Technology Officer,Yummly
m.kent@fetchrewards.com,President & COO,Fetch Rewards
nicole@fondgroup.com,Founder,4Ocean
wefahmi@ncmec.org,"Manager, Online Gifts",National Center for Missing & Exploited Children
fabio@sneakersnstuff.com,Digital,Sneakersnstuff
heidi@prosehair.com,Senior Product Manager,Prose
alex.yu@instride.com,Growth Marketing Manager,InStride
chall@vinfolio.com,CMO,Vinfolio
elizabeth@betterment.com,Dir Mrkt,Betterment
michael@jane.com,Email Marketing Manager/ Marketing Automation Manager,Jane
david.hertel@hyrecar.com,Software Engineer,HyreCar
gaston@fluent-forever.com,Head of Growth,Fluent Forever
david@merryfield.com,"Founder, CEO",Merryfield
michael.scholz@gmail.com,CTO,Springhouse Media
maryam@joinhoney.com,VP Product - Head of Product,Honey
marcus@jane.com,Digital Mediaholic,Jane
jack.docal@petalcard.com,Customer Aq Manager,Petal Card
lucy@fabfitfun.com,Director of Product,FabFitFun
katerinah@scribd.com,Engineering Manager,Scribd
gilad@pillar.app,,Pillar
jim@nextglass.co,Founder,NextGlass
seville@smugmug.com,,SmugMug
max@epcnetwork.io,,"EPC NETWORK, LLC"
neil-f@iherb.com,"Director, Marketing",iHerb
elise.bossuyt@domestika.org,Senior Email Marketing Manager,Domestika
michaely@mancrates.com,VP Product & Growth,Man Crates
rich@fatllama.com,Head of Product,Fat Llama
paigesandhubiz@gmail.com,Digital Marketing Coordinator,The Pill Club
mmoran@pedstores.com,Email Marketing Specialist,Power Equipment Direct
kstacy@vertdigital.com,"CRM, Data Coordinator",DentalPost
sasha@mightier.com,VP of Marketing,Neuromotion Labs - Mightier
raj.ganesan@coupa.com,,coupa
chip@fisherwallace.com,Co-founder,Fisher Wallace Laboratories (Do Not Contact)
dcoursen@weissinc.com,Account Development Representative,Weiss Research Inc.
mmccollum@jsfoods.com,Social Media & Digital Content Manager,John Soules Food
mindy@viyet.com,"VP Merchandising, Marketing",Sotheby's Home
kristen.cesiro@homepolish.com,Art Director,Homepolish
kristen.cesiro@homepolish.com,Dir Commercial Sales,Homepolish
danilo@fabfitfun.com,CTO,FabFitFun
connor@toolbx.com,CRM & Marketing Automation Manager,Toolbx
lwassmann@farmersfridge.com,CRM Lead,Farmers Fridge
acarlsen@georgiaaquarium.org,Manager or Digital Marketing,The Georgia Aquarium
jeannie.stezano@aenetworks.com,,A&E Networks
brian.kim@joinhoney.com,"SVP, Growth",Honey
mafalda.verde@mvfglobal.com,Global,MVF Global
apage@healthywage.com,Email Marketing Manager,HealthyWage
matt.byrd@policygenius.com,Director of Marketing,PolicyGenius Inc.
kcreamer@makemusic.com,"Manager, Digital Marketing",Peaksware
kcreamer@makemusic.com,CRM Marketing Manager,Framer
b.granetzke@fetchrewards.com,Chief Architect,Fetch Rewards
jessi@ipsy.com,Lifecycle Marketing Manager,Ipsy
fatma.el-nahry@leafgroup.com,Retention Marketing Manager,Leaf Group
sarah.little@storage-mart.com,Content Marketing Manager,StorageMart
aboedigheimer@nrcc.org,,NRCC
arthur@duolingo.com,Head of Performance Marketing,Duolingo
spreston@xogrp.com,Director of Software Engineering,"Lasting, an XO Group company"
echristensen@outlookamusements.com,COO,Outlook Amusements
ben@outcomes4me.com,Chief Technology Officer,Outcomes4Me
theo@stessa.com,Growth Product Manager,Stessa
stephen@solvhealth.com,Marketing,Solv Health
bryan@arfa.co,CTO,Arfa
michelle@michellesblog.net,"Founder, Simplespeak Marketing",NameCheap
jay@askmira.com,"CEO, Co-Founder",Mira
ravi@taskhuman.com,Founder and CEO,TaskHuman
ryan@tripshock.com,VP of Product,TripShock
lisa@homepolish.com,Director of Marketing,Homepolish
ravi@joinhomebase.com,Head of Growth,Homebase
patrick@bringatrailer.com,Product Manager,Bring A Trailer
jordan@verishop.com,Senior Product Manager,Verishop
christian@hellotech.com,Chief Growth Officer,HelloTech
jennifer.konecky@iqvia.com,Manager - Email Services,IQVIA
zach@key.me,CIO,KeyMe
yuliana.sadeli@electrolux.com,Marketing Technology Manager,Electrolux
jeroen@otrium.com,,Otrium
mjohnson@jane.com,Senior Director Marketing,Jane
boris@aspiration.com,Email / CRM lead,Aspiration
sean@starshiphsa.com,CEO,Starship HSA
gizeme@armut.com,Digital Marketing Manager,Armut
curtis@stockstotrade.com,,"Millionaire Publishing, LLC"
aaron.zander@massdrop.com,Senior Information Technology Administrator,Massdrop
kanika@talentinc.com,"Manager of Marketing Analytics, Operations",Talent Inc.
shawn.twenter@storage-mart.com,IT Manager,StorageMart
julien@boatsetter.com,Chief Growth Officer,BoatSetter
christineobrien@lovepopcards.com,Retention Marketing Manager,Lovepop
zachs@superdraft.io,,Superdraft
mel@dipseastories.com,Head of Growth,Dipsea
allie.martim@clutter.com,Associate Product Manager,Clutter
pvanmeerbeeck@vistaprint.com,,VistaPrint USA
nick.lamm@talkspace.com,Marketing Associate,Talkspace
mike.pilawski@typeform.com,COO,Typeform
angelique@squaretrade.com,"Senior Manager, Social Media, Content Marketing",SquareTrade
nkirchner@pch.com,"Specialist, Marketing, Business Operations",Publishers Clearing House
julie@burbio.com,Co-Founder,"Burbio, Inc."
aberran@nhl.com,Senior Manager of Data Strategy,National Hockey League
kelly@tinkergarten.com,VP of Marketing,Tinkergarten
welfie@welfie.com,,Welfie
adam@havenlife.com,Content Director,Haven Life
brian.pike@leafgroup.com,CTO/COO,Leaf Group
justin@picnichealth.com,Software Engineer,PicnicHealth
kberg@nhl.com,"Manager, Digital Media Content Creation",National Hockey League
siavash@sharegrid.com,COO,ShareGrid
jcs@issuu.com,VP of Product,Issuu Inc
justine@mother.ly,Newsletter Editor,Motherly
bryan.wilcox@tovala.com,CTO,Maestro Food Co
taz@tinkergarten.com,Software Engineer,Tinkergarten
paul.tenney@ematicsolutions.com,CEO and Founder,Ematic Solutions
marsha.behr@mutualofomahabank.com,Product Manager,Mutual of Omaha Bank
jamie@makenotion.com,Growth,Notion
heather_macdonald@wgbh.org,Sr. Director Digital,WGBH Educational Foundation
brandon@askmira.com,"COO, Co-Founder",Mira
simon.terpstra@vic.liberal.org.au,Senior Digital Strategist,Liberal Victoria
adam.noonan@envato.com,Marketing Director,Envato
anil@nocdhelp.com,Engineering,nocd
james@collegebacker.com,Head of Growth,CollegeBacker
anne.forbush@automattic.com,Head of Customer Marketing,Automattic Inc.
alexey@opendoor.com,Engineer,Opendoor Inc
sharon.foster@transunion.com,"Director, CRM",TransUnion
josh@harrismediallc.com,VP Content Production,Secure America Now (Harris Media LLC)
allison@solvhealth.com,,Solv Health
jbassin@optimataxrelief.com,COO,Optima Tax Relief
jyanco@mycustomerdata.com,President,MyCustomerData
kristine@gocaliva.com,Sr Director,Caliva
toddfraser@rockethomes.com,Digital Experience Team Lead,Rocket Homes
namrata@stockpile.com,CTO,Stockpile
aharner@scribd.com,Email/CRM Marketing Manager,Scribd
jfritz@theathletic.com,"Director, Engagement and Retention",The Athletic
nfoster@playbill.com,"Manager, Digital Sales and Marketing",Playbill
tfujimoto@staradvertiser.com,Director of Digital Media,Honolulu Star-Advertiser
david.apple@typeform.com,"GM US, VP of Customer Success",Typeform
delliott@kcpt.org,Director of Membership and Donor Engagement,KCPT
jgilliam@ascendfcu.org,Digital Marketing Lead,Ascend Federal Credit Union
matt@sidechef.com,CTO,SideChef
lauren@quirky.com,"VP, Growth & Marketing",Quirky
josh@stackcommerce.com,Founder and Chief Executive Officer,StackCommerce
maggie@rocketmiles.com,Manager of Marketing Operations,Rocketmiles
briankeffer@cookiedelivery.com,"New Project Development Director, Internal Consultant",Tiff's Treats
alee@weedmaps.com,Chief Marketing Officer,Weedmaps
colin@sidelineswap.com,Senior Growth Analyst,SidelineSwap
amanda@repairsmith.com,"Sr Director, Product Management",RepairSmith
tim@webflow.com,Growth Manager,Webflow
sokch@dfds.com,"VP, Group Digital Officer",DFDS
cclough@moneylion.com,Email Marketing Manager,MoneyLion
travis@aceable.com,Head of Growth,Aceable
slesaffre@nerdwallet.com,Sr Manager - Product Growth,NerdWallet
kyle@jane.com,Email Marketing Manager,Jane
susan@gojourny.com,Founder � we're hiring,Journy
emeric@guidebook.com,,Guidebook
ricky@goloansnap.com,Product,Loansnap
tom@greenroom.digital,Managing Director,Greenroom Digital
tnurnberger@campaignsolutions.com,"VP of HR, Operations, & Technology",Campaign Solutions
emily@inwego.com,Senior Marketing Manager,INWEGO
leslie@fabfitfun.com,VP of Marketing,FabFitFun
leslie@fabfitfun.com,Chief Product Officer,FabFitFun
jeremyb@cheapair.com,Email Marketing Manager,CheapAir
mike@karmaholicmedia.com,Web Enthusiast,karmaholic Media
connor@growthpanda.com,Growth Consulting,The Hub
scott@smugmug.com,"VP Marketing, Business Development",SmugMug
thao@wonolo.com,,Wonolo
jeff@faithbox.com,CEO,Faithbox
ayeha@allstate.com,Marketing,Drift
ayeha@allstate.com,Senior Marketing Manager,Drift
brett@verishop.com,Lead Data Engineer,Verishop
jessica@literatibooks.com,"Founder, CEO",Literati Inc.
lewis@biggerpockets.com,Senior Application Engineer,BiggerPockets
benjamin@miraai.com,CMO,Mira
emily@havenlife.com,General Manager,Haven Life
laura.fitzpatrick@climbcredit.com,Marketing Manager,Climb
dhopper@carsaver.com,CTO,CarSaver
anil@padsplit.com,,PadSplit
sam.larsen@lendup.com,Senior Marketing Manager,LendUp
caen@connect.com,Conductor,Connect
hku@weedmaps.com,CPO,Weedmaps
lisa.taylor@redfin.com,Director of Customer Marketing,Redfin
drew@papaandbarkley.com,Sr. Marketing Manager,Papa & Barkley
ben.djang@talentinc.com,Email Engineer,Talent Inc.
bob@kribbz.com,Chief Marketing Officer,Kribbz
marc.mancuso@silvercar.com,Director of Customer Acquisition and Retention,Silvercar
cshah@box.com,Systems Manager,Box
slarchul@gmail.com,Business Intelligence Manager,Dolls Kill
sue@autolist.com,"Director, Email Marketing",Autolist
acoleman@clothingshoponline.com,Marketing Coordinator,Clothing Shop
joao.almeida@lendup.com,Senior Product Manager,LendUp
stephen.kuhl@burrow.com,Co-Founder,Burrow
kyle@1debit.com,Product Marketing,Chime
ally.young@dailyburn.com,Senior Director Of Marketing,Daily Burn an IAC Company
will@joinhomebase.com,VP Marketing,Homebase
sheralyn@homepolish.com,Dir Services,Homepolish
logan.jeffrey@foodjets.com,CMO,"FoodJets, Inc"
mitch@yerdle.com,Member of the Board of Directors,Yerdle
virna@homepolish.com,Head of Designer Services,Homepolish
a.abdulaziz@suburbanfiberco.com,,Suburban Fiber Co \ Legend
katherinek@zoosk.com,Director of Marketing,Zoosk Inc.
daniel.lacey@trypura.com,Director of Marketing,Pura
mariusz.wisniewski@syncano.com,Head of Customer Growth,Syncano
awhite@weedmaps.com,VP of Product,Weedmaps
anna_fort@wgbh.org,Digital Producer,WGBH Educational Foundation
reigan@asana.com,Marketing,Asana
brenan@chess.com,Director of Operations and Marketing,Chess.com
bryan.dreller@uplight.com,"Group Product Manager Energy Efficency, Engagement, Analytics",Uplight (formerly Tendril)
kiley@dentalpost.net,CTO,DentalPost
peter@sightbox.com,Marketing Specialist,Sightbox
jnn@jnngroup.com,CEO,JNN Group
jnn@jnngroup.com,,Booksy
matthew.spaulding@plated.com,Product Manager,Plated.com
fabian@seelbach.de,CMO,Curology
brian.bergman@heydayskincare.com,Digital Marketing Manager,Heyday
rob@peddle.com,Director of Marketing,Peddle
ashton@macandmia.com,VP Marketing,Mac & Mia
julie.sun@vice.com,"Associate, S&O, Vice Digital",Vice Media
david.bash@oportun.com,"Senior Director, Marketing",Oportun
daniel@anovaculinary.com,Full Stack Engineer,Anova Culinary
joe@rhinoco.com,Chief Business Officer,NEOU
kerry@rothys.com,"President, COO",Rothy's
alexander.solomon@tovala.com,Marketing Director,Maestro Food Co
johlheiser@trainheroic.com,,TrainHeroic
dave.edwards@audiomack.com,Director of Business Development,Audiomack
nateh@superdraft.io,,Superdraft
ben@mgemi.com,CEO,M.Gemi
egilbertsen@repequity.com,"EVP, Client Service & Digital Strategy",REQ
tlin@optimatax.com,Director of Software Development,Optima Tax Relief
nate@shipt.com,Senior Email Marketing Manager,"Shipt, Inc."
shane@convoy.com,Growth,Convoy
greg.bottenhorn@jassby.com,SVP Sales and Marketing,Jassby
jon+activate2019@teachable.com,Head of CRM,Teachable
russell@mgemi.com,CTO,M.Gemi
mgehring@rothys.com,VP of Growth,Rothy's
roberta_haber@wgbh.org,"Director of Marketing, Corporate Sponsorship",WGBH Educational Foundation
evan@myollie.com,Head of Growth,Ollie
ttran@weedmaps.com,Marketing Manager,Weedmaps
jackie.olson@buildasign.com,Dir Customer Lifetime Value,BuildASign.com
kai@twine.com,Head of Marketing,Twine
anu@takecareof.com,Head of Marketing,Care/Of
kristy@wonolo.com,Growth,Wonolo
marius@anovaculinary.com,"VP, Direct to Consumer",Anova Culinary
akshay.patel@actionnetwork.com,Technical Lead,The Action Network
ccollier@carsaver.com,"Founder, President",CarSaver
yasmin@thepennyhoarder.com,"VP, Digital Publishing",The Penny Hoarder
aleks@imperfectproduce.com,Chief Marketing Officer,"Imperfect Foods, SPC"
adam.stone@aspiration.com,Director of Growth,Aspiration
darrin.arremony@mlb.com,"Director, Email Tech and Ops",MLB.com
kieran@thread.com,CEO,Thread
lindsey@anovaculinary.com,Retail Account Manager,Anova Culinary
sa@confidentcannabis.com,Co-founder and Co-CEO,Confident Cannabis
simon.venturi@mvfglobal.com,Technical Director,MVF Global
marcus.lunn@priceline.com,"Director, Marketing Tools, Services",Priceline.com
kimb@fernish.co,"Manager, Engineering",Fernish
darius.skuncikas@tesonet.com,Retention Product Owner,Tesonet
kieran@sneakersnstuff.com,Chief Digital Officer,Sneakersnstuff
thod@bhcosmetics.com,CTO,BH Cosmetics
serena.tsay@misfitsmarket.com,Product Manager,Misfits Market
ykagan@breadfinance.com,,Bread
mark@meettally.com,Head of Growth,Tally
sean@theyes.com,Head of Performance Marketing,The Yes
hannah@confidentcannabis.com,Director of Growth Operations,Confident Cannabis
asalami@boatsetter.com,CRM,BoatSetter
devans@pbp.com,"Division Director, Head of Marketing, Sales",Progressive Business Publications
phil@scottscheapflights.com,Lead Developer,Scott's Cheap Flights
sperry@peaksware.com,Senior Data Engineer,Peaksware
info@tagstrategies.co,,TAG Strategies
jason@verishop.com,VP Technology,Verishop
dave@thirdlove.com,CEO,ThirdLove
katie@mgemi.com,Merchandise Planning Coordinator,M.Gemi
thomass@gogotech.com,Director of Email Marketing,Gogotech
alyssa@neoufitness.com,Marketing,NEOU
bnagareda@staradvertiser.com,,Honolulu Star-Advertiser
martin.vestre@goodamerican.com,"Director Strategy, Insights",Good American
4degrees@4degre.es,Partner,4degre.es
j.balis@fetchrewards.com,Marketing Director,Fetch Rewards
j.balis@fetchrewards.com,CTO,Thread
jessica.muse@leafgroup.com,"COO, Well+Good",Leaf Group
jstockwell@optimataxrelief.com,CFO,Optima Tax Relief
mark.carpenter@cbn.org,Senior Manager - Business Intelligence and Marketi,The Christian Broadcasting Network
ddukes@greenlight.com,"Director, Growth",Greenlight Financial
whitney@thumbtack.com,Head of Customer Growth Marketing,Thumbtack
sachs@poachedjobs.com,Digital Marketing Manager,Poached Jobs
tmccurdy@cryptotradinginc.com,Content Marketing Managr,Voyager
craclin@nhl.com,"Vice President, Fan Engagement & Analytics",National Hockey League
ap@silvercar.com,Billing,Silvercar
kosta@shift.com,Growth Analyst,Shift Technologies
amit.baid@coupa.com,,coupa
kevin.agresto@greenlight.me,CRM Marketing Manager,Greenlight Financial
nick@seatgeek.com,Marketing Analyst,"SeatGeek, Inc."
jill@mother.ly,"CEO, Co-Founder",Motherly
roddy@esq2.com,Senior Product Manager,Esquared Technologies Ltd.
cabello@pagantis.com,Business Strategy Analyst,Pagantis
jason.lepore@leafgroup.com,"VP & GM, Media",Leaf Group
stephen.godfrey@pledgemusic.com,CPO,Pledge Music
carnet@spright.com,"CEO, Co-founder",Spright
mark@fandor.com,Senior Product Manager,Fandor
sheijthuijsen@tesla.com,Global Email Marketing Manager,Tesla Motors
paul@tickpick.com,Head of Business Development,Tickpick
steve@anovaculinary.com,CEO,Anova Culinary
nsalbatera@indeed.com,"Manager, User Ops",Indeed.com
rahul.kapur@lendup.com,Software Architect,LendUp
connor@mayvendev.com,Dev,Nurture Life
morellana@havenlife.com,Product BA,Haven Life
chrix@hawkfish.us,CTO,Hawkfish
racling@nhl.com,"Vice President, Fan Engagement & Analytics",National Hockey League
evelyn@homespotter.com,Customer Success Manager,HomeSpotter
b.cooper@fetchrewards.com,Chief Marketing Officer,Fetch Rewards
mindy.welford@glo.com,Director of Marketing,YogaGlo
clee@nurturelife.com,Director of Growth,Nurture Life
sakina@dollskill.com,SOFTWARE DEVELOPER,Dolls Kill
cory@karmaholicmedia.com,Chief Client Whisperer,karmaholic Media
mshostack@smugmug.com,Head of Online Advertising,SmugMug
k.jeppson@fetchrewards.com,Marketing Communications Coordinator,Fetch Rewards
candace.kim@leafgroup.com,Retention Marketing Manager,Leaf Group
elisheva@breethe.com,Director of Marketing,Breethe
alexb@tripshock.com,Chief Technology Officer,TripShock
melanie@homeexchange.com,CRM Coordinator,HomeExchange.com
giles@urbanmassage.com,CTO,Urban
rebecca@groworegon.com,Political and Communications Director,Grow Oregon
adrian@kitchit.com,Chief Technology Officer And Head Of Engineering,Kitchit
kelley@summit-education.com,Email Marketing Manager,Summit Professional Education
marija@residentadvisor.net,CRM Manager,Resident Advisor
queenie.lee@yamibuy.com,Senior Digital Marketing Specialist,Yamibuy.com
matt.large@myunidays.com,Lead Data Architect,UNiDAYS
mpaulin@campaignsolutions.com,Senior Account Executive,Campaign Solutions
dani@dgtlfundraising.com,Founder and Executive Director,dgtl fundraising
reid@masterclass.com,Growth Director,"MasterClass, Inc."
ryan@summit-education.com,Director of Tech and Marketing,Summit Professional Education
todd@cred.io,CMO,Cred Technologies
aamir@thread.com,Marketing Manager,Thread
eric@embee.media,,Embee Media
ktjen@zeusliving.com,Senior Director of Growth Marketing,Zeus
acaplan@pinch.me,President,PINCHme
samir.shamma@careerbuilder.com,Software Engineering Lead,CareerBuilder
cvasquez@pharmavite.net,"Head of Retention Marketing, Direct-to-Consumer",Pharmavite
nbehrend@moneylion.com,"Director of Product, Growth and Onboarding",MoneyLion
sandro@bombfell.com,"Senior Manager, Marketing and Business Development",Bombfell
matt@studio.live,,Studio
doug@weedmaps.com,Chief Executive Officer,Weedmaps
mkeating@fathomevents.com,Sr Digital Marketing Manager,Fathom Events
melissa@meetmindful.com,Senior Marketing Manager - Retention.,MeetMindful
aunderwood@2u.com,Director of Email,"2U, Inc."
daniel.peskin@patternbrands.com,Head of Marketing,Pattern Brands
mhiland@peaksware.com,Email and In-app Marketing Specialist,Peaksware
brschmidt@fender.com,"Director of CRM, Growth & Retention",Fender Musical Instruments
georgia.price@honeybook.com,Senior Lifecycle Marketing Manager,Honeybook
sam@wescover.com,Software Development Lead,Wescover
bmayo@mannatech.com,VP Global Sales Systems,Mannatech Incorporated
nate.ryan@hyrecar.com,VP Marketing,HyreCar
fawzy@getspokn.com,Founder and CEO,Spokn (Podio)
logan@loftsmart.com,Director of Marketing,LoftSmart
eyals@promo.com,,Promo.com
joel@scottscheapflights.com,Head of Product,Scott's Cheap Flights
lise@verifly.com,Head of Marketing,Verifly Insurance Services
gsilvestrin@gilt.com,Lead Software Engineer,Gilt Groupe
gsilvestrin@gilt.com,President,Build Loop
ccasey@southferryit.com,CTO (Consultant),Agora Financial
rodney@aspiration.com,CTO,Aspiration
chuck.nguyen@hired.com,Director of Growth Marketing,"Hired, Inc."
otraub@popcart.com,"Founder, CEO",Popcart
kluu@nerdwallet.com,CRM Manager,NerdWallet
rachel@farmgirlflowers.com,,Farmgirl Flowers Inc
britney@mgemi.com,Executive Assistant,M.Gemi
adelavergne@cinemark.com,Digital Communications Manager,Cinemark
aehnert@schnucks.com,Digital Marketing Manager,"Schnuck Markets, Inc."
toby@enervee.com,Director of Engagement,Enervee
msaunders@boatsetter.com,Full Stack Developer,BoatSetter
kmcgee@jerseymikes.com,Director of Digital Marketing,Jersey Mike's Franchise Systems
lindsay@rachio.com,"Marketing Lead, Consumer Conversion and Loyalty",Rachio
elanderholm@truecar.com,Chief Architect,TrueCar
dan.kiepfer@realself.com,Sr. Director of Marketplace Optimization,RealSelf
allie@boxed.com,Director CRM & Retention,Boxed
geoffrey.tran@borrowworks.com,"VP Technology, Strategy",BorrowWorks
gareth.karl@tvnz.co.nz,,TVNZ
patrick@getspruce.com,Senior Manager CRM,Spruce(separate from other Spruce)
matt@sidelineswap.com,Director of Engineering,SidelineSwap
jbecerra@weedmaps.com,Chief of Staff,Weedmaps
mweathers@nerdwallet.com,Director Product Management & Growth,NerdWallet
kate.spies@wellandgood.com,"Senior Vice President, Content & Audience Development (Well+Good)",Leaf Group
g.adams@fetchrewards.com,Senior iOS Developer,Fetch Rewards
lindsey@minibardelivery.com,Founder,Minibar Delivery
ckidd@campaignsolutions.com,Senior Vice President and Chief Operating Officer,Campaign Solutions
carlos@imperfectproduce.com,Email Marketing Manager,"Imperfect Foods, SPC"
lauren.funk@tovala.com,VP Marketing,Maestro Food Co
abeverly@nerdwallet.com,CRM / Email Specialist,NerdWallet
nduque@pinch.me,Head of Marketing,PINCHme
sbave@stackoverflow.com,Director of Business Information Systems,Stack Exchange Inc.
kevin@opensky.com,Co-Founder,OpenSky
ian@fiit.tv,Co-Founder,FiiT.tv
larry@nocdhelp.com,CTO,nocd
dominic.finn@myunidays.com,Head of Engineering,UNiDAYS
ej@issuu.com,VP of Eng,Issuu Inc
egolman@jcommercegroup.com,E-commerce Manager,Jcommerce Group
cknipfer@arbonne.com,Sr Manager Email Marketing,Avery Products Corporation
brooke.lais@avinew.com,Chief Marketing Officer,Avinew
nilton@cleanly.com,Head of Growth,Cleanly
david@backlotcars.com,Product Manager,Backlot Cars
andrea.thompson@doortodoororganics.com,Sr. Manager Marketing Operations & Lifecycle Marketing,Door to Door Organics
faye@dipseastories.com,Co-Founder & CTO,Dipsea
mmelton@gilt.com,Senior Software Engineer,Gilt Groupe
puneet@glydapp.com,CTO / Founder,GLYD
jesper@billy.dk,,Billy.dk
john.hession@actionnetwork.com,Head of Growth,The Action Network
jimmy@papaandbarkley.com,VP Ecommerce & Digital Marketing,Papa & Barkley
jimmy@papaandbarkley.com,CMO,TableRunner
scott.hancock@plexapp.com,"VP, Marketing",Plex
jo.lu@yamibuy.com,Head of Marketing,Yamibuy.com
jennifer@sightbox.com,Head of Marketing Communications,Sightbox
apatel@opensky.com,Controller,OpenSky
jsellors@avery.com,President,Avery Products Corporation
rebecca@shipt.com,Senior Director of Marketing Communications,"Shipt, Inc."
kodali@amne.co,Product Lead,Abodewell
chris@hipcamp.com,Retention Manager,Hipcamp
silva.yousefian@creativelive.com,Email Marketing Manager,CreativeLive
brian.mead@actionnetwork.com,Product/Board at The Action Network (co-founder of SportsAction),The Action Network
scott-mckinney@sandhills.com,CIO,Sandhills Global
marius@sharegrid.com,CEO,ShareGrid
judy@fabfitfun.com,Director of Customer Engagement and Editorial,FabFitFun
dan@thread.com,Software Developer,Thread
greg@myunidays.com,Head of End User Technology,UNiDAYS
cherie.chen@yamibuy.com,Digital Marketing Specialist,Yamibuy.com
ef@issuu.com,Director of Marketing,Issuu Inc
hekil@dfds.com,Digital Marketing & Services Manager,DFDS
aallagh@evernote.com,Marketing Automation and Operations Manager,Evernote Corporation
khudson@caninecompany.com,Marketing Manager,Canine Company
zack@jobble.com,"CEO, the Gig Economy Specialist",Jobble
brad@confidentcannabis.com,VP of Growth & Marketing,Confident Cannabis
jims@payability.com,CMO,Payability
dpillsbury@rothys.com,Head of Retention,Rothy's
michael.henderson@talentinc.com,CTO,Talent Inc.
chris.lincoln@barre3.com,COO,B3 Studios LLC
oliver@jane.com,Email Marketing Manager,Jane
jacqueline@askmira.com,Community Marketing Manager,Mira
jeremy@peaksware.com,CMO,Peaksware
nsinutko@indeed.com,"Head of Marketing, Indeed Prime",Indeed.com
davidj@superdraft.io,,Superdraft
cmhanks@gmail.com,Senior Digital Strategist,National Media
katie@ritual.com,Email Marketing Manager,Ritual
dana@dollskill.com,Director Marketing,Dolls Kill
arash@shopfollain.com,Head of Product Management,Follain
brian@merryfield.com,CTO,Merryfield
bhenry@fathomevents.com,Director of Digital Strategy & Analaysis,Fathom Events
jennifer.konopinski@barre3.com,Digital Marketing Lead,B3 Studios LLC
katie@gooduncle.com,Head of Marketing,Good Uncle
travis@sightbox.com,Founder and Chief Executive Officer,Sightbox
nicoles@havenlife.com,Marketing Manager,Haven Life
jlorge@assurance.com,CMO,Assurance
ken.sands@chronicle.com,"Managing Editor, Digital",The Chronicle of Higher Education
dan@2ulaundry.com,CoFounder & CRO,2ULaundry
eyeh@cinemark.com,"Manager, Digital Marketing & Social Media",Cinemark
jchow@nurturelife.com,Co-Founder,Nurture Life
kelly@fisherwallace.com,Co-founder,Fisher Wallace Laboratories (Do Not Contact)
david.hammer@redfin.com,Data Engineering Manager,Redfin
jessica@kikoko.com,Senior Director of Marketing,kikoko
quintin@opencare.com,"Growth Marketer, Referrals, Email, and SMS (CRM)",Opencare.com
britteny.salvador@molekule.com,Email Marketing Manager,Molekule
debby.zierten@myunidays.com,VP Lifecycle Marketing,UNiDAYS
anna.poirier@mindoktor.se,Paid Acquisition Manager,Min Doktor
iris@engageoregon.org,Managing Partner,Grow Oregon
kblanchard@optimataxrelief.com,Email Marketing Manager,Optima Tax Relief
mschnapf@theopenskyproject.com,President and CTO,OpenSky
james@shutterstock.com,Global Digital Marketing Specialist,Shutterstock
qdo@evernote.com,Marketing Operations,Evernote Corporation
jdestefano@casper.com,"Director, Email & Mobile Push Marketing",Gilt Groupe
zach.eustace@wmg.com,Client marketing,Level Music Group
kendall.bryant@leafgroup.com,"Director of Product, Well+Good",Leaf Group
bpatel@avery.com,"Director, Digital & Brand Marketing",Avery Products Corporation
kbazinet@goauto.ca,Digital Marketing,Go Auto
jen@conservativeconnector.com,Director of Operations,Conservative Connector
hbrowning@nhl.com,Chief Marketing Officer,National Hockey League
jj@longgame.co,Long Game Marketing,Long Game
katie.baele@stackcommerce.com,Email Marketing Specialist,StackCommerce
fbautista74@gmail.com,"Director, Retention Marketing",Leaf Group
jake@starshiphsa.com,Head of Growth,Starship HSA
abhinav@getpostman.com,CEO,Postman
haas@shrcapital.com,Founder and Principal of SHR Capital,Gogotech
jmorris@earnup.com,Senior Product Manager,EarnUp
john.steele@key.me,SEO Manager,KeyMe
emily.jung@lordandtaylor.com,Email and Site Content Manager,Lord & Taylor
patrick@dataclover.com,President,"DataClover, Inc."
stefania@mother.ly,Director of Audience Development and Growth,Motherly
robert.schroko@aenetworks.com,Vice President Consumer Data Governance,A&E Networks
cekline@nurturelife.com,CMO,Nurture Life
ben@meetmindful.com,VP Engineering,MeetMindful
mmontesano@earnup.com,Head of Engineering,EarnUp
katien@streeteasy.com,Senior CRM Manager,StreetEasy
chris.brower@hireart.com,COO,HireArt
rsuman@vistaprint.com,Lead Software Operations Engineer,VistaPrint USA
sph@rothys.com,"Co-founder, CEO",Rothy's
chris.brophy@masterclass.com,User Acquisition,"MasterClass, Inc."
rfried@vistaprint.com,"Senior Product Manager, Marketing Technology",VistaPrint USA
erik@todaytix.com,SVP of Tech,TodayTix
kate@homepolish.com,Digital,Homepolish
michelle@crowdcow.com,President,Crowd Cow
aphillips@avery.com,VP Avery Printable,Avery Products Corporation
nick.vanwagoner@kanopy.com,Email Marketing Specialist,Kanopy
yang.chen@yamibuy.com,Segment Marketing Specialist,Yamibuy.com
albert.malagarriga@medoxapp.com,CEO / CTO,Elma Care
h.wagner@fetchrewards.com,VP of Engineering,Fetch Rewards
matthew.orchard@mvfglobal.com,CRM Manager,MVF Global
aaron.clark@tvnz.co.nz,,TVNZ
jbelsey@shutterstock.com,"Director, CRM & Retention Marketing",Shutterstock
ashleigh@bold.com,Director of Email Marketing,BOLD
jose@ultramusicfestival.com,Manager of Technology,Ultra Music Festival
anika@madison-reed.com,Manager of Customer Marketing,Madison Reed
jtopal@weedmaps.com,Product Marketing Manager,Weedmaps
drake@eazeup.com,Growth Manager,Eaze
dreynoso@weedmaps.com,"Product Manager, User Growth",Weedmaps
bill.guarisco@chownow.com,Email Marketing Manager,ChowNow
kizotov@cargurus.com,VP Enterprise Applications,CarGurus
brandon.cohen@actionnetwork.com,Product and Growth,The Action Network
jimmy@fantasypros.com,Business Development,FantasyPros
jafre@dfds.com,Head of IT Architecture & Strategy,DFDS
ctaylor@takelessons.com,Senior Marketing Automation Specialist,TakeLessons
samantha.taube@vts.com,Director of Marketing Operations and Strategy,VTS
jwage@opensky.com,CTO,OpenSky
ted@hicolugo.com,Founder,Colugo
erik.lumer@hbc.com,"Senior Vice President, Product & Personalization",Gilt Groupe
curtisfullmer@outwitmedia.com,,Ad Remover (BrowseTech LLC)
shawns@newsmax.com,Email Marketing Team Manager,Newsmax Media
julien@guesttoguest.com,Lead Data Engineer/Cloud Architect,HomeExchange.com
csafahi@clothingshoponline.com,Director of Marketing and Operations,Clothing Shop
jeff@joinhomebase.com,VP Engineering,Homebase
mikael.solomon@scalablepress.com,Product,TeeChip
shannon@creativemarket.com,"Senior Manager, Digital Marketing",Creative Market
gturi@nhl.com,Email Marketing Manager,National Hockey League
omid@gallantpet.com,,Gallant Pet
bshah@phaidon.com,Head of Digital,Phaidon
yoad.snapir@wescover.com,CTO,Wescover
gsamson@cheapair.com,VP,CheapAir
logan@outdoorsy.co,Community Growth,Outdoorsy
reese@hyrecar.com,Marketing Manager,HyreCar
alicia.cricenti@sneakersnstuff.com,CRM Manager,Sneakersnstuff
rachelromeo@cookiedelivery.com,,Tiff's Treats
ashley@simplecontacts.com,Senior Retention Manager,SimpleContacts
riglesias@riafinancial.com,Head of Product,Ria Financial
joel.swan@forevercompanies.com,Senior Web Developer,Forever Companies
treco@whoop.com,Product,Whoop
jwoodburn@hopskipdrive.com,,HopSkipDrive
jamie.steele@myunidays.com,Product Manager,UNiDAYS
kwright@kabaminc.com,Senior Lifecycle Marketing Manager,Kabam
jon@dollskill.com,Head Of Finance,Dolls Kill
ovadia@kidbox.com,VP Strategy,Kidbox
jason@poachedjobs.com,Director of Engineering,Poached Jobs
arnbjorn@kahoot.com,Lifecycle Marketing Director,Kahoot!
justin.griffiths@nuts.com,"Head of Marketing, Retention",Nuts.com
bmarcellus@gilt.com,Email Marketing Specialist,Gilt Groupe
paul.johnson@warbyparker.com,Email Marketing Specialist,Warby Parker
tom@sfr3.com,,SFR3
sdziedzic@xogrp.com,Founder of Lasting,"Lasting, an XO Group company"
eric@harrismediallc.com,Director of Operations,Exxchange (Edelman)
tfurumoto@staradvertiser.com,Digital Specialist,Honolulu Star-Advertiser
scottg@fernish.co,Director of Marketing,Fernish
alice@homeexchange.com,Chief Marketing Manager,HomeExchange.com
taylor@foxtrotco.com,CTO,Foxtrot
adrita@getpostman.com,,Postman
kyle@dentalpost.net,VP of Operations,DentalPost
ryan@jane.com,CEO,Jane
melanie@mightier.com,Marketing Manager,Neuromotion Labs - Mightier
rervin@earnup.com,,EarnUp
kbarrows@rothys.com,Senior Manager,Rothy's
katie.gillespie@redfin.com,Product Manager,Redfin
rgonzales@redventures.com,Business & Partnership Dev,Red Ventures
james.mackie@team.aussiebroadband.com.au,Marketing Communications,Aussie Broadband
kbingle1@gmail.com,Digital Director for Kasich,"Right Digital (RD-BE, LP)"
michael.joseloff@meredith.com,"CMO, News + Business Brand Marketing",Fortune Magazine
jmeier@tendrilinc.com,CTO,Uplight (formerly Tendril)
jennie@merryfield.com,Co-Founder; Head of Product,Merryfield
orit.wohl@helloheart.com,Product Marketing,Hello Heart
meghan_chiampa@wgbh.org,Sr. Developer,WGBH Educational Foundation
abayacal@cinemark.com,Digital Marketing Communications Manager,Cinemark
kmelchor@moneymappress.com,Creator,Money Map Press
michael@askpillar.com,"CEO, Co-founder",Pillar
rajeeb@learnerbly.com,"Founder, CEO",Learnerbly
gerardo.soto@sbdinc.com,Director of Business Innovation - GEM,Stanley Black & Decker
claire.gostling@farmdrop.com,Head Of Customer Marketing,Farmdrop
jpaluch@nurturelife.com,Email Marketer,Nurture Life
adam@bustedtees.com,Chief Operating Officer And Co-Founder,The Loyalist
emmazatkoff@rockethomes.com,Marketing Communications Manager,Rocket Homes
adarsh@convoy.com,Head of Growth,Convoy
sbailey@evernote.com,Sr. Director of Marketing Operations,Evernote Corporation
laurel@humtap.com,Business Partner,Humtap
john@vroom.com,Chief Conversion Officer,Vroom
phil@perch.com,Co-Founder Head of Growth + Customer Experience,Perch
rpennington@mannatech.com,Director Digital Experience,Mannatech Incorporated
nick@letote.com,Senior Vice President of Marketing / Head of Marketing,LE TOTE
grace.lee@rakuten.com,Email Marketing Manager,Viki
jeff@talentinc.com,CEO,Talent Inc.
laura.smith@qapital.com,VP Marketing,Qapital
amberquist@gmail.com,CMO,Silvercar
mrodewald@smugmug.com,Senior Email Marketing Manager,SmugMug
mike@thebach.com,,The Bach
ericaogle@househappy.com,Vice President of Marketing,Househappy
russ@whistle.com,Marketing Technology Lead,Whistle Labs
jschwartz@spotify.com,"Product Director, Growth",Spotify
ismail@hingeto.com,,Hingeto
egarrity-contractor@evernote.com,Marketing Infrastructure Developer,Evernote Corporation
paul.pender@asics.com,Marketing Manager,Runkeeper
sgoins@dealerinspire.com,Email Team Lead,Dealer Inspire
aneeta.krishnan@livecareer.com,Technical Lead,BOLD
gschlender@plex.com,Marketing Manager,Plex
christina@biggerpockets.com,Email marketing manager,BiggerPockets
mark@homepolish.com,Tech Lead,Homepolish
jj@wayup.com,CTO,Way Up
john.hermansen@hired.com,"Director, Marketing Operations","Hired, Inc."
david.thai@article.com,Email Marketing Manager,Article
franklin@blockchain.com,Product Lead,Blockchain
cransom@aspiration.com,COO,Aspiration
harley.hoffmann@hired.com,Senior Lifecycle Marketing Manager,"Hired, Inc."
allison@getepic.com,Marketing Manager,Epic!
laura.bowers@barre3.com,Email Marketing Manager (Lifecycle & Automation,B3 Studios LLC
droddenberry@healthywage.com,,HealthyWage
nikos@perpay.com,COO,"Perpay, Inc."
arti@getwellio.com,Growth Marketing Manager,wellio
mikko@strava.com,CRM Lead,Strava
dave@hungryroot.com,Software Engineer,Hungryroot
cindy.chu@nbcuni.com,Director Digital Product Marketing,NBCUniversal
kmagrath@fender.com,"VP, Marketing Operations",Fender Musical Instruments
jeromy.maligie@bumped.com,Director of Consumer-Facing Engineering,"Bumped, Inc."
gbutner@jhancock.com,Head of Marketing,COIN
tbracken@fathomevents.com,Vp Marketing,Fathom Events
adowney@evernote.com,Marketing Program Manager,Evernote Corporation
allyson.westervelt@gmail.com,,Outlook Amusements
daniel@neoufitness.com,Head of Product,NEOU
lucas@fernish.co,"CPO, Co-founder",Fernish
katre.kaarenperk-vanatoa@cashongo.co.uk,CMO,Cash on Go ltd.
bberger@nurturelife.com,Director of Finance,Nurture Life
anhoque@directv.com,Digital Strategy,DIRECTV
adam@merchbar.com,Engineer,Merchbar
tiffany@forhims.com,Customer Experience Manager,Hims & Hers
adam.jernejec@warbyparker.com,Email & Retention Warby Parker,Warby Parker
max@pantaflix.com,,PANTAFLIX Technologies GmbH
kthornby@poachedjobs.com,CEO,Poached Jobs
wesley@phlur.com,Product Manager,Phlur
matthew@everlywell.com,Director of Marketing,EverlyWell
jeremy.schrage@climbcredit.com,Product Manager,Climb
nicholas@sidechef.com,Director of Digital Marketing,SideChef
acason@cinemark.com,Digital Marketer,Cinemark
f.wennerholm@acnestudios.com,Digital Merchandiser,Acne Studios
lawrence@gogotech.com,Director of Applications Development,Gogotech
ashiva@sharegrid.com,"Co-founder, CPO",ShareGrid
ben.griffiths@mvfglobal.com,CRM Executive,MVF Global
nickg@teamlaunch.com,Head of Product and Entrepreneur in Residence (EIR),Trade Coffee Co
maryam.sohraby@instride.com,Director of Growth Marketing,InStride
kim.mora@thekrazycouponlady.com,Director of Marketing,"Krazy Coupon Lady, LLC"
amaleki@avery.com,"Director, Software and Web Engineering",Avery Products Corporation
preetik@allbirds.com,Retention Marketing,Allbirds
david.cline@talentinc.com,IT,Talent Inc.
lauren@biggerpockets.com,Senior Director Product Marketing,BiggerPockets
tess@getthemirror.com,VP of Marketing,Mirror
shayne.tilley@99designs.com,Director of Growth,99designs
fabian.cuesta@xapo.com,Head of Mobile,Xapo
kiran@dollskill.com,SVP Product,Dolls Kill
aaron.briggs@gonoodle.com,"Senior Product Manager, Co-founder",Noodle.com
jack@poachedjobs.com,Product Management and Content Lead,Poached Jobs
tfasano@2u.com,Marketing Automation Manager,"2U, Inc."
lpackard@gilt.com,Email Marketing Specialist,Gilt Groupe
veronica@brex.com,Head of Growth Product,Brex
rich@studio.live,CTO,Studio
noa@homepolish.com,Co-founder and CEO,Homepolish
kristin.francis@generationtux.com,Database Marketing Manager,Generation Tux
afan@evernote.com,Director of Localization,Evernote Corporation
mark@joinhomebase.com,Data Scientist,Homebase
chander@healthiq.com,Co-Founder & Engineer,Hi.Q - Health IQ
christina@weebly.com,Head of Product Marketing,Square
cindys@benefitcosmetics.com,"VP, Global eCommerce, CRM",Benefit Cosmetics
amalcolm@evernote.com,Chief Product and Growth Officer,Evernote Corporation
suzie.docherty@typeform.com,Email Marketing Manager,Typeform
dun@calm.com,VP Product & Growth,Calm.com
jennifer@mplantproductions.com,,Rogue Agency
celeste@dataquest.io,Director Of Operations,"DataQuest Labs, Inc."
eddie@askalmanac.com,Head of Product,Almanac
gkegeles@2u.com,"VP, Business Systems","2U, Inc."
vito.pistelli@careerbuilder.com,Software Engineer,CareerBuilder
laurenwi@trulia.com,Sr. Manager / Product Lead - Marketing & Lifecycle,Trulia
david_macdougall@lordandtaylor.com,VP eCommerce,Lord & Taylor
sminsini@nurturelife.com,CEO,Nurture Life
tammy@gametime.co,Senior Growth Associate,"Gametime United, Inc."
jfudally@g2.com,Outreach Team Lead,G2
volk@kettlebellkitchen.com,Head Of Marketing,Kettlebell Kitchen
eli@teltech.co,"Co-founder, CTO",TelTech
mescoto@nrcc.org,"Director of Analytics, Testing",NRCC
david@transportlearning.com,,Transport Learning
tara.mccarty@casetext.com,,Casetext
rileycrane@squareup.com,Engineering Manager - Marketing Automation,Square
eling@weedmaps.com,"Senior Director, Product Marketing & Growth",Weedmaps
heather@rumbleon.com,Director of Marketing,RumbleOn
haider@blockchain.com,Head of Growth,Blockchain
tom.macthomas@spareroom.co.uk,CMO,SpareRoom
vanessa@sunbasket.com,Head of Customer Engagement & Retention,Sunbasket
cmacmullan@schnucks.com,Director of IT,"Schnuck Markets, Inc."
diego@talentinc.com,CMO,Talent Inc.
shayma@confirmed360.com,Head of Marketing,Confirmed360
thy@duolingo.com,Head of Product Marketing,Duolingo
eli@hairstory.com,CEO,Hairstory
jean@nutrafol.com,,Nutrafol
cmanning@madison-reed.com,Lifecycle Marketing Manager,Madison Reed
david.lee@envato.com,Lead Developer,Envato
ben@keep.com,CTO,Keep (NO LONGER IN BIZ)
amy.trus@masterclass.com,Director of Lifecycle Marketing,"MasterClass, Inc."
david.betts@thekrazycouponlady.com,CTO,"Krazy Coupon Lady, LLC"
lonnie.haley@gmail.com,Email Marketing Manager,BOLD
mat@kitchit.com,,Kitchit
justinlin@thumbtack.com,Software Engineer,Thumbtack
jackie.roberts@envato.com,Email Marketing Manager,Envato
raja@bold.com,Email Marketing Manager,BOLD
jonathan@blackdogdigi.com,Co-founder,Snocru
jason@plexapp.com,"Director, Product & Growth",Plex
matt.miling@jassby.com,SVP of Development,Jassby
darren@foodjets.com,CEO,"FoodJets, Inc"
steve.proell@randstadusa.com,"VP, Digital Strategy",Randstad USA
gina.ban@stackcommerce.com,Director of Merchandising,StackCommerce
kristin.drake@iqvia.com,Email Marketing Manager,IQVIA
bfisher@celsiusmarketing.com,Marketing Consultant,Celsius Marketing
kelly@finder.com.au,Marketing Automation Manager,Finder
jfederico@thezebra.com,"SVP, Marketing",Zebra
p.dermody@fetchrewards.com,Marketing Manager,Fetch Rewards
carleigh@getupside.com,"Brand, Marketing",GetUpside
alon@aaptiv.com,VP of Growth,Aaptiv
blowder@jane.com,Senior Software Engineer,Jane
dking@optimataxrelief.com,CEO,Optima Tax Relief
michal@helloheart.com,CTO,Hello Heart
monte.ellis@storage-mart.com,IT Manager,StorageMart
hugoguzman11@gmail.com,COO,Opulent Items
georgina.hall@xe.com,Senior Email Marketing Executive,XE
steven.brooks@joany.com,Growth Marketing Manager,JOANY
danil.ovechkin@myollie.com,Acquisition Marketing,Ollie
jason@tastemade.com,Head of Engineering,Tastemade
stephanie.tate@magicmemories.com,VP of E-Commerce,Magic Memories
brant.songsong@gmail.com,DIGITAL MANAGER,Honolulu Star-Advertiser
dave@homepolish.com,VP Product,Homepolish
moe@care.com,Principal Program Manager,Care.com
amy.kruse@iqvia.com,"Mgr, Production Control Email Services",IQVIA
veer@foodjets.com,CTO,"FoodJets, Inc"
jgoldsmith@tendrilinc.com,Director of Engineering,Uplight (formerly Tendril)
daniele@solvhealth.com,"Co-founder, CTO",Solv Health
sashroff@truecar.com,"Product Director, Experience",TrueCar
kapil@angel.co,Growth,AngelList
caitlin@doteshopping.com,"VP, Growth",Dote
jeff@gethuman.com,CHIEF ARCHITECT,GetHuman
josh.averbeck@diamondnexus.com,Digital Marketing Manager,Forever Companies
brian.magida@warbyparker.com,"Director, Digital Marketing",Warby Parker
nate@avail.co,Director of Marketing,Avail
joel@teamlaunch.com,Senior Financial Officer,Follain
sid.millspaugh@realtruck.com,Vice President of Technology,RealTruck.Com
sara@2ulaundry.com,Senior Growth Marketing Manager,2ULaundry
anh@baller.tv,Head of Marketing,BallerTV
diana@osmosis.org,Director of Marketing,Osmosis
