Name,firstname,last name,Title,Company Name,Email,LinkedIn URL
Dwight Newman,,,Owner,,dwight@newhealthprof.com,https://www.linkedin.com/in/dwight-newman-31927627/
Kirby Little,,,Owner,,lovinghands19@gmail.com,
Pete,,,IT Guy,,pete@starnursing.com,
Blake Gaylord,,,Co-owner,Integrity Medical Staffing LLC.,admin@integritymedicalstaffingllc.com,https://www.linkedin.com/in/blake-gaylord-944039164/
Maria Bethea,,,CEO,,aservantsheart17@gmail.com,https://www.linkedin.com/in/maria-bethea-83a9b98b/?external_page=LPC.Immersive&external_control=ViewProfileInLinkedInLink&external_app_instance=67b0ddb7-c8ac-4096-a8e9-9b0d88b2ad51&external_page_instance=c96e2b64-3965-4666-9b4d-ff67f07daf2e
Rafeeqa Williams,,,CEO,,comfortinghands.rw@gmail.com,
Caranpreet Gill,,,CEO,,chrisea@aristohealthcareservices.com,https://www.linkedin.com/in/charanpreet-gill-6a70b0167/
,,,,,mkbryan@empowerxinc.com,https://www.linkedin.com/in/mkbempower/?external_page=LPC.Immersive&external_control=ViewProfileInLinkedInLink&external_app_instance=67b0ddb7-c8ac-4096-a8e9-9b0d88b2ad51&external_page_instance=8a460a23-d97e-48bf-8abe-d5b28c4235a4
,,,,,efederico@empowerxinc.com,
,,,,,varainiabarkus@gmail.com,
,,,,,frances@firstchoicenurses.com,
,,,,,rain@firstchoicenurses.com,
,,,,,cfpeatross@empowerxinc.com,
,,,,,lknowles@lakefrontnursing.com,https://www.linkedin.com/in/latasha-knowles-lpn-287042192/
,,,,,peyton@firstchoicenurses.com,https://www.linkedin.com/in/peyton-lex-a0769768/
Stacy Hobbs,,,,,shobbs@compassionatecarewi.com,
,,,,,support@wegetstaffed.com,
Denise Lex,,,,,denise@firstchoicenurses.com,https://www.linkedin.com/in/denise-lex-019809178/
Kim Joens,,,,,kim@starnursing.com,https://www.linkedin.com/in/kimberly-joens-576008b3/
Nancy Frost,,,,,nancy@starnursing.com,
Steve,,,,,steve@starnursing.com,
Victoria,,,,,victoria@starnursing.com,
Carol Deleon,,,VP,,cdeleon@clinistic.com,https://www.linkedin.com/in/carol-deleon-7534862/?external_page=LPC.Immersive&external_control=ViewProfileInLinkedInLink&external_app_instance=67b0ddb7-c8ac-4096-a8e9-9b0d88b2ad51&external_page_instance=f097ec5e-cd83-4da1-88a4-77c251ba42da
Heather Kanji,,,Social Media Manager,,htanji@emeraldhs.com,https://www.linkedin.com/in/heather-tanji-26452a26/
Charity,,,Recruitment Manager,,charityc@axismedicalstaffing.com,https://www.linkedin.com/in/charityacrawford/
Tamara Lane,,,Recruitment Director,,tlane@bridgestaffing.com,https://www.linkedin.com/in/tamara-lane-748b97124/
Aaron O'Neil,,,Recruiter HomeHealth,,aaoneil@maxhealth.com,https://www.linkedin.com/in/aaron-o-neil-819219121/
Nick Jimenez,,,Recruiter,,njimenez@chsaz.com,https://www.linkedin.com/in/nick-jimenez-47204982/
Alina Cojo,,,Recruiter,,alina@bridgestaffing.com,
Cynthia Dominic,,,Recruiter,,cydomini@maxhealth.com,
Sara,,,Recruiter,,sarak@axismedicalstaffing.com,https://www.linkedin.com/in/saraaxismedicalstaffing/
Bergetta Smith,,,Product Manager,,bergetta.smith@chghealthcare.com,https://www.linkedin.com/in/bergetta-smith-8b821413/
Rey Rivera,,,"President, CEO",,rey@theraexstaffing.com,https://www.linkedin.com/in/rey-david-rivera-34b64811/
Brian Schwidder,,,President,American Health Technology Group,brian.schwidder@ahstech.com,https://www.linkedin.com/in/bschwidder/
Scottessa Hurte,,,President,,shurte@medicalstaffing360.com,https://www.linkedin.com/in/scottessa-hurte-0778a2b8/
Steve Belcher,,,President,,sbelcher@advantismed.com,https://www.linkedin.com/in/steve-belcher-9834476/
Bob Melillo,,,President,,rmelillo@kemmcare.com,https://www.linkedin.com/in/bob-melillo-40b58221/
Lina Gallotto,,,President,,lgallotto@bartonhealthcarestaffing.com,https://www.linkedin.com/in/linagallotto/
Josh Sauter,,,President,,jsauter@staffingfirst.net,https://www.linkedin.com/in/jsauter/
Josh Davis,,,President,,josh@andersgroup.org,https://www.linkedin.com/in/josh-davis-5b668513/
Steve Ryan,,,President,,sryan@atlasmedstaff.com,https://www.linkedin.com/in/stevenryan33/
Gail Miska,,,President,,gmiska@flmedstaffing.com,https://www.linkedin.com/in/gail-miska-4aa8b319/
Haideh Salehi,,,President,,heidi@xprtmedstaff.com,https://www.linkedin.com/in/heidi-salehi-71127231/
Mary Anderson,,,President,,mary@ahpstaffing.com,
Sri Pacharu,,,President,,sri@pulsehealthcarekenya.com,https://www.linkedin.com/in/sri-pacharu-ab1357156/
David,,,Owner?,,david@excelnursing.com,https://www.linkedin.com/in/david-tolin-0282a53a/?external_page=LPC.Immersive&external_control=ViewProfileInLinkedInLink&external_app_instance=67b0ddb7-c8ac-4096-a8e9-9b0d88b2ad51&external_page_instance=e71a6651-d309-455c-a479-052cc84152f8
Alana Salter,,,"Owner, CEO, RN",,alana@3dmedicalstaffing.com,https://www.linkedin.com/in/alana-salter-a08527162/?external_page=LPC.Immersive&external_control=ViewProfileInLinkedInLink&external_app_instance=67b0ddb7-c8ac-4096-a8e9-9b0d88b2ad51&external_page_instance=c5513117-f212-4543-b325-5eec68c1e050
"Ray Drampkin, MD",,,"Owner, CEO",,rdrapkinmd@continuumgroup.net,
Amy McNulty,,,Owner,Southern Medical,amymcnulty@att.net,https://www.linkedin.com/in/amy-mcnulty-83353240/
Cyprian Yankey,,,Owner,,cyankey@atchealthcare.com,https://www.linkedin.com/in/cyprianyankey/
Allan,,,Owner,,allan@actionhealthcarestaff.com,https://www.linkedin.com/in/akuotah/
Cheryl Engle,,,Owner,,cengle@tcstaffinginc.com,https://www.linkedin.com/in/cheryl-engle-1b2155130/
Kyle,,,Owner,,kyle.c@remotemedsolutions.com,
Brandon Hillard,,,Owner,,brandon@chscare.com,https://www.linkedin.com/in/brandon-hillard-393b5813b/
Chelsea McKenzie,,,Owner,,chelsea@raymchealth.com,https://www.linkedin.com/in/raymchealthllccm/
"Kerine Dent-Alston, RN",,,Owner,,kerinedentalston@gmail.com,https://www.linkedin.com/in/kerine-dent-alston-rn-87a98a139/?external_page=LPC.Immersive&external_control=ViewProfileInLinkedInLink&external_app_instance=67b0ddb7-c8ac-4096-a8e9-9b0d88b2ad51&external_page_instance=fa4fd746-27c2-454c-927b-b55515c6f3c4
Portia,,,Onboarding,,portia@dietitiansondemand.com,
Hamid Mangalji,,,Managing Partner,,hamid@cardinalseniorcare.com,https://www.linkedin.com/in/hamid-mangalji-4931478/
Ysobel Smith,,,Managing Director,,ysmith@premierhcstaffing.com,https://www.linkedin.com/in/ysobel-smith-303457175/
Crystal White,,,Manager,,crystal@theraexstaffing.com,https://www.linkedin.com/in/crystal-white-3955923a/
Jeremy Uzzo,,,Founder,,jeremy@formationhc.com,https://www.linkedin.com/in/jeremy-uzzo-5110a433/
Tracey Lane,,,Executive Director,,tlane@nh-cc.org,
Marci Markward,,,Divisional VP,,marci.markward@clubstaffing.com,https://www.linkedin.com/in/marci-markward-6b01928/
Tracey Duke,,,Diretor,,tduke@cariant.com,https://www.linkedin.com/in/tracey-duke-94123620/
Brent Fitzgerald,,,Director of Recruitment,MSSI,brent@mssi.com,https://www.linkedin.com/in/brent-fitzgerald-84856942/
Regina Allcorn,,,Director of Operations,,rallcorn@acesnursetravel.com,https://www.linkedin.com/in/regina-allcorn-8591a23a/
Marlys O�Malley,,,Director of Operations,,momalley@acesnursetravel.com,
Renee Tillman,,,Director of Operations,,rtillman@acesnursetravel.com,https://www.linkedin.com/in/renee-tillman-30a93916/?external_page=LPC.Immersive&external_control=ViewProfileInLinkedInLink&external_app_instance=67b0ddb7-c8ac-4096-a8e9-9b0d88b2ad51&external_page_instance=79a98132-3338-4d3f-9cd2-a7d185bc7658
Tonya Hollenbeck,,,Director of Operations,,thollenbeck@nationwidenurses.com,https://www.linkedin.com/in/tonya-hollenbeck-34327a27/
Cleveland Mallory,,,Director of Home Health Division Richmond,,clmallor@maxhealth.com,https://www.linkedin.com/in/cleveland-mallory/
Alyssa Hemming,,,"Director of Business Dev, healthcare side",,ahemming@nuwestgroup.com,https://www.linkedin.com/in/alyssa-hemming-93609b55/
Kathleen,,,Director,,kathleen@dietitiansondemand.com,https://www.linkedin.com/in/kathleendracos/
Josh,,,Director,,josh@bestneststaffing.com,https://www.linkedin.com/in/joshmambo/
Oshin Singh,,,Credentialing Specialist,,oshin.singh@greenstaffmedical.com,
Janine Smith,,,Credentialing Manager,,jsmith@emeraldhs.com,https://www.linkedin.com/in/janine-smith-04ab9447/
Vince Magno,,,Credentialing,,vince@platinumhealthcarestaffing.com,https://www.linkedin.com/in/vince-magno-76a21448/
Ron Cawby,,,"COO, Founder",,ronc@hcstherapy.com,https://www.linkedin.com/in/ron-cawby-b1983233/
Rita DeLaRosa,,,Compliance Coordinator,,rd@protocolhealthcare.com,https://www.linkedin.com/in/ritadelarosa/
Ryan Skjonsberg,,,Co-CEO,,ryans@axismedicalstaffing.com,https://www.linkedin.com/in/ryanskjonsberg/
William Joseph,,,Co-CEO,,wjoseph@potomachealthcare.com,https://www.linkedin.com/in/william-a-joseph-14365921/
Thomas Burden,,,Co-CEO,,tburden@potomachealthcare.com,https://www.linkedin.com/in/thomasburden/
Janie Thomas,,,CNO,,jthomas@amidonnursestaffing.com,https://www.linkedin.com/in/janie-thomas-2b0a67b8/
Mark Hagan,,,CIO,,mark.hagan@amnhealthcare.com,https://www.linkedin.com/in/mark-hagan-462a23/
Fred Jeffrey,,,CIO,,ajeffrey@medprostaffing.com,https://www.linkedin.com/in/fredjeffrey/
Diana Wylie,,,"CEO, RN",,dwylie@flexrn.com,https://www.linkedin.com/in/diana-wylie-937b151/
Terry Merlin,,,"CEO, President",,tmerlin@mhcstaffingllc.com,https://www.linkedin.com/in/terrymerlin/
Jimmy James,,,"CEO, OWNER",,jimmy.james@xrtstaffing.com,https://www.linkedin.com/in/jimmy-james-3886a413/
Andrea Albertini,,,"CEO, Owner",,andrea@horizoncareservices.com,https://www.linkedin.com/in/andrea-albertiniceohorizoncareservicesandstaffing/
Jeff Widmyer,,,"CEO, Founder",,jwidmyer@rohealth.com,https://www.linkedin.com/in/jeff-widmyer-jd-mba-b87bb86/
Ayisha White,,,"CEO, Founder",,ayishawhite@nursepss.com,https://www.linkedin.com/in/ayisha-white-rn-bsn-517b3a123/?external_page=LPC.Immersive&external_control=ViewProfileInLinkedInLink&external_app_instance=67b0ddb7-c8ac-4096-a8e9-9b0d88b2ad51&external_page_instance=0d77b1be-5ea2-461b-b313-6c4f7ab4a345
Liz Tonkin,,,CEO,MedPro Staffing,ltonkin@medprostaffing.com,https://www.linkedin.com/in/liz-tonkin-b158316/
Dan Pollock,,,CEO,,dpollock@advantisglobal.com,https://www.linkedin.com/in/danpollock/
Adam Francis,,,CEO,,afrancis@hosthealthcare.com,https://www.linkedin.com/in/adam-f-3aa67225/?external_page=LPC.Immersive&external_control=ViewProfileInLinkedInLink&external_app_instance=67b0ddb7-c8ac-4096-a8e9-9b0d88b2ad51&external_page_instance=86aaa44a-ae20-4a26-8566-d127ade7c497
Raleigh,,,CEO,,raleigh@dietitiansondemand.com,https://www.linkedin.com/in/raleighhobson/
Kyle Rhodes,,,CEO,,kyle@focus-staff.com,https://www.linkedin.com/in/kyle-rhodes-19384428/
Ed,,,CEO,,ed@alegiantservices.com,https://www.linkedin.com/in/ed-filliben-53511b6/
Terry Brown,,,CEO,,terryb@bridgestaffing.com,https://www.linkedin.com/in/terry-l-brown-b5301b9/
Joe Owen,,,CEO,,jowen@guardianhealthcare.com,https://www.linkedin.com/in/joe-owen-a2539151/
Joe Adato,,,CEO,,joe.adato@heavensentservices.com,https://www.linkedin.com/in/joeadato/
Maluh Silvano,,,CEO,,maluh@platinumhealthcarestaffing.com,https://www.linkedin.com/in/maluhsilvano/
Risher Dumpit,,,CEO,,rdumpit@medcallstaffing.com,https://www.linkedin.com/in/risher-dumpit-61186a1/
Ron Dailey,,,CEO,,rondailey@lighthousenursing.com,https://www.linkedin.com/in/ron-dailey-14727786/
Lee Elkinson,,,CEO,,lee.elkinson@snelling.com,https://www.linkedin.com/in/elkinson/
Steve Haywood,,,CEO,,stevehay@nuwestgroup.com,https://www.linkedin.com/in/stevehay/
David Henson,,,Branch Manager NC,,dhenson@healthcare-staffing.com,https://www.linkedin.com/in/david-henson-83604a7/?external_page=LPC.Immersive&external_control=ViewProfileInLinkedInLink&external_app_instance=67b0ddb7-c8ac-4096-a8e9-9b0d88b2ad51&external_page_instance=65fdc9ad-6621-4ca3-92d3-b8b5e7a7b29e
Taylor,,,???,,olivia@originnurses.com,
Rich Smith,,,,,rsmith@atlasmedstaff.com,https://www.linkedin.com/in/richardsmith37/
,,,,,ravi.d@cynethealth.com,
,,,,,kyle.donovan@talemed.com,https://www.linkedin.com/in/kyle-donovan-30158b21/
,,,,,shannen.slaughter@talemed.com,https://www.linkedin.com/in/shannen-slaughter-a559b986/
,,,,,kendall.burwick@talemed.com,https://www.linkedin.com/in/kendall-burwick-9058b8134/
,,,,,rywilson@maxhealth.com,
,,,,,jovecchi@maxhealth.com,https://www.linkedin.com/in/jordan-vecchione-37686bb2/?external_page=LPC.Immersive&external_control=ViewProfileInLinkedInLink&external_app_instance=67b0ddb7-c8ac-4096-a8e9-9b0d88b2ad51&external_page_instance=c665e293-4877-4c99-adb6-9fd7d6d8c64e
,,,,,aking@medprostaffing.com,https://www.linkedin.com/in/adam-king-8b4b52b1/
,,,,,jketant@medprostaffing.com,https://www.linkedin.com/in/jessica-ketant-89a1a8124/
Joshua,,,,,jovoetbe@maxhealth.com,https://www.linkedin.com/in/joshvoetberg/?external_page=LPC.Immersive&external_control=ViewProfileInLinkedInLink&external_app_instance=67b0ddb7-c8ac-4096-a8e9-9b0d88b2ad51&external_page_instance=32bc874c-fdaa-4111-bfcd-6aa0520538cd
,,,,,wes.holman@talemed.com,https://www.linkedin.com/in/wes-holman-bb57b3162/
Jillian Lukegord,,,,,jlukegord@bartonhealthcarestaffing.com,https://www.linkedin.com/in/jillian-l-09918a128/?external_page=LPC.Immersive&external_control=ViewProfileInLinkedInLink&external_app_instance=67b0ddb7-c8ac-4096-a8e9-9b0d88b2ad51&external_page_instance=1de87fc0-d697-4710-b5d0-ef0248d2c8f4
,,,,,paul.miller@talemed.com,https://www.linkedin.com/in/paul-miller-4a281b162/
,,,,,fibarkle@maxhealth.com,
,,,,,hr@moorenurses.com,
,,,,,stmagnot@maxhealth.com,https://www.linkedin.com/in/stephen-magnotta-15aa3a27/?external_page=LPC.Immersive&external_control=ViewProfileInLinkedInLink&external_app_instance=67b0ddb7-c8ac-4096-a8e9-9b0d88b2ad51&external_page_instance=858db7cf-6756-4602-8c4a-b9daf4248f1e
,,,,,stefani.paladino@amnhealthcare.com,https://www.linkedin.com/in/stefanipaladino/
,,,,,rerickson@crosscountry.com,
,,,,,toria.root@talemed.com,https://www.linkedin.com/in/toria-root-471831b8/
,,,,,steve.lutes@chghealthcare.com,https://www.linkedin.com/in/steve-lutes-427b5210/
,,,,,robby.williams@talemed.com,https://www.linkedin.com/in/robby-williams-2837b5162/
,,,,,taria.dunn@nursescarellc.com,https://www.linkedin.com/in/nursescarellc/
,,,,,michelle@chninc.com,https://www.linkedin.com/in/michelle-davidson-mba-13a73a7/
,,,,,alex.gonzalez@healthcarousel.com,https://www.linkedin.com/in/palexgonzalez/
,,,,,gcohen@hosthealthcare.com,https://www.linkedin.com/in/gerald-cohen-21570529/
,,,,,jade.p@cynethealth.com,https://www.linkedin.com/in/mariamildredpiedad/?external_page=LPC.Immersive&external_control=ViewProfileInLinkedInLink&external_app_instance=67b0ddb7-c8ac-4096-a8e9-9b0d88b2ad51&external_page_instance=9444e974-73e6-4118-9008-8b33389f8a2d
,,,,,shivam.s@cynethealth.com,https://www.linkedin.com/in/shivam-sharma-8896ba119/
,,,,,kiana@mssi.com,https://www.linkedin.com/in/kianatom1/
Pam,,,,,pamela.b@cynethealth.com,https://www.linkedin.com/in/pam-burgos-5486ab51/
Ashlie Colon,,,,,acolon@alegiantservices.com,https://www.linkedin.com/in/ashlie-col%C3%B3n-6b2193b7/
,,,,,brian.lecount@healthcarousel.com,https://www.linkedin.com/in/brianlecount/
,,,,,shubhi.t@cynethealth.com,https://www.linkedin.com/in/shubhangithapliyal/
,,,,,vgriffin@healthcare-staffing.com,
,,,,,audrey.williams@matrixproviders.com,https://www.linkedin.com/in/audreymagnon/
,,,,,brooke@mssi.com,https://www.linkedin.com/in/brooke-babineau-757a31101/
,,,,,penny@cynethealth.com,
,,,,,kiherrma@maxhealth.com,https://www.linkedin.com/in/1kimherrmann/
,,,,,jphillips@crosscountry.com,
,,,,,kashafer@maxhealth.com,
,,,,,tnichols@crosscountry.com,
,,,,,dbudd@crosscountry.com,https://www.linkedin.com/in/daniel-budd-2088329b/
,,,,,amy@ct-assist.com,https://www.linkedin.com/in/amy-block-msn-rn-rnfa-cnor-a912b015b/?external_page=LPC.Immersive&external_control=ViewProfileInLinkedInLink&external_app_instance=67b0ddb7-c8ac-4096-a8e9-9b0d88b2ad51&external_page_instance=87069ebe-1b85-474c-8c4c-54738c98d771
,,,,,katie.fleming@prninc.com,https://www.linkedin.com/in/flemingkatie/
,,,,,ralph.henderson@amnhealthcare.com,https://www.linkedin.com/in/ralphhenderson/
