clientContactID,contactDataID,Email,Full Name,First Name,Last Name,LinkedIn URL from QA,"Title
from CRM","Title
from ProxyCrawl","Title
manually gotten for import to contactData",Final Title,"Company
from CRM","Company
from ProxyCrawl","Company
manually gotten for import to contactData",Final Company,Job Changed?,Job Changed?,Enriched Data Changed?,QA gave wrong URL,Correct LinkedIn URL,LinkedIn URL Final
0EPNs8nz6YF0dtkwe4n0,ECCDBulRONZGfozWdZzv,pamela.b@cynethealth.com,Pam,,,,,,,Accounts Director,,,,Cynet Health,,,,,,https://www.linkedin.com/in/pam-burgos-5486ab51/
0uCOxXw65HThRSUaKnwP,yZq3dBbFzAMa2S4jRgvP,dhenson@healthcare-staffing.com,David Henson,,,,,,,NC Regional Account Manager,,,,Healthcare Staffing Incorporated,,,,,,https://www.linkedin.com/in/david-henson-83604a7/?external_page=LPC.Immersive&external_control=ViewProfileInLinkedInLink&external_app_instance=67b0ddb7-c8ac-4096-a8e9-9b0d88b2ad51&external_page_instance=65fdc9ad-6621-4ca3-92d3-b8b5e7a7b29e
1O8DPHhK4UxTlLdl4qrr,PTcX4Guk4bmNfBr7Q7TJ,thollenbeck@nationwidenurses.com,Tonya Hollenbeck,,,,,,,Director of Operations,,,,Nationwide Nurses,,,,,,https://www.linkedin.com/in/tonya-hollenbeck-34327a27/
2DSVQwKsF7bFlhLm5ep1,y6KAwrk8ekRxUJ7qfTqg,jketant@medprostaffing.com,,,,,,,,,,,,,,,,,,https://www.linkedin.com/in/jessica-ketant-89a1a8124/
2KggyyB5Ix67pLGg7TLd,HLsI88LDF1ZKIdGXTCmx,joe.adato@heavensentservices.com,Joe Adato,,,,,,,CEO,,,,Heaven Sent by Home Town Health Care,,,,,,https://www.linkedin.com/in/joeadato/
2Urn2phH19KFRdLQQnDZ,LW9i7qOfqX3iDzsfIGtf,stmagnot@maxhealth.com,,,,,,,,National Recruitment Manager,,,,Maxim Healthcare Services,,,,,,https://www.linkedin.com/in/stephen-magnotta-15aa3a27/?external_page=LPC.Immersive&external_control=ViewProfileInLinkedInLink&external_app_instance=67b0ddb7-c8ac-4096-a8e9-9b0d88b2ad51&external_page_instance=858db7cf-6756-4602-8c4a-b9daf4248f1e
2iA0DRwOSq0J5zPKM6dT,MSEAYY2U7wwCoPvpQJe6,robby.williams@talemed.com,,,,,,,,"Manager, Real Estate M&A",,,,Salesforce,,,,,,https://www.linkedin.com/in/robby-williams-2837b5162/
3EfTek7m9uFHGBxg1MWD,bRhADoKnBWbnDapOMmQQ,jsauter@staffingfirst.net,Josh Sauter,,,,,,,President,,,,Staffing First LLC,,,,,,https://www.linkedin.com/in/jsauter/
3wotlcSXlCIi4ErKlvH4,VFhX6og3RTjeZCAejDb7,aaoneil@maxhealth.com,Aaron O'Neil,,,,,,,Recruiter Lead,,,,Maxim Healthcare Services,,,,,,https://www.linkedin.com/in/aaron-o-neil-819219121/
4Dp7zN17xDNnAAfrREjF,GPZvp7alVNsYRzzpb4Gu,tmerlin@mhcstaffingllc.com,Terry Merlin,,,,,,,President and CEO,,,,"MHS Staffing Resources, LLC",,,,,,https://www.linkedin.com/in/terrymerlin/
4PsDt65NgNj16rbBqVTK,rjCNIfRJuRG5aHUCsbA9,brooke@mssi.com,,,,,,,,Healthcare Recruiter,,,,"Medical Staffing Solutions, Inc.",,,,,,https://www.linkedin.com/in/brooke-babineau-757a31101/
4zkCcnmAVM1yEnuzmsGG,NJlVKaq6Flzn5x3iP5HT,cengle@tcstaffinginc.com,Cheryl Engle,,,,,,,CEO,,,,"TC Quality Staffing Solutions, LLC",,,,,,https://www.linkedin.com/in/cheryl-engle-1b2155130/
5bBbFEOXMWlEWnBE8PjD,dQImfYzhqBzMXUgYO63z,lgallotto@bartonhealthcarestaffing.com,Lina Gallotto,,,,,,,EVP Barton Associates,,,,Barton Associates Inc.,,,,,,https://www.linkedin.com/in/linagallotto/
5kALLh8YdVdGpgZQod25,lsr9THJK5GAGkORnUOzf,gcohen@hosthealthcare.com,,,,,,,,Executive Director of Training & Development,,,,"Host Healthcare, Inc.",,,,,,https://www.linkedin.com/in/gerald-cohen-21570529/
6WJIO4X2mYvtPq5yIToc,IE3x2rhzEIUbal4EDO8F,dwylie@flexrn.com,Diana Wylie,,,,,,,,,,,,,,,,,https://www.linkedin.com/in/diana-wylie-937b151/
6XIjWuDlP2UgZ7xnfLJZ,hMi1Qv87335SukFxaWj0,admin@integritymedicalstaffingllc.com,Blake Gaylord,,,,,,,,,,,,,,,,,https://www.linkedin.com/in/blake-gaylord-944039164/
6eGusHmdZXR7sE46W4Mb,L9x9uBpKIIgSZH9G1I3T,rmelillo@kemmcare.com,Bob Melillo,,,,,,,President,,,,KEMM Care Medical Staffing,,,,,,https://www.linkedin.com/in/bob-melillo-40b58221/
6jtYKWPSkOnJQhCQMICN,MBuKzfEBz6a1OigVFXI5,david@excelnursing.com,David,,,,,,,,,,,,,,,,,https://www.linkedin.com/in/david-tolin-0282a53a/?external_page=LPC.Immersive&external_control=ViewProfileInLinkedInLink&external_app_instance=67b0ddb7-c8ac-4096-a8e9-9b0d88b2ad51&external_page_instance=e71a6651-d309-455c-a479-052cc84152f8
70wAUTveMxDhG91dEWf4,mhFT8BFKCqmuvevIVyNU,jade.p@cynethealth.com,,,,,,,,Recruitment Manager,,,,Cynet Health,,,,,,https://www.linkedin.com/in/mariamildredpiedad/?external_page=LPC.Immersive&external_control=ViewProfileInLinkedInLink&external_app_instance=67b0ddb7-c8ac-4096-a8e9-9b0d88b2ad51&external_page_instance=9444e974-73e6-4118-9008-8b33389f8a2d
7XkUeEhkeWkEbTWO4y2y,tAThiL1QFg0CJsC8r5iZ,njimenez@chsaz.com,Nick Jimenez,,,,,,,Travel Accounts Manager,,,,Concentric Healthcare Staffing,,,,,,https://www.linkedin.com/in/nick-jimenez-47204982/
7fciPutlmSuxL5HqP3Xa,aY7NsJjkTkfbeI7yzRRd,ronc@hcstherapy.com,Ron Cawby,,,,,,,Founder/COO,,,,"Healthcare Concepts Solutions, Inc.",,,,,,https://www.linkedin.com/in/ron-cawby-b1983233/
7m8uNTNj03xKyHThMboR,c1GhndeA1YLBKT4BneHh,rdumpit@medcallstaffing.com,Risher Dumpit,,,,,,,Chief Operating Officer,,,,Med-Call Healthcare,,,,,,https://www.linkedin.com/in/risher-dumpit-61186a1/
7mlGL9UiOpNGIQ6w9Z1v,WzogKKTO7ttLSE7XjEQG,shurte@medicalstaffing360.com,Scottessa Hurte,,,,,,,President,,,,"Medical Staffing 360, LLC",,,,,,https://www.linkedin.com/in/scottessa-hurte-0778a2b8/
7ndBF5KUDtYUB5qJTjhx,9AB6n1At7r9ahZFrUkC5,steve.lutes@chghealthcare.com,,,,,,,,Associate Creative Director,,,,CHG Healthcare,,,,,,https://www.linkedin.com/in/steve-lutes-427b5210/
89JBjbhW4szGN5PCqJeM,iEM9oJirzrkMkQPBSwL3,htanji@emeraldhs.com,Heather Kanji,,,,,,,Public Affairs / Communications Specialist,,,,"California State University, Fullerton",,TRUE,,,,https://www.linkedin.com/in/heather-tanji-26452a26/
9e3hQHwX29d8HWbGACG4,gcjOLkgGo1ASkVSNfuuP,bergetta.smith@chghealthcare.com,Bergetta Smith,,,,,,,"Manager, Product Management",,,,CHG Healthcare,,,,,,https://www.linkedin.com/in/bergetta-smith-8b821413/
BuL2qNfnIrLBmRtnKrXE,XGDWTeusXdPkFN92z4I6,jlukegord@bartonhealthcarestaffing.com,Jillian Lukegord,,,,,,,Recruiting Manager,,,,Barton Healthcare Staffing,,,,,,https://www.linkedin.com/in/jillian-l-09918a128/?external_page=LPC.Immersive&external_control=ViewProfileInLinkedInLink&external_app_instance=67b0ddb7-c8ac-4096-a8e9-9b0d88b2ad51&external_page_instance=1de87fc0-d697-4710-b5d0-ef0248d2c8f4
Bx9qNNWGElEf4cFOen2y,sKKrgVJnLZcaqT3nrP4e,brian.lecount@healthcarousel.com,,,,,,,,Chief Marketing Officer & VP of Digital Travel Nursing,,,,Health Carousel,,,,,,https://www.linkedin.com/in/brianlecount/
BxmgcdDCol3Vf864xn7w,sg5hhZTADL10AR9jX2XQ,chelsea@raymchealth.com,Chelsea McKenzie,,,,,,,Company Owner,,,,RAYMC Health- Nurse Staffing,,,,,,https://www.linkedin.com/in/raymchealthllccm/
CGf2xkT7OrCTIogqJLto,UolcrS1dL8GyHA1pXnrU,tduke@cariant.com,Tracey Duke,,,,,,,Division Manager,,,,Cariant Health Partners,,,,,,https://www.linkedin.com/in/tracey-duke-94123620/
CRV1utcpBzDTOvwfjkmP,xkvnMpCjIVtZZdOddeLL,shannen.slaughter@talemed.com,,,,,,,,Recruiter,,,,TaleMed,,,,,,https://www.linkedin.com/in/shannen-slaughter-a559b986/
DGfHCHiyeN736paC2mN4,HjFYG6ZqZWfhQGmUgPjO,shubhi.t@cynethealth.com,,,,,,,,Business Development Executive,,,,Cynet Systems Inc,,,,,,https://www.linkedin.com/in/shubhangithapliyal/
DhMBT434cr1mr3EwyA7i,zGF7jIrhEZw4altrZR64,crystal@theraexstaffing.com,Crystal White,,,,,,,Clinical Division Director,,,,TheraEx Staffing Services,,,,,,https://www.linkedin.com/in/crystal-white-3955923a/
E4zGThtXIPgsieMMnNbU,ILzuW0VSq4oPU95NEjRw,rd@protocolhealthcare.com,Rita DeLaRosa,,,,,,,"Compliance Coordinator, Travel Division Mgr, Travel Division Coordinator, Perm Healthcare Recruiter",,,,Protocol Agency,,,,,,https://www.linkedin.com/in/ritadelarosa/
EF006dzWsOyV0JsnRHIQ,EE9swuJOUWc791fljBzD,rtillman@acesnursetravel.com,Renee Tillman,,,,,,,,,,,,,,,,,https://www.linkedin.com/in/renee-tillman-30a93916/?external_page=LPC.Immersive&external_control=ViewProfileInLinkedInLink&external_app_instance=67b0ddb7-c8ac-4096-a8e9-9b0d88b2ad51&external_page_instance=79a98132-3338-4d3f-9cd2-a7d185bc7658
EdrUvPjiOcWeCfK2BHBa,OIt68EDWESDqBMcoimyS,rsmith@atlasmedstaff.com,Rich Smith,,,,,,,"Owner, Co-Founder and Vice President",,,,Atlas MedStaff,,,,,,https://www.linkedin.com/in/richardsmith37/
Fm8tpAeCrpXwc7minakC,FEPHxteDdgizm6o8q0eL,mark.hagan@amnhealthcare.com,Mark Hagan,,,,,,,,,,,,,,,,,https://www.linkedin.com/in/mark-hagan-462a23/
GFIsTGf45uegekfPAfTk,glsKdDH9TciopqGp2BWp,kiherrma@maxhealth.com,,,,,,,,Recruitment Operations Manager,,,,Maxim Healthcare Services,,,,,,https://www.linkedin.com/in/1kimherrmann/
GJR6aWrtGF3XDF11Zb5F,Kw0SHLdjOpc41EB0Vs9o,brian.schwidder@ahstech.com,Brian Schwidder,,,,,,,,,,,,,,,,,https://www.linkedin.com/in/bschwidder/
GPgAr8bPT2TPh4rG11yU,yU3fMzCkOVicXkPFVhJi,ahemming@nuwestgroup.com,Alyssa Hemming,,,,,,,Director of Business Development - Healthcare and Scientific,,,,"NuWest Group Holdings, LLC",,,,,,https://www.linkedin.com/in/alyssa-hemming-93609b55/
HQG19QIIx8SIOaTyJ1oL,HjUlPJPN4LhGR0OAkzOf,kim@starnursing.com,Kim Joens,,,,,,,Facilites Contract Manager & Healthcare Talent Acquistions Specialist,,,,Star Nursing Inc,,,,,,https://www.linkedin.com/in/kimberly-joens-576008b3/
Hbxn0GhNR5s3x71HsTdd,B2oATMDlE3PWyOB4fOSK,marci.markward@clubstaffing.com,Marci Markward,,,,,,,Divisional Vice President of Recruiting,,,,"Club Staffing, Inc",,,,,,https://www.linkedin.com/in/marci-markward-6b01928/
JAKZho2IEmImHesOLqYP,v1oT3xA4fdpN5dDiIxAL,alana@3dmedicalstaffing.com,Alana Salter,,,,,,,,,,,,,,,,,https://www.linkedin.com/in/alana-salter-a08527162/?external_page=LPC.Immersive&external_control=ViewProfileInLinkedInLink&external_app_instance=67b0ddb7-c8ac-4096-a8e9-9b0d88b2ad51&external_page_instance=c5513117-f212-4543-b325-5eec68c1e050
JerqueQaFl3k0i5IoAyX,P6rvt6xwgqv31qaHVYz0,hamid@cardinalseniorcare.com,Hamid Mangalji,,,,,,,Managing Partner,,,,Cardinal Senior Care,,,,,,https://www.linkedin.com/in/hamid-mangalji-4931478/
Jl2OmifYBfGJQmG3iBfY,rVzZyzxu3mYxZjcYvqGH,denise@firstchoicenurses.com,Denise Lex,,,,,,,Busines development and sourcing for rehab division,,,,First Choice Nurses Of Eastern Virginia,,,,,,https://www.linkedin.com/in/denise-lex-019809178/
JsgbbA6hS9oMFEbyIOKE,SqYMXGsPegAp5ntl3Nro,kerinedentalston@gmail.com,"Kerine Dent-Alston, RN",,,,,,,Agency Director/Owner,,,,Like Family Caregiving LLC,,,,,,https://www.linkedin.com/in/kerine-dent-alston-rn-87a98a139/?external_page=LPC.Immersive&external_control=ViewProfileInLinkedInLink&external_app_instance=67b0ddb7-c8ac-4096-a8e9-9b0d88b2ad51&external_page_instance=fa4fd746-27c2-454c-927b-b55515c6f3c4
LYZH2og3GqFUYcZYjqpE,1XWiJzn7zWGmjjoC39N2,jimmy.james@xrtstaffing.com,Jimmy James,,,,,,,CEO,,,,XRT Staffing,,,,,,https://www.linkedin.com/in/jimmy-james-3886a413/
Lgxv1CXm1o7365pmqa57,k5i0slQEhIfVRYLMy1zx,ltonkin@medprostaffing.com,Liz Tonkin,,,,,,,Chief Executive Officer,,,,MedPro Staffing,,,,,,https://www.linkedin.com/in/liz-tonkin-b158316/
MSVlDjVyY4xcbYnwwx1E,iTR705xUGY9jaqtPTLL4,aking@medprostaffing.com,,,,,,,,Healthcare Account Executive,,,,MedPro Staffing,,,,,,https://www.linkedin.com/in/adam-king-8b4b52b1/
MwFjgx5aGJEgNORfjejV,iIoVOKoDG4mDYEdDeC6u,ed@alegiantservices.com,Ed,,,,,,,President,,,,Alegiant Healthcare Staffing,,,,,,https://www.linkedin.com/in/ed-filliben-53511b6/
N8XbRT3nSjzSL1HS4MKY,PFHvHKL4bGeyCpWa4HVD,lee.elkinson@snelling.com,Lee Elkinson,,,,,,,Chief Executive Officer,,,,"Sentech Services, Inc.",,,,,,https://www.linkedin.com/in/elkinson/
NBCHLLKqsd1cpMXYAQ6a,FPkpgeg2t0xNfzO19JDn,rondailey@lighthousenursing.com,Ron Dailey,,,,,,,CEO,,,,Lighthouse Nursing Agency,,,,,,https://www.linkedin.com/in/ron-dailey-14727786/
NYHuUXTgJyZFydhuIuqQ,DfaRCD7n2LVaBrelZL2j,amy@ct-assist.com,,,,,,,,Principal Therapy Development Specialist,,,,"Silk Road Medical, Inc.",,TRUE,,,,https://www.linkedin.com/in/amy-block-msn-rn-rnfa-cnor-a912b015b/?external_page=LPC.Immersive&external_control=ViewProfileInLinkedInLink&external_app_instance=67b0ddb7-c8ac-4096-a8e9-9b0d88b2ad51&external_page_instance=87069ebe-1b85-474c-8c4c-54738c98d771
QRxnTiCnp67Hml8APvHg,kvC1qzDSARJ38hBdBQ0r,shivam.s@cynethealth.com,,,,,,,,Talent Acquisition Specialist,,,,Cynet Health,,,,,,https://www.linkedin.com/in/shivam-sharma-8896ba119/
QnkhWVyTeiufaLAvylz3,kdHOw2uBUVFG0VEEYQV3,sarak@axismedicalstaffing.com,Sara,,,,,,,Recruiter,,,,"Axis Medical Staffing, Inc.",,,,,,https://www.linkedin.com/in/saraaxismedicalstaffing/
RWHT4qZYedi5DCb3pnfb,4R0U8N37L4YJUA7iFNOC,brandon@chscare.com,Brandon Hillard,,,,,,,Owner,,,,Nursing on Demand,,,,,,https://www.linkedin.com/in/brandon-hillard-393b5813b/
RzyK8Gc0vafClQbVDzq0,jw6mwMLOzB7QOxUe9eLn,gmiska@flmedstaffing.com,Gail Miska,,,,,,,President,,,,"Florida Medical Staffing, LLC",,,,,,https://www.linkedin.com/in/gail-miska-4aa8b319/
Sm2wjXjE5PGDpA0KGuUH,NvuXxswnNEbXRRsN581j,stefani.paladino@amnhealthcare.com,,,,,,,,Senior Marketing Specialist,,,,AMN Healthcare,,,,,,https://www.linkedin.com/in/stefanipaladino/
TpSru0Tvp8WvmCcY6TQv,eQt9C8gRZdzZPULPfvy5,dwight@newhealthprof.com,Dwight Newman,,,,,,,Chief Executive Officer,,,,New Healthcare Professionals,,,,,,https://www.linkedin.com/in/dwight-newman-31927627/
UbzVtBZuJRrGg7pINihu,tuf3j8d4z5lOsKCZ4sru,cdeleon@clinistic.com,Carol Deleon,,,,,,,,,,,,,,,,,https://www.linkedin.com/in/carol-deleon-7534862/?external_page=LPC.Immersive&external_control=ViewProfileInLinkedInLink&external_app_instance=67b0ddb7-c8ac-4096-a8e9-9b0d88b2ad51&external_page_instance=f097ec5e-cd83-4da1-88a4-77c251ba42da
UfJqyxbCKoFZBj3x5o7g,r25HFfi0JTebMnrjuenE,jowen@guardianhealthcare.com,Joe Owen,,,,,,,CEO,,,,Guardian Healthcare Providers,,,,,,https://www.linkedin.com/in/joe-owen-a2539151/
VL3iEtey7rr6cKGpI5sF,MhpKclbQs4wqvXuucMjA,sbelcher@advantismed.com,Steve Belcher,,,,,,,Co-Founder/President,,,,Advantis Medical Staffing,,,,,,https://www.linkedin.com/in/steve-belcher-9834476/
VWtX3Lkyd29moYq0FdGn,c6t1fIXkjnK9lgNzACe3,wjoseph@potomachealthcare.com,William Joseph,,,,,,,"Principal, Potomac Healthcare Solutions",,,,Potomac Healthcare Solutions,,,,,,https://www.linkedin.com/in/william-a-joseph-14365921/
WKCTtYDtRBv4tR5CJQjr,jEAck9ziFiAVxP7KIjj9,allan@actionhealthcarestaff.com,Allan,,,,,,,CEO,,,,Action Healthcare staffing,,TRUE,,,,https://www.linkedin.com/in/akuotah/
WxVXz346stZQSVSnq5h2,NVnHjWCSqXB8rHllUGgz,vince@platinumhealthcarestaffing.com,Vince Magno,,,,,,,Clinical Compliance Analyst,,,,Platinum Healthcare Staffing,,,,,,https://www.linkedin.com/in/vince-magno-76a21448/
XXlRQxQfW67zEVFGV1nx,0GnvnHShlEPx9Q6SrUHV,terryb@bridgestaffing.com,Terry Brown,,,,,,,CEO,,,,Bridge Staffing,,,,,,https://www.linkedin.com/in/terry-l-brown-b5301b9/
XhRPnsx3FjV2B8XhddhQ,YAQHsRzjjldihXtAruHR,stevehay@nuwestgroup.com,Steve Haywood,,,,,,,CEO & Managing Partner,,,,"Nuwest Group Holdings, LLC",,,,,,https://www.linkedin.com/in/stevehay/
aoKSdUJw0M1zxmbQT1Au,8YWHnNAY3oZIfDafaUam,kendall.burwick@talemed.com,,,,,,,,Staffing Coordinator,,,,TaleMed,,,,,,https://www.linkedin.com/in/kendall-burwick-9058b8134/
b1IGpwLFYFcOpMK4DjU7,eHi1ubP9CjN1CRhfkBId,aservantsheart17@gmail.com,Maria Bethea,,,,,,,Founder & CEO of A Servant's Heart Staffing Service LLC,,,,A Servant's Heart Medical Staffing LLC,,,,,,https://www.linkedin.com/in/maria-bethea-83a9b98b/?external_page=LPC.Immersive&external_control=ViewProfileInLinkedInLink&external_app_instance=67b0ddb7-c8ac-4096-a8e9-9b0d88b2ad51&external_page_instance=c96e2b64-3965-4666-9b4d-ff67f07daf2e
bFLVgagLOowGpo1ZuNtj,j275eyx04MKo16xBAe0y,rallcorn@acesnursetravel.com,Regina Allcorn,,,,,,,Executive Director of Clinical Opertations,,,,ACES,,,,,,https://www.linkedin.com/in/regina-allcorn-8591a23a/
bWh6I39n7700IcEWY4GW,FbPkFegybN93xpGKY39g,jwidmyer@rohealth.com,Jeff Widmyer,,,,,,,Chief Executive Officer,,,,Ro Health,,,,,,https://www.linkedin.com/in/jeff-widmyer-jd-mba-b87bb86/
d9GdhyrlRaWZ4LD39JUY,47CPSBCU3wMULSqpmlFP,rey@theraexstaffing.com,Rey Rivera,,,,,,,Senior Occupational Therapist,,,,Hallmark Rehabilitation,,,,,,https://www.linkedin.com/in/rey-david-rivera-34b64811/
d9LZ2iDDF1VMTxF3wmbk,SXxYrmt2N2bOg19Lx0ZY,jeremy@formationhc.com,Jeremy Uzzo,,,,,,,,,,,,,,,,,https://www.linkedin.com/in/jeremy-uzzo-5110a433/
dlKIeA2lAg0wF7xqo168,5iTGRtT1827efG7rh3c9,michelle@chninc.com,,,,,,,,Senior Healthcare Technical Consultant,,,,Health Systems Informatics - HSi,,,,,,https://www.linkedin.com/in/michelle-davidson-mba-13a73a7/
eCqrPimE65Qv7KxHW77s,SMccKghsTiMGzazDRV7w,kathleen@dietitiansondemand.com,Kathleen,,,,,,,Director of Operations,,,,Dietitians on Demand,,,,,,https://www.linkedin.com/in/kathleendracos/
ebKxq15rtqd7TMzR4gTe,YVEhhAJ3Bv3ZZFKzGwqD,charityc@axismedicalstaffing.com,Charity,,,,,,,Senior Healthcare Recruiter,,,,"Axis Medical Staffing, Inc.",,,,,,https://www.linkedin.com/in/charityacrawford/
f5vNDcyiPFBrSXHxeUKg,KPm2R6D9G7RsbsYZPial,amymcnulty@att.net,Amy McNulty,,,,,,,Owner,,,,Southern Medical Staffing,,,,,,https://www.linkedin.com/in/amy-mcnulty-83353240/
gMiyahsz9XjjZYiWSP9n,x1EZg0qr2ZylKs4N2WQp,maluh@platinumhealthcarestaffing.com,Maluh Silvano,,,,,,,,,,,,,,,,,https://www.linkedin.com/in/maluhsilvano/
i8IGwDvXuAbcezb1eubz,b70qlFkIaHS7xuNwamAo,kyle.donovan@talemed.com,,,,,,,,Recruiting Manager,,,,TaleMed,,,,,,https://www.linkedin.com/in/kyle-donovan-30158b21/
iZNxWxhFHWBpHcKqcCFG,pLra8k43mS5jyQQgUPkZ,andrea@horizoncareservices.com,Andrea Albertini,,,,,,,CEO,,,,Horizon Care Services Inc,,,,,,https://www.linkedin.com/in/andrea-albertiniceohorizoncareservicesandstaffing/
is7phfEHDHZz10MBWcHu,8p56B2NAWdzjv7RGSH77,sryan@atlasmedstaff.com,Steve Ryan,,,,,,,Owner/President,,,,Atlas MedStaff,,,,,,https://www.linkedin.com/in/stevenryan33/
j1si6R9z8Hox4J1ESHEj,XXnez5O5RhcEgnjCryfS,josh@andersgroup.org,Josh Davis,,,,,,,Member,,,,Anders Group,,,,,,https://www.linkedin.com/in/josh-davis-5b668513/
jTfzqvKdmR7d21kRFaiP,OhtABw8BCTsSjMRcWV6n,heidi@xprtmedstaff.com,Haideh Salehi,,,,,,,President,,,,XPRT STAFFING INC.,,,,,,https://www.linkedin.com/in/heidi-salehi-71127231/
jqIT3E7FuFTuqALaxKBl,yzJRRuBdF6qoOx3gmS7r,tlane@bridgestaffing.com,Tamara Lane,,,,,,,Director,,,,Bridge Staffing,,,,,,https://www.linkedin.com/in/tamara-lane-748b97124/
jvIlmpAG0PUmeri8Qd8S,UI79cgXGcwbAVnikLuzH,dbudd@crosscountry.com,,,,,,,,Talent Acquisition Specialist,,,,Cross Country Nurses,,,,,,https://www.linkedin.com/in/daniel-budd-2088329b/
k94PeASEABeJIGtntMw9,SeDSdoBZI3xzWSjA48Tg,brent@mssi.com,Brent Fitzgerald,,,,,,,Director of Recruitment,,,,"Medical Staffing Solutions, Inc.",,,,,,https://www.linkedin.com/in/brent-fitzgerald-84856942/
kHLCs64c34IbI8TYOWEo,bcWeJh6y31uVC66RrQaY,toria.root@talemed.com,,,,,,,,Director of Human Resources,,,,TaleMed,,,,,,https://www.linkedin.com/in/toria-root-471831b8/
lNp64npcpGAkKG6nsgLS,gsCTxZp0ja5Zo1oDgPtp,sri@pulsehealthcarekenya.com,Sri Pacharu,,,,,,,President and CEO,,,,Pulse Healthcare Services,,,,,,https://www.linkedin.com/in/sri-pacharu-ab1357156/
lnbVrnfFMdiwAavn4u8A,G8jSrCZ3CECUhPiwiQjc,jovecchi@maxhealth.com,,,,,,,,National Recruitment Manager,,,,Maxim Healthcare Services,,,,,,https://www.linkedin.com/in/jordan-vecchione-37686bb2/?external_page=LPC.Immersive&external_control=ViewProfileInLinkedInLink&external_app_instance=67b0ddb7-c8ac-4096-a8e9-9b0d88b2ad51&external_page_instance=c665e293-4877-4c99-adb6-9fd7d6d8c64e
lnnrnt64K62W348jj0YR,8jMqnG8caNAjxznUjBFy,ysmith@premierhcstaffing.com,Ysobel Smith,,,,,,,"Managing Director at Premier Healthcare Staffing, LLC",,,,"Premier Healthcare Staffing, LLC",,,,,,https://www.linkedin.com/in/ysobel-smith-303457175/
mKU15wza7MugHRz1yIej,ebRy8GDT0CAqk7rp2OvT,kiana@mssi.com,,,,,,,,Marketing Director,,,,"Medical Staffing Solutions, Inc.",,,,,,https://www.linkedin.com/in/kianatom1/
mLJ1bzxWMKwHBrefYMkW,cQS1WOnvCStWWsAaxtKh,mkbryan@empowerxinc.com,,,,,,,,Founder/CEO,,,,EmpoweRx Inc.,,,,,,https://www.linkedin.com/in/mkbempower/?external_page=LPC.Immersive&external_control=ViewProfileInLinkedInLink&external_app_instance=67b0ddb7-c8ac-4096-a8e9-9b0d88b2ad51&external_page_instance=8a460a23-d97e-48bf-8abe-d5b28c4235a4
maow1YLWTxIYxoTSMcUQ,csa93g3MqAYYFXvfPAHn,acolon@alegiantservices.com,Ashlie Colon,,,,,,,Nursing Recruiter,,,,Alegiant Healthcare,,,,,,https://www.linkedin.com/in/ashlie-col%C3%B3n-6b2193b7/
nD8BR8uaxn2kjmLMga2d,Ucl75yNo6pTizJMqowQD,ryans@axismedicalstaffing.com,Ryan Skjonsberg,,,,,,,Co-CEO,,,,"Axis Medical Staffing, Inc.",,,,,,https://www.linkedin.com/in/ryanskjonsberg/
oV5kDT4DwKILwehTXBbt,740wHOp9THGc09a10h8Z,alex.gonzalez@healthcarousel.com,,,,,,,,"Marketing Director, Health Carousel Travel Network",,,,Health Carousel,,,,,,https://www.linkedin.com/in/palexgonzalez/
p4pjfjvk1Tv7bjuOisgG,yTFPkTCpmrUns4F096xk,ayishawhite@nursepss.com,Ayisha White,,,,,,,President,,,,Nurse Professional Staffing Solutions,,,,,,https://www.linkedin.com/in/ayisha-white-rn-bsn-517b3a123/?external_page=LPC.Immersive&external_control=ViewProfileInLinkedInLink&external_app_instance=67b0ddb7-c8ac-4096-a8e9-9b0d88b2ad51&external_page_instance=0d77b1be-5ea2-461b-b313-6c4f7ab4a345
pFiW9SLVBQ91Q8XNO6NE,n5RCiprHG4JtcREhWsNj,dpollock@advantisglobal.com,Dan Pollock,,,,,,,CEO,,,,ADVANTIS Global Inc.,,,,,,https://www.linkedin.com/in/danpollock/
pu9DgAO4ZS9SF05VEtT1,5z8resR69wjX7H68KOMa,katie.fleming@prninc.com,,,,,,,,Promotional Planner,,,,"J. J. Keller & Associates, Inc.",,TRUE,,,,https://www.linkedin.com/in/flemingkatie/
pzWEWe5IVOaoLujD6gOe,eRi64uTRJ9YxG7878HJj,afrancis@hosthealthcare.com,Adam Francis,,,,,,,CEO,,,,"Host Healthcare, Inc.",,,,,,https://www.linkedin.com/in/adam-f-3aa67225/?external_page=LPC.Immersive&external_control=ViewProfileInLinkedInLink&external_app_instance=67b0ddb7-c8ac-4096-a8e9-9b0d88b2ad51&external_page_instance=86aaa44a-ae20-4a26-8566-d127ade7c497
qFY8p8Tg2f4atk3lxa9u,iyKEtHlOH33VSObvtpcy,peyton@firstchoicenurses.com,,,,,,,,President,,,,First Choice Nurses of Eastern Virginia,,,,,,https://www.linkedin.com/in/peyton-lex-a0769768/
qKdgctJaPba3rftxFjmS,s9sj9ksI0FUZyaRd3kyy,josh@bestneststaffing.com,Josh,,,,,,,Owner,,,,Mambo Quality Services,,,,,,https://www.linkedin.com/in/joshmambo/
rMDdZWEThHUZsscH0ZNY,0rd4meI3yI8ymsQ4g1jF,raleigh@dietitiansondemand.com,Raleigh,,,,,,,Chief Operating Officer,,,,Dietitians On Demand,,,,,,https://www.linkedin.com/in/raleighhobson/
s6Z5QQAt1WiJuDZOq3lj,SJKQXOxhAVzzHDRBJSw2,jthomas@amidonnursestaffing.com,Janie Thomas,,,,,,,Chief Nursing Officer,,,,Amidon Nurse Staffing,,,,,,https://www.linkedin.com/in/janie-thomas-2b0a67b8/
sKOdjDMdaoAG8YjTf6v5,T9IcndveT7kql4dkRxmL,wes.holman@talemed.com,,,,,,,,Staffing Coordinator,,,,TaleMed,,,,,,https://www.linkedin.com/in/wes-holman-bb57b3162/
sam4BAoB31v8MvLMi1UM,lx0XXAtH5quLtemG4bD2,chrisea@aristohealthcareservices.com,Caranpreet Gill,,,,,,,CEO,,,,Aristo Healthcare Services,,,,,,https://www.linkedin.com/in/charanpreet-gill-6a70b0167/
t3j2IqmClBMaRxcZd7Xa,xRRUOwKwPixvlQXFGRdr,lknowles@lakefrontnursing.com,,,,,,,,Business Owner,,,,Lakefront Nursing Medical Staffing Agency,,,,,,https://www.linkedin.com/in/latasha-knowles-lpn-287042192/
tZ0t12AcxFuLrSKwnFp2,TQnGmdlCDUHEZnHiQwAD,audrey.williams@matrixproviders.com,,,,,,,,Program Manager,,,,Matrix Providers,,,,,,https://www.linkedin.com/in/audreymagnon/
tfGPRUiXKcmXBHjSi3rj,R0OYdfWcaL1x40bNgTK4,taria.dunn@nursescarellc.com,,,,,,,,,,,,,,,,,,https://www.linkedin.com/in/nursescarellc/
uTiMhlpMTqGMJLJ5diWh,rWWbXUDDysjKVkv9siLd,tburden@potomachealthcare.com,Thomas Burden,,,,,,,Principal & Co-CEO,,,,Potomac Healthcare Solutions,,,,,,https://www.linkedin.com/in/thomasburden/
uhXqELkjlBkb01YVqSM8,seNPWep7d0mQy39g2aZ8,cyankey@atchealthcare.com,Cyprian Yankey,,,,,,,Executive Director,,,,ATC Healthcare Services of Virginia,,,,,,https://www.linkedin.com/in/cyprianyankey/
vgWjBwmNmiiDGYJZ57bf,dmrFvRkvCbe9WdVs0LBv,clmallor@maxhealth.com,Cleveland Mallory,,,,,,,Director Of Business Operations,,,,Maxim Healthcare Services,,TRUE,,,,https://www.linkedin.com/in/cleveland-mallory/
wED10QhsQpheKdfvaZ94,cTlRwS3NfoDG7RRrmixh,paul.miller@talemed.com,,,,,,,,Staffing Coordinator,,,,TaleMed,,,,,,https://www.linkedin.com/in/paul-miller-4a281b162/
wT1au85DPuefNtsjfFrL,KN8UEhc4RC8pm1TiFx97,kyle@focus-staff.com,Kyle Rhodes,,,,,,,Owner,,,,Focus Staff,,,,,,https://www.linkedin.com/in/kyle-rhodes-19384428/
xULAj2FgJAtxkr0dmNV7,toCY5dgWIhf4CfWCKSan,jovoetbe@maxhealth.com,Joshua,,,,,,,National Recruitment Manager,,,,Maxim Healthcare Services,,,,,,https://www.linkedin.com/in/joshvoetberg/?external_page=LPC.Immersive&external_control=ViewProfileInLinkedInLink&external_app_instance=67b0ddb7-c8ac-4096-a8e9-9b0d88b2ad51&external_page_instance=32bc874c-fdaa-4111-bfcd-6aa0520538cd
xrb96rMdq8De09kYXyUO,Awq6AHwrfCaJFBq73y7R,ajeffrey@medprostaffing.com,Fred Jeffrey,,,,,,,Chief Information Officer,,,,MedPro Staffing,,,,,,https://www.linkedin.com/in/fredjeffrey/
y4LgqHl48jvgXxjYZR4F,Uz1RZxWim6KvTtM82Kt1,jsmith@emeraldhs.com,Janine Smith,,,,,,,"Vice President, Corporate Compliance",,,,Epic Healthcare Staffing,,TRUE,,,,https://www.linkedin.com/in/janine-smith-04ab9447/
yfQJdleGuj8mDBAlAfo4,3C600FEojMl5jTqvv4TD,ralph.henderson@amnhealthcare.com,,,,,,,,"President and Officer, AMN Healthcare Staffing",,,,AMN Healthcare,,,,,,https://www.linkedin.com/in/ralphhenderson/
