Name,firstname,lastname,Title,Company,Email,LinkedIn URL,jobChanged
Mike,,,,atxventurepartners.com,mike@atxventurepartners.com,https://www.linkedin.com/in/meyersmj/,
Helen,,,,humanventures.co,helen.gibney@humanventures.co,https://www.linkedin.com/in/helen-w-gibney/,
Christelle,,,,alven.co,christelle@alven.co,https://www.linkedin.com/in/christelleweber/?originalSubdomain=fr,
Cindy,,,,foresitecapital.com,cindy@foresitecapital.com,https://www.linkedin.com/in/xinxiong/,
Charlie,,,,impact-group.com.au,charlie@impact-group.com.au,https://www.linkedin.com/in/charlie-macdonald/?originalSubdomain=au,
Fahim,,,,betaworks.com,fahim@betaworks.com,https://www.linkedin.com/in/fahimafadl/,
Peter,,,,avgfunds.com,peter.macewan@avgfunds.com,https://www.linkedin.com/in/petermacewan/,
Casey,,,,dcg.co,casey@dcg.co,https://www.linkedin.com/in/casatay/,
,,,,anzupartners.com,crs@anzupartners.com,https://www.linkedin.com/in/cathryn-stickel/,
Brandon,,,,detroit.vc,brandon@detroit.vc,https://www.linkedin.com/in/brandon-epstein-b6b91560/,
Gordon,,,,capitalfactory.com,gordondaugherty@capitalfactory.com,https://www.linkedin.com/in/gordondaugherty/,
Jan,,,,neo.com,jan@neo.com,https://www.linkedin.com/in/jancrisostomo/,
Aouji,,,,metaprop.vc,aouji@metaprop.vc,https://www.linkedin.com/in/amiraouji/,TRUE
,,,,ordrs.io,ei@ordrs.io,https://www.linkedin.com/in/3rik1barra/,
Max,,,,thirdact.vc,max@thirdact.vc,https://www.linkedin.com/in/max-zamkow-45594b14/,
Kai,,,,earlybird.com,kai@earlybird.com,https://www.linkedin.com/in/kaikuenne/,
Dom,,,,vertexventures.com,dom@vertexventures.com,https://www.linkedin.com/in/domperri/,
,,,,mit.edu,pcheek@mit.edu,https://www.linkedin.com/in/prcjr/,
Mitra,,,,southparkcommons.com,mitra@southparkcommons.com,https://www.linkedin.com/in/mitralohrasbpour/,
Natalie,,,,susaventures.com,"natalie@susaventures.com, natalie.fleming@susaventures.com",https://www.linkedin.com/in/nataliearora/,
Emily,,,,femalefoundersfund.com,emily@femalefoundersfund.com,https://www.linkedin.com/in/emilyleaman20/,TRUE
Nick,,,,australianprogress.org.au,nick@australianprogress.org.au,https://www.linkedin.com/in/nick-moraitis-a2b/?originalSubdomain=au,TRUE
Paola,,,,hardwareclub.co,paola@hardwareclub.co,https://www.linkedin.com/in/paolaimperiagabriele/,TRUE
,,,,mayfield.com,sgolan@mayfield.com,https://www.linkedin.com/in/shelby-golan-96b4ba57/,
Roshan,,,,h-l.vc,roshan@h-l.vc,https://www.linkedin.com/in/roshan--patel/,
,,,,acgpartners.com,lrinkey@acgpartners.com,https://www.linkedin.com/in/laurenrinkey/,
Stebe,,,,peakventurecapital.com,steve@peakventurecapital.com,https://www.linkedin.com/in/steve-hale-71457426/,TRUE
Krisa,,,,cavuventures.com,krisa@cavuventures.com,https://www.linkedin.com/in/krisa-park-9550074/,
Brandon,,,,startupaz.org,brandon@startupaz.org,https://www.linkedin.com/in/brandonclarke25/,
Anne,,,,angularventures.com,anne@angularventures.com,https://www.linkedin.com/in/annemblum/,
Lilyann,,,,eclipse.vc,lilyann@eclipse.vc,https://www.linkedin.com/in/lilyann-troy-4854b277/,
Janice,,,,cshs.org,janice.louie@cshs.org,https://www.linkedin.com/in/janicelouie/,
Natalie,,,,qumracapital.com,natalie@qumracapital.com,https://www.linkedin.com/in/natalie-lorberboym/,
Meghan,,,,praxislabs.org,meghan@praxislabs.org,https://www.linkedin.com/in/meghaneasley/,
Mordy,,,,leadingedge.org,mordy@leadingedge.org,https://www.linkedin.com/in/mordecai-mordy-walfish-ba0aa214/,
Ameet,,,,golden.ventures,ameet@golden.ventures,https://www.linkedin.com/in/ameetshah/,
,,,,luminategroup.com,cdavis@luminategroup.com,https://www.linkedin.com/in/clairevdavis/,
Mike,,,,p72.vc,tripp@p72.vc,https://www.linkedin.com/in/trippshriner/,
Ed,,,,reddogcap.com,ed@reddogcap.com,https://www.linkedin.com/in/ed-kim-8a36537/,
Lauren,,,,menlovc.com,lauren@menlovc.com,https://www.linkedin.com/in/lauren-centoni-a212a474/,
Jana,,,,brv.com,jana@brv.com,https://www.linkedin.com/in/nycjanalee/,TRUE
Bailey,,,,saintjoseph.com,bailey@saintjoseph.com,https://www.linkedin.com/in/kristi-bailey-mba-6134b725/,
,,,,samsungnext.com,thinds@samsungnext.com,https://www.linkedin.com/in/tracyhinds/,
Chas,,,,alix.vc,Chas@alix.vc,https://www.linkedin.com/in/chas-pulido-1b858584/,
Gabe,,,,obviousventures.com,gabe@obviousventures.com,https://www.linkedin.com/in/gabe-kleinman-7a52a862/,
Henry,,,,vencapital.org,henry.o@vencapital.org,https://www.linkedin.com/in/henry-ogbuagu-b1156283/,
,,,,expa.com,mt@expa.com,https://www.linkedin.com/in/miluntesovic/,
Will,,,,nextfrontiercapital.com,will@nextfrontiercapital.com,https://www.linkedin.com/in/pricew/,
,,,,masstech.org,green@masstech.org,https://www.linkedin.com/in/katherine-green-72650b9/,
Chase,,,,glasswing.vc,chase@glasswing.vc,https://www.linkedin.com/in/chase-martin/,
Ash,,,,ashrust.com,ash@ashrust.com,https://www.linkedin.com/in/ashrust/,
Lucy,,,,imaginary.co,lucy@imaginary.co,https://www.linkedin.com/in/lucymloveless/,
,,,,petersonpartners.com,mwilliams@petersonpartners.com,https://www.linkedin.com/in/meagan-williams-78233a64/,
Ally,,,,acme.vc,ally@acme.vc,https://www.linkedin.com/in/alexandra-ally-warson-1a99962/,
Aaron,,,,500startups.com,aaron@500startups.com,https://www.linkedin.com/in/ablumey/,
Lauren,,,,bluehaveninitiative.com,lauren@bluehaveninitiative.com,https://www.linkedin.com/in/lscochran/,
sabrina,,,,techstars.com,sabrina.kelly@techstars.com,https://www.linkedin.com/in/sabrinakelly1/,
Chloe,,,,foundersfuture.com,chloe@foundersfuture.com,https://www.linkedin.com/in/chlo%C3%A9-fabert-16052841/,
Robel,,,,cre.vc,robel@cre.vc,https://www.linkedin.com/in/robel-chiappini-0833b825/,
Mike,,,,m25vc.com,mike@m25vc.com,https://www.linkedin.com/in/dmikeasem/,
Ariela,,,,ourcrowd.com,ariela@ourcrowd.com,https://www.linkedin.com/in/ariela-lazan-255a35aa/,TRUE
Amy,,,,redpoint.com,amy@redpoint.com,https://www.linkedin.com/in/aknapp/,TRUE
Elaine,,,,signalfire.com,elaine@signalfire.com,https://www.linkedin.com/in/elainezelby/,
Matt,,,,madrona.com,mwitt@madrona.com,https://www.linkedin.com/in/matthew-witt-8a00b11/,
Katelyn,,,,effem.com,katelyn.drozd@effem.com,,
,,,,p3vc.com,kvuong@p3vc.com,https://www.linkedin.com/in/karelvuong/,TRUE
Sanjay,,,,whitestarvc.com,sanjay@whitestarvc.com,https://www.linkedin.com/in/sanjayzimmermann/,
Laura,,,,theproductionboard.com,laura@theproductionboard.com,https://www.linkedin.com/in/laura-brown-69b41364/,
Polina,,,,aqpsearch.com,polina@aqpsearch.com,https://www.linkedin.com/in/polinahanin/,
Richie,,,,makersfund.co,richie@makersfund.co,https://www.linkedin.com/in/richie-zhu-87501583/?locale=zh_CN,
Ally,,,,engine.xyz,Ally@engine.xyz,https://www.linkedin.com/in/allisonlyost/,
Roger,,,,silvertonpartners.com,roger@silvertonpartners.com,https://www.linkedin.com/in/chenro/,
Mitchell,,,,differential.vc,mitchell@differential.vc,https://www.linkedin.com/in/mitchellkleinhandler/,
Alex,,,,correlationvc.com,alexa@correlationvc.com,https://www.linkedin.com/in/alexa-fischer-hampton-6885416/,
Brandon,,,,harlem.capital,brandon@harlem.capital,https://www.linkedin.com/in/bbryantwsp/,
Hank,,,,bluebearcap.com,hank@bluebearcap.com,https://www.linkedin.com/in/hank-hattemer-0655194/,
Shaina,,,,special-operations.co,shaina@special-operations.co,https://www.linkedin.com/in/shaina-deandra-thomas/,TRUE
Zoe,,,,eqtventures.com,zoe@eqtventures.com,https://www.linkedin.com/in/zoejervier/,
Rob,,,,techtalent.ca,rob@techtalent.ca,https://www.linkedin.com/in/robertslewis/?originalSubdomain=ca,
Kirsten,,,,techhireoakland.org,kirsten@techhireoakland.org,https://www.linkedin.com/in/kirsten-lundgren,
Dale,,,,scalevp.com,dale@scalevp.com,https://linkedin.com/in/dalechang,
Rob,,,,robertlewis.ca,rob@robertlewis.ca,https://www.linkedin.com/in/robertslewis/?originalSubdomain=ca,
,,,,bcapgroup.com,alopiccolo@bcapgroup.com,https://www.linkedin.com/in/amyclarklopiccolo/,
Matt,,,,fika.vc,matt@fika.vc,https://www.linkedin.com/in/hershcules/,
Elizabeth,,,,sapphireventures.com,epatterson@sapphireventures.com,https://www.linkedin.com/in/elizabetharnsdorfpatterson,
Tyler,,,,uniteamerica.org,tyler@uniteamerica.org,https://www.linkedin.com/in/tyler-fisher-2578167a/,
Gareth,,,,promusventures.com,gareth@promusventures.com,https://www.linkedin.com/in/garethekeane,
,,,,gmail.com,ozgurgalina@gmail.com,https://www.linkedin.com/in/galinaozgur,
,,,,greylock.com,cmcclincy@greylock.com,https://www.linkedin.com/in/caitlin-mcclincy-abejon-ba342256/,TRUE
Lisa,,,,flourishventures.com,lisa@flourishventures.com,https://www.linkedin.com/in/lisaferranti/,
Brandon,,,,brandonbruce.com,brandon@brandonbruce.com,https://www.linkedin.com/in/brandonbruce,
Stephanie,,,,lererhippeau.com,stephanie@lererhippeau.com,https://www.linkedin.com/in/stephanie-manning-cohen-1818a922/,
Oscar,,,,sinaivc.com,oscar@sinaivc.com,https://www.linkedin.com/in/oscaradelman/,TRUE
Nissik,,,,startuplab.no,nissik@startuplab.no,https://www.linkedin.com/in/nissik/?originalSubdomain=no,
Christie,,,,backstagecapital.com,christie@backstagecapital.com,https://linkedin.com/in/christiepitts,
Alicia,,,,kleinerperkins.com,alicia@kleinerperkins.com,https://www.linkedin.com/in/alicialau/,
Kat,,,,twosigmaventures.com,kat@twosigmaventures.com,https://www.linkedin.com/in/kathrynrumbles,
,,,,venrock.com,tyu@venrock.com,https://www.linkedin.com/in/tina-yu,
Mel,,,,oneeleven.com,mel@oneeleven.com,https://www.linkedin.com/in/melissaheeney1/,
Morgan,,,,launchtn.org,morgan@launchtn.org,https://www.linkedin.com/in/morgan-dent-88304155,
Michelle,,,,upwest.vc,michelle@upwest.vc,https://www.linkedin.com/in/katiekoyfman,
John,,,,multicoin.capital,johnrobert@multicoin.capital,https://www.linkedin.com/in/john-robert-reed-72a4449,
Peter,,,,meruscap.com,peter@meruscap.com,https://www.linkedin.com/in/siliconvalleyvc/,
Nicole,,,,compound.vc,nicole@compound.vc,https://www.linkedin.com/in/nicole-imhof-766a7683,
,,,,umich.edu,ljhorow@umich.edu,,
Jared,,,,ycombinator.com,jared@ycombinator.com,https://www.linkedin.com/in/jaredfriedman/,
Lasse,,,,icebreaker.vc,lasse@icebreaker.vc,https://www.linkedin.com/in/lehtinenlasse/,
Jacob,,,,structure.vc,jacob@structure.vc,https://www.linkedin.com/in/jacobshea,
Benjamin,,,,january.capital,benjamin@january.capital,https://www.linkedin.com/in/bendunphy?originalSubdomain=sg,
,,,,evolutionmedia.com,dabrams@evolutionmedia.com,,
Juan,,,,ret.vc,juan@ret.vc,https://www.linkedin.com/in/juan-nicholls-906123a8/,TRUE
Ryan,,,,matchstickventures.com,"ryan@matchstickventures.com, ryan.broshar@techstars.com, rbroshar@gmail.com",https://www.linkedin.com/in/ryanbroshar,
,,,,dfj.com,jkodner@dfj.com,https://www.linkedin.com/in/jenkodner/,
Seth,,,,voltagead.com,seth@voltagead.com,https://linkedin.com/in/sethlofgreen,
Andrew,,,,basisset.ventures,Andrew@basisset.ventures,https://www.linkedin.com/in/andrew-k-117399128/,
Stephen,,,,teamworthy.com,stephen@teamworthy.com,https://www.linkedin.com/in/stephenschmalhofer/,
Jenny,,,,gmail.com,jennyefielding@gmail.com,https://www.linkedin.com/in/jennyfielding/,
Joe,,,,craftventures.com,joe@craftventures.com,https://www.linkedin.com/in/jcheung/,
Brannack,,,,struckcapital.com,brannack@struckcapital.com,https://www.linkedin.com/in/brannack/,
,,,,generalcatalyst.com,klampert@generalcatalyst.com,https://www.linkedin.com/in/katie-lampert-56859389/,
Susannah,,,,alleycorp.com,susannah@alleycorp.com,https://www.linkedin.com/in/susannah-shipton-6075204b/,
Heather,,,,rev1ventures.com,heather@rev1ventures.com,https://www.linkedin.com/in/heather-harmon-columbus/,
Kim,,,,forgoodventures.com,kim@forgoodventures.com,https://www.linkedin.com/in/kim-kolt-abb8b717b/,
Joel,,,,blackbird.vc,joel@blackbird.vc,https://www.linkedin.com/in/joelconnolly/,
,,,,preludeventures.com,bshill@preludeventures.com,https://www.linkedin.com/in/bryan-shill-31a096a9/,
Maddie,,,,boost.vc,maddie@boost.vc,https://www.linkedin.com/in/maddiecallander/,
Maria,,,,rre.com,maria@rre.com,https://www.linkedin.com/in/mariabrewerpalma/,
Meredith,,,,lsvp.com,meredith@lsvp.com,https://www.linkedin.com/in/meredithkendall/,
Lani,,,,swayvc.com,lani@swayvc.com,https://www.linkedin.com/in/lanstermonster/,
Ulili,,,,kaporcapital.com,ulili@kaporcapital.com,https://www.linkedin.com/in/uonovakpuri/,
Ashley,,,,uncorkcapital.com,ashley@uncorkcapital.com,https://www.linkedin.com/in/ashley-cravens-202a558/,
Madeline,,,,trueventures.com,madeline@trueventures.com,https://www.linkedin.com/in/madeline2/,
Reese,,,,lyragrowth.com,reese@lyragrowth.com,https://www.linkedin.com/in/reese-davidson-80466941/,
Brian,,,,tlv.partners,brian@tlv.partners,https://www.linkedin.com/in/brian-sack-49617368/,
,,,,circleup.com,akearns@circleup.com,https://www.linkedin.com/in/alexandrakearns/,TRUE
Sabrina,,,,techstars.com,sabrina.kelly@techstars.com,https://www.linkedin.com/in/sabrinakelly1,
Ajey,,,,plgventures.com,ajey@plgventures.com,https://www.linkedin.com/in/ajey-kaushal/,
Dean,,,,m3ventures.com,dean@m3ventures.com,https://www.linkedin.com/in/dean-bakes-9928a454/,
Raanan,,,,resolute.vc,Raanan@resolute.vc,https://www.linkedin.com/in/raananbarcohen/,
,,,,vf.dk,sro@vf.dk,,
Roy,,,,gav-yam.co.il,royz@gav-yam.co.il,https://www.linkedin.com/in/roy-zwebner-20694917/?originalSubdomain=il,
Marianne,,,,golden.ventures,marianne@golden.ventures,https://www.linkedin.com/in/mariannebulger/?originalSubdomain=ca,TRUE
Matt,,,,m13.co,matt@m13.co,https://www.linkedin.com/in/mphoffman/,
Chris,,,,katalyst.ventures,chris@katalyst.ventures,https://www.linkedin.com/in/chris-hodge-ab2a6825/,TRUE
Imogen,,,,squarepegcap.com,imogen@squarepegcap.com,https://www.linkedin.com/in/imogen-baxter-540b4b47/,
Dan,,,,tpycapital.com,dan@tpycapital.com,https://www.linkedin.com/in/dan-pinchasi,
Chian,,,,reachcapital.com,chian@reachcapital.com,https://www.linkedin.com/in/chiangong/,
Aubrey,,,,spv.com,aubrey@spv.com,https://www.linkedin.com/in/aubrey-russell-22230558,
Job,,,,empirestartups.com,jon@empirestartups.com,https://www.linkedin.com/in/jonzanoff/,
Naama,,,,vertexventures.com,naama@vertexventures.com,https://www.linkedin.com/in/naama-zalzman-843557110,
Susan,,,,sound-ventures.com,susan@sound-ventures.com,https://www.linkedin.com/in/susansu/,
Michelle,,,,communitech.ca,michelle.flanagan@communitech.ca,https://www.linkedin.com/in/michelle-flanagan/,
Elizabeth,,,,sogalventures.com,elizabeth@sogalventures.com,https://www.linkedin.com/in/egalbut/,
Brian,,,,svb.com,bschmitz@svb.com,https://www.linkedin.com/in/brianfschmitz/,
,,,,sjfventures.com,esissman@sjfventures.com,https://www.linkedin.com/in/emma-sissman-3a0198a8/,
Bethany,,,,usv.com,bethany@usv.com,https://www.linkedin.com/in/bethanymarz/,
Brook,,,,learncapital.com,brook@learncapital.com,https://www.linkedin.com/in/brookbisrat/,
Marianne,,,,prospect.fyi,marianne@prospect.fyi,https://www.linkedin.com/in/mariannebulger/,
Laura,,,,jll.com,laura.kelso@jll.com,https://www.linkedin.com/in/lauraakelso/,
Katie,,,,upwestlabs.com,katie@upwestlabs.com,https://www.linkedin.com/in/katiekoyfman/,TRUE
Kailin,,,,polychain.capital,kailin@polychain.capital,https://www.linkedin.com/in/linktokailin/,TRUE
,,,,impactcapitalmanagers.com,mspence@impactcapitalmanagers.com,https://www.linkedin.com/in/mariekebspence,
Caroline,,,,symphonyai.com,caroline@symphonyai.com,https://www.linkedin.com/in/tienspalding/,TRUE
Tammy,,,,emcap.com,tammy@emcap.com,https://www.linkedin.com/in/tammyhan/,
Hillary,,,,highergroundlabs.com,hillary@highergroundlabs.com,https://www.linkedin.com/in/hillarylehr/,
Nick,,,,notationcapital.com,nick@notationcapital.com,https://www.linkedin.com/in/nchirls/,
Rico,,,,cintrifuse.com,rico@cintrifuse.com,https://www.linkedin.com/in/ricardo-grant-a92121159/,TRUE
,,,,tulsacf.org,rmitchell@tulsacf.org,https://www.linkedin.com/in/richardaaronmitchell/,
Kathy,,,,abven.com,kathy@abven.com,https://www.linkedin.com/in/kathykelly18/,
Martin,,,,byfounders.vc,martin@byfounders.vc,https://www.linkedin.com/in/martinkrag,
Katie,,,,bbgventures.com,katie.scarpa@bbgventures.com,https://www.linkedin.com/in/katie-scarpa,
Matt,,,,outlierventures.io,matt@outlierventures.io,https://www.linkedin.com/in/mattlaw,
,,,,ggvc.com,svieira@ggvc.com,https://www.linkedin.com/in/stephanie-vieira-40315125/,
Kalee,,,,trinityventures.com,kalee@trinityventures.com,https://www.linkedin.com/in/kaleefennelly/,
,,,,fprimecapital.com,rkohl@fprimecapital.com,https://www.linkedin.com/in/rachelfk,
Daniel,,,,innovationendeavors.com,daniel@innovationendeavors.com,https://www.linkedin.com/in/daniel-goldstein-a656751b/,
Micah,,,,foundrygroup.com,micah@foundrygroup.com,https://www.linkedin.com/in/micahmador/,
Nicole,,,,bencolorado.org,nicole@bencolorado.org,https://www.linkedin.com/in/nicole-barbera-17a144bb/,
Marie,,,,elementalexcelerator.com,marie@elementalexcelerator.com,https://www.linkedin.com/in/marie-ogrady/,TRUE
,,,,monashees.com.br,mraso@monashees.com.br,https://www.linkedin.com/in/mariana-raso-12397b5b/,
John,,,,realventures.com,John@realventures.com,https://www.linkedin.com/in/johnstokes/,
Carol,,,,valorcapitalgroup.com,carol@valorcapitalgroup.com,https://www.linkedin.com/in/maria-carolina-lacombe-92b00915/?originalSubdomain=br,
Teresa,,,,highfivepartners.com,teresa@highfivepartners.com,https://www.linkedin.com/in/teresa-chung-aa073325/,
Allie,,,,embarccollective.com,allie@embarccollective.com,https://www.linkedin.com/in/alliefelix/,
Arjun,,,,floodgate.com,arjun@floodgate.com,https://www.linkedin.com/in/arjunchopra,
Michelle,,,,oakhcft.com,michelle@oakhcft.com,https://www.linkedin.com/in/michelle-daubar-32a4b311/,
,,,,vmgpartners.com,gratch@vmgpartners.com,https://www.linkedin.com/in/emily-gratch-b47822175,
Noorjit,,,,pnptc.com,noorjit@pnptc.com,https://www.linkedin.com/in/noorjit-sidhu-5a8976118/,
,,,,marsdd.com,cmohr@marsdd.com,https://www.linkedin.com/in/chelsey-mohr-03110a12a/,
,,,,khoslaventures.com,ce@khoslaventures.com,https://www.linkedin.com/in/catherinecasuga,
Antonio,,,,edp.com,antoniobaptista.lopes@edp.com,https://www.linkedin.com/in/ant%C3%B3nio-lopes-5a75503a/?originalSubdomain=pt,
Jason,,,,redseaventures.com,jason@redseaventures.com,https://www.linkedin.com/in/fiedlerjason/,TRUE
Mike,,,,ffvc.com,mike.maccombie@ffvc.com,https://www.linkedin.com/in/michaelmaccombie,
Anna,,,,eniacventures.com,anna@eniacventures.com,https://www.linkedin.com/in/anna-nitschke-123652b/,
Brandon,,,,venture51.com,brandon@venture51.com,https://www.linkedin.com/in/brandonzeuner/,
Hannah,,,,greycroft.com,hannah@greycroft.com,https://www.linkedin.com/in/hannahpshore/,
Ed,,,,boldstart.vc,ed@boldstart.vc,https://www.linkedin.com/in/edsim/,
,,,,nextsc.org,jmoore@nextsc.org,https://www.linkedin.com/in/john-moore-b223872/,TRUE
,,,,innovationtrivalley.org,lnaylor@innovationtrivalley.org,https://www.linkedin.com/in/lynn-wallace-naylor-02438112/,
Dedina,,,,omersventures.com,dedina@omersventures.com,https://www.linkedin.com/in/demi-dina,
Jan,,,,hvventures.com,jan.miczaika@hvventures.com,https://www.linkedin.com/in/janmiczaika,
Jamie,,,,kokopelli.vc,jamie@kokopelli.vc,https://www.linkedin.com/in/jamiefinney/,
Tom,,,,owlvc.com,tom@owlvc.com,https://www.linkedin.com/in/tcostin/,
Kristy,,,,comcast.com,kristy_leong@comcast.com,https://www.linkedin.com/in/kristyleong/,
Meredith,,,,revolution.com,meredithb@revolution.com,https://www.linkedin.com/in/meredith-balenske-927bb14/,TRUE
Danielle,,,,camberoutdoors.orga,danielle.hamilton@camberoutdoors.orga,,
Patricia,,,,nif.vc,patricia@nif.vc,https://www.linkedin.com/in/patricia-tiram-92798977/?locale=de_DE,
Ali,,,,dcvc.com,ali@dcvc.com,https://www.linkedin.com/in/farahanchi/,
,,,,firstminute.capital,min@firstminute.capital,https://www.linkedin.com/in/min-nolan-282796b3,
Sarah,,,,belcham.org,sarah@belcham.org,https://www.linkedin.com/in/sarahefriedman/,
Lily,,,,pear.vc,lily@pear.vc,https://www.linkedin.com/in/lily-johnson-73b71285/,
,,,,rosecliff.com,battistin@rosecliff.com,https://www.linkedin.com/in/tessabattistin,
Brandon,,,,fintechaustralia.org.au,brandon@fintechaustralia.org.au,,
Dave,,,,rockiesventureclub.org,dave@rockiesventureclub.org,https://www.linkedin.com/in/daveharris5280/,
Patrick,,,,launchcapital.com,patrick@launchcapital.com,https://www.linkedin.com/in/patrick-casey-22a89465/,TRUE
Yoni,,,,tusk.vc,yoni@tusk.vc,https://www.linkedin.com/in/yrechtman/,
Malia,,,,amplifypartners.com,malia@amplifypartners.com,https://www.linkedin.com/in/malia-powers-95009442/,
David,,,,tenoneten.net,david@tenoneten.net,https://www.linkedin.com/in/dwaxman/,
Thomas,,,,consensys.net,thomas.rush@consensys.net,https://www.linkedin.com/in/rushthomas/,
Elizabeth,,,,stripesgroup.com,elizabeth@stripesgroup.com,,
Michelle,,,,upwestlabs.com,michelle@upwestlabs.com,https://www.linkedin.com/in/katiekoyfman/,TRUE
Robbie,,,,cultivateteam.org,robbie@cultivateteam.org,https://www.linkedin.com/in/robin-glass,
,,,,actvc.ie,aoneill@actvc.ie,https://www.linkedin.com/in/andrew-o-neill-312054151/?originalSubdomain=ie,
Zoe,,,,initialized.com,zoe@initialized.com,https://www.linkedin.com/in/zoe-perret-00396299,
Beth,,,,homebrew.co,beth@homebrew.co,https://www.linkedin.com/in/bethscheer/,
,,,,schmidtmarine.org,jhanft@schmidtmarine.org,https://www.linkedin.com/in/jake-hanft-29097566/,
Tony,,,,lool.vc,tony.saigh@lool.vc,https://www.linkedin.com/in/tonysaigh,
,,,,24haymarket.com,sruthi@24haymarket.com,https://www.linkedin.com/in/sruthisrinivasan3/?originalSubdomain=uk,TRUE
Aaron,,,,firstmilevc.com,aaron@firstmilevc.com,https://www.linkedin.com/in/aaronstachel/,
Molly,,,,freestyle.vc,molly@freestyle.vc,https://www.linkedin.com/in/mollyanawalt/,
,,,,alpinesg.com,skeast@alpinesg.com,https://www.linkedin.com/in/simonkeast/,
Justin,,,,evp.com.au,justin@evp.com.au,https://www.linkedin.com/in/justinlipman/,
,,,,centerstateceo.com,bsio@centerstateceo.com,https://www.linkedin.com/in/ben-sio-015a12a/,
,,,,oxfordsciences.com,rthomas@oxfordsciences.com,https://www.linkedin.com/in/rosiemthomas,
Olivia,,,,joinef.com,olivia@joinef.com,https://www.linkedin.com/in/oliviastamp/,TRUE
Omri,,,,masschallenge.org,omri@masschallenge.org,https://www.linkedin.com/in/omribaumer/,
,,,,gradient.com,jaapruoff@gradient.com,https://www.linkedin.com/in/jaapruoff/,
Jake,,,,revel.vc,jake@revel.vc,https://www.linkedin.com/in/jakekupperman/,
Daniel,,,,nfx.com,daniel@nfx.com,https://www.linkedin.com/in/djmorris/,
,,,,edisonpartners.com,llamanna@edisonpartners.com,https://www.linkedin.com/in/laceyhull/,
Clara,,,,urbaninnovationfund.com,clara@urbaninnovationfund.com,https://www.linkedin.com/in/clara-brenner-10824828/,
Justus,,,,spacecapital.com,justus@spacecapital.com,https://www.linkedin.com/in/justuskilian/,
Kim,,,,glynncapital.com,kim@glynncapital.com,https://www.linkedin.com/in/kimberlyjmoore/,
Pax,,,,xrclabs.com,pax@xrclabs.com,https://www.linkedin.com/in/paxanthos/,
James,,,,energyimpactpartners.com,james@energyimpactpartners.com,https://www.linkedin.com/in/james-schulte-605a75b/,TRUE
Mo,,,,firstascent.vc,mo@firstascent.vc,https://www.linkedin.com/in/mobazazi/?originalSubdomain=ca,
Sebastien,,,,axavp.com,sebastien@axavp.com,https://www.linkedin.com/in/loubrysebastien,
,,,,omidyar.com,esimmons@omidyar.com,https://www.linkedin.com/in/erin-simmons-a195b167/,TRUE
Brittany,,,,manauphawaii.com,brittany@manauphawaii.com,https://www.linkedin.com/in/brittanyheyd/,
Alex,,,,eightroads.com,alex.prescot@eightroads.com,https://www.linkedin.com/in/alexandra-prescot-68362757/,
Mike,,,,fullstackpeo.com,mike.kelly@fullstackpeo.com,https://www.linkedin.com/in/michaeldkelly/,
,,,,fulcrumep.com,pf@fulcrumep.com,https://www.linkedin.com/in/fpeterfranconi,
ysamet,,,,stageonevc.com,ysamet@stageonevc.com,https://www.linkedin.com/in/ysamet/,
Jamie,,,,bowcapital.com,jamie@bowcapital.com,https://www.linkedin.com/in/jamie-rodota-83870614/,TRUE
Jonathan,,,,s3vc.com,jonathan@s3vc.com,https://www.linkedin.com/in/jonathansfine/,
,,,,nyca.com,nkonduru@nyca.com,https://www.linkedin.com/in/nikil-konduru/,
,,,,sightwaycapital.com,tbrazill@sightwaycapital.com,https://www.linkedin.com/in/georgebrazill/,
Kristin,,,,quona.com,kristin@quona.com,https://www.linkedin.com/in/kristin-sadler-22995879/,
Anthony,,,,uncharted.org,anthony@uncharted.org,https://www.linkedin.com/in/anthonyverducci/,
Scott,,,,lacventures.com,scott@lacventures.com,https://www.linkedin.com/in/bernsteinscott/,TRUE
Tim,,,,beepartners.vc,tim@beepartners.vc,https://www.linkedin.com/in/timsmith/,
Gye,,,,ylventures.com,gye@ylventures.com,https://www.linkedin.com/in/gye-cohen-7a1277171/?originalSubdomain=il,
Hannah,,,,company.co,hannah@company.co,https://www.linkedin.com/in/hannahpshore/,
Justus,,,,spaceangels.com,justus@spaceangels.com,https://www.linkedin.com/in/justuskilian/,
Judith,,,,otiumventure.com,judithtripard@otiumventure.com,,
Todd,,,,zettavp.com,todd@zettavp.com,https://www.linkedin.com/in/todd-wertheimer-112027147/,
Joanna,,,,innovationnest.com,joanna.trojanska@innovationnest.com,https://www.linkedin.com/in/joanna-troja%C5%84ska-42569339/?originalSubdomain=pl,
Nick,,,,crosscut.vc,nick@crosscut.vc,https://www.linkedin.com/in/nickbkim/,
Jackie,,,,hydeparkvp.com,jackie@hydeparkvp.com,https://www.linkedin.com/in/jdimonte/,
Jay,,,,brandproject.com,jay@brandproject.com,https://www.linkedin.com/in/jaybhatti/,
,,,,aet.fund,alcus@aet.fund,,
Zach,,,,drivecapital.com,zach@drivecapital.com,https://www.linkedin.com/in/zachboerger/,
Brian,,,,tribecavp.com,brian@tribecavp.com,https://www.linkedin.com/in/brianhirsch/,
Marianne,,,,goldenvp.com,marianne@goldenvp.com,https://www.linkedin.com/in/mariannebulger/,TRUE
Jessica,,,,bowerycap.com,jessica.bernido@bowerycap.com,https://www.linkedin.com/in/jessicabernido/,
,,,,insightpartners.com,jsigman@insightpartners.com,https://www.linkedin.com/in/jennasigman/,
,,,,notion.vc,jtaylor@notion.vc,https://www.linkedin.com/in/jordan-james-taylor/?originalSubdomain=au,TRUE
Lena,,,,javelinvp.com,lena@javelinvp.com,https://www.linkedin.com/in/lenavayn/,
Vince,,,,initialized.com,vince@initialized.com,https://www.linkedin.com/in/chuvincent/,TRUE
Natalie,,,,luxcapital.com,natalie.candela@luxcapital.com,https://www.linkedin.com/in/natalie-diana-candela-48285342/,TRUE
Minna,,,,kickstartfund.com,minna@kickstartfund.com,https://www.linkedin.com/in/minnawang/,TRUE
,,,,are.com,cjones@are.com,https://www.linkedin.com/in/conleyrjones/,
Mike,,,,mseq.vc,mike.nicholls@mseq.vc,https://www.linkedin.com/in/mikenicholls/,
Liz,,,,kindredcapital.vc,liz@kindredcapital.vc,https://www.linkedin.com/in/elizabethbroderick/,
