Name,Company,Email,LinkedIn URL
Komal,Zoom.ai,komal@zoom.ai,https://www.linkedin.com/in/komalsalvi/
Paul,Zoom,paul@zoom.ai,https://www.linkedin.com/in/paulfrancessimpson/
Matas,Zoom,matas@zoom.ai,https://www.linkedin.com/in/msriubiskis/
Anita Chauhan,Zoom,anita@crescendowork.com,https://www.linkedin.com/in/anitachauhan/
Sonam Ringpa,Wealthsimple,sonam@wealthsimple.com,https://www.linkedin.com/in/sonampringpa/
Chris Baran,Wealthsimple,christian@wealthsimple.com,https://www.linkedin.com/in/christian-baran-641683135/?originalSubdomain=ca
Eric Akaoka,Wealthsimple,eakaoka@wealthsimple.com,https://www.linkedin.com/in/akaoka/
Gregory Ward,Wealthsimple,gward@wealthsimple.com,https://www.linkedin.com/in/grward/
Leen,Wealthsimple,leen@wealthsimple.com,https://www.linkedin.com/in/leenli/
Rania,Wealthsimple,ratabani@wealthsimple.com,https://www.linkedin.com/in/raniaeatabani/
Lianne,Wealthsimple,lvineberg@wealthsimple.com,https://www.linkedin.com/in/vineberg/
Barb Allen,Wealthsimple,barb@shareowner.com,https://www.linkedin.com/in/barb-allen-07025822/
Priom,Wealthsimple,pmahbub@wealthsimple.com,https://www.linkedin.com/in/mahbubpriom/
Marina Ho,Universe,marina.ho@universe.com,https://www.linkedin.com/in/ohaniram/
Kristen Singh,Universe,kristen.singh@universe.com,https://www.linkedin.com/in/kristen-singh-2947ab106/?originalSubdomain=ca
Irfan,Universe,irfan.ebrahim@universe.com,https://www.linkedin.com/in/irfane/?originalSubdomain=ca
Adriel Arsenault,Universe,adriel.arsenault@universe.com,https://www.linkedin.com/in/adrielarsenault/
Kyle,Universe,kyle.white@universe.com,https://www.linkedin.com/in/kylegwhite/
DJ,Universe,david.patterson@universe.com,https://www.linkedin.com/in/davidpatters0n/?originalSubdomain=ca
Anieli Ruiz,Universe,anieli.ruiz@universe.com,https://www.linkedin.com/in/anieli/
,,,
,,,
,,,
,,,
,,,
,,,
,,,
,,,
,,,
,,,
,,,
,,,
,,,
,,,
,,,
,,,
,,,
,,,
,,,
,,,
,,,
,,,
,,,
,,,
,,,
,,,
,,,
,,,
,,,
,,,
,,,
,,,
,,,
,,,
,,,
,,,
,,,
,,,
,,,
,,,
,,,
,,,
,,,
,,,
,,,
,,,
,,,
,,,
,,,
,,,
,,,
,,,
,,,
,,,
,,,
,,,
,,,
,,,
,,,
,,,
,,,
,,,
,,,
,,,
,,,
,,,
,,,
,,,
,,,
,,,
,,,
,,,
,,,
,,,
,,,
,,,
,,,
,,,
,,,
,,,
,,,
,,,
,,,
,,,
,,,
,,,
,,,
,,,
,,,
,,,
,,,
,,,
,,,
,,,
,,,
,,,
,,,
,,,
,,,
,,,
,,,
,,,
,,,
,,,
,,,
,,,
,,,
,,,
,,,
,,,
,,,
,,,
,,,
,,,
,,,
,,,
,,,
,,,
,,,
,,erika@sweetiq.com,https://www.linkedin.com/in/erika-marcelo-7a356a55/?originalSubdomain=ca
,,alix@sweetiq.com,
Adrienne Barnard,,adrienne.barnard@asics.com,https://www.linkedin.com/in/adrienne-barnard-a82aab1/
Dean Delpeache,,dean.delpeache@fiixsoftware.com,https://www.linkedin.com/in/deandelpeache/?trk=pub-pbmap&originalSubdomain=ca
,,dhamill@miovision.com,
,,anicia@looker.com,https://www.linkedin.com/in/aniciasantos/
,,catherin@getinkbox.com,
,,chelsea.rogers@techstars.com,
