clientContactID,contactDataID,Email,Full Name,First Name,Last Name,LinkedIn URL from QA,"Title
from CRM","Title
from ProxyCrawl","Title
manually gotten for import to contactData",Final Title,"Company
from CRM","Company
from ProxyCrawl","Company
manually gotten for import to contactData",Final Company,Job Changed?,Job Changed?,Enriched Data Changed?,QA gave wrong URL,Correct LinkedIn URL,LinkedIn URL Final,LinkedIn URL in CRM
00Vd4rK0Pw7FSTDaSYL1,ehsnqTgE3wV7FcQG1fLn,larissa.quinn@kdrp.com,Larissa Quinn,Larissa,Quinn,,,,,"VP, Marketing & Strategy, Away from Home",,,,Keurig Dr Pepper Inc.,,,,,,https://www.linkedin.com/in/larissa-quinn-47661515,
0Gqh3UgQdy4S0K6RmDKF,qVqphwfvwNjjVmODiP2A,kinsella@247laundryservice.com,Paul Kinsella,Paul,Kinsella,,,,,Director,,,,Laundry Service,,,,,,https://www.linkedin.com/in/paulckinsella,
0SKpahA3O5T6AsnetTM6,JHQK1CDdDXikYtV1o6d5,jane.kober@dovercorporation.com,Jane Kober,Jane,Kober,,,,,,,,,,,,,,,https://www.linkedin.com/in/janekober,
0lS6Zvcvji7uxy7D0bPG,hUJKoQzPvL5WvsXJ6nWa,paul.goldman@regalbeloit.com,Paul Goldman,Paul,Goldman,,,,,VP Marketing and Communications,,,,Regal Beloit,,,,,,https://www.linkedin.com/in/paul-goldman-60b19830,
0sq3Gtwrdxts8UlX0oPy,QgPcQpXwG13CaCAZmJXC,jschmidt@healthy.kaiserpermanente.org,Julia Schmidt,Julia,Schmidt,,,,,"Director Of Strategic Partnerships, Sports Marketing",,,,Kaiser Permanente,,,,,,https://www.linkedin.com/in/julia-schmidt-5810207,
0txrWvH9ZYL9qMMWATd3,5Ec4fty4GxyMZ6uuKAPi,gabriel.london@apeelsciences.com,Gabriel London,Gabriel,London,,,,,Partner/Creative Director,,,,Found Object,,,,,,https://www.linkedin.com/in/gabriellondon,
15qZX0hCwhwkuNkLyxOq,1s25Z0p0hmRv44M3hGph,bryan.brignac@chsinc.com,Bryan Brignac,Bryan,Brignac,,,,,"Director, Marketing: Corporate and Cenex brand advertising, corporate branding & digital strategy",,,,CHS,,,,,,https://www.linkedin.com/in/bryan-brignac-2625797,
1FePUS2wwbCgetUn9CRT,AcTnNdvQ3jg7m8ACVWuY,michaelfinegan@orthofix.com,Michael Finegan,Michael,Finegan,,,,,General Management,,,,Orthofix,,,,,,https://www.linkedin.com/in/michael-finegan-6ba23b9,
1L0KlcBQ5ujioBDewRC7,HrE32IQjblQ0eFH3qXmw,jessica.reiter@ejgallo.com,Jessica Reiter,Jessica,Reiter,,,,,"Director, Brand Marketing Insights & Strategy",,,,E. & J. Gallo Winery,,,,,,https://www.linkedin.com/in/jessicareiter,
1VqzMraGvVYiC4Jid0z5,WpHaogrvMMgvdUJ3IoUa,dduffy@gp.com,Dylan Duffy,Dylan,Duffy,,,,,Director of Strategy & Business Development,,,,Georgia-Pacific LLC,,,,,,https://www.linkedin.com/in/dylan-duffy-1a810941,
1XdftFu8u0KPqsloGjzJ,0rPyPCmaXCBIp9r8foJk,k.thomas@elitechgroup.com,Kent Thomas,Kent,Thomas,,,,,Vice President Sales and Marketing,,,,"Elitech Biomedical Systems, Logan, Utah",,,,,,https://www.linkedin.com/in/kent-thomas-4116348,
1lcDyu6gdNZ6PzZaS89B,OovI4PbfVOnYYhnzIEuK,tim.albers@nidec-motor.com,Tim Albers,Tim,Albers,,,,,Director of Marketing and Product Management,,,,Nidec Motor Corporation,,,,,,https://www.linkedin.com/in/tim-albers-6574034,
1zMrVhsnMQF7yRj00itK,Lo2iLeTYFF9vAmzRSZ74,vincent_guercio@pall.com,Vincent Guercio,Vincent,Guercio,,,,,Sr. Director Strategy & Business Development,,,,Pall Corporation,,,,,,https://www.linkedin.com/in/vincent-guercio-a865688,
1zeCvrb4Z4QRo7taSPT4,C8f7RWXdVqrJ9kXV46we,kreid@promoworks.com,Karen Reid,Karen,Reid,,,,,,,,,,,,,,,https://www.linkedin.com/in/karen-reid-4a02595,
2FBWuH43oaQDwocv1iJ0,eXW3UQgj25flnOWEs8yL,bharrison@hoshizaki.com,Barbara Harrison,Barbara,Harrison,,,,,Director Of Marketing And Business Development,,,,Hoshizaki America,,,,,,https://www.linkedin.com/in/barbara-harrison-390a1214,
2FV1IXybFD8X7VRiKhYb,pkEeEcCG2WkYmXGzAq9g,mmahida9@gmail.com,Megha Mahida,Megha,Mahida,,,,,"Director, Strategic Partnerships & Network Development",,,,UCSF Medical Center,,,,,,https://www.linkedin.com/in/meghamahida,
2IPszC9WalWteSXXWXk0,FVeW6S6fnRS5YyNjShPb,karen.sommer@jci.com,Karen Sommer,Karen,Sommer,,,,,Director; Strategic Marketing - Channels,,,,Johnson Controls,,,,,,https://www.linkedin.com/in/karen-sommer-9a56a27,
2RgX4C5AP85MisUNeKTq,JMugl48RHRmXWq5l5HJw,tim.donovan@microchip.com,Tim Donovan,Tim,Donovan,,,,,Director Business Operations / Strategic Marketing,,,,Microchip Technology Inc.,,,,,,https://www.linkedin.com/in/timjdonovan,
2U7lXdH05qJ0nCE7TLvf,iaI4S7jAWW3uNToKdK2n,elizabeth.horvath@kerry.com,Elizabeth Horvath,Elizabeth,Horvath,,,,,Strategic Marketing Director,,,,Kerry,,,,,,https://www.linkedin.com/in/elizabeth-horvath-177a123a,
2aPYTmvWruojCGpSG3AQ,BLEHNPOeTtmvw5R2YxP4,diane.allemang@fmc.com,Diane Allemang,Diane,Allemang,,,,,Vice President and Chief Marketing Officer,,,,FMC Corporation,,,,,,https://www.linkedin.com/in/diane-allemang-5002a552,
2gGyaT7WKaTCKSlBDCJ7,Iwox6wMODTVqyTv2v8px,john.spain@jmsmucker.com,John Spain,John,Spain,,,,,Director of Marketing,,,,The J.M. Smucker Company,,,,,,https://www.linkedin.com/in/jspain,
2h0QehsqCjTvbhl1GPcW,XQomIesCFWOSmuDZJcAy,gweyhausen@hoshizaki.com,Gary Weyhausen,Gary,Weyhausen,,,,,VP Sales & Marketing,,,,Hoshizaki America,,,,,,https://www.linkedin.com/in/gary-weyhausen-9698b217,
2lohisGFHDudjQhAMlGG,Os3MUSOZnrv3jgcVfbSn,kjackson@coca-cola.com,Kaitlin Jackson,Kaitlin,Jackson,,,,,"Director, On Premise Channel Strategy and Marketing",,,,The Coca-Cola Company,,,,,,https://www.linkedin.com/in/kaitlin-jackson-a4712a12,
3L0hyVC0iu5NfunVFQvs,Ued4emj7rwlIcB1loiIM,rachel.ferdinando@pepsico.comcopied,Rachel Ferdinando,Rachel,Ferdinando,,,,,Senior Vice President and Chief Marketing Officer,,,,PepsiCo,,,,,,https://www.linkedin.com/in/rachel-ferdinando-5540561,
3OhVOqqTLPn5fCaZ8AH0,ViZj9SeOJVAs0339bY09,anne.jenkins@kimberly-clark.com,Anne Jenkins,Anne,Jenkins,,,,,Director of Strategy and Capabilities,,,,Kimberly-Clark,,,,,,https://www.linkedin.com/in/anne-jenkins-84aa5310,
3glbchO0VaF0wNCFSP60,vrJFo9FhrjzZzMm8u2I5,michael_mesawich@pall.com,Michael Mesawich,Michael,Mesawich,,,,,VP Marketing,,,,Pall Corporation,,,,,,https://www.linkedin.com/in/michael-mesawich-b9a9ba22,
44NzO8ibaj5Nu8wt3nIV,Srs688MJAIuNpRpkCNGU,abender@snyderslance.com,Andrew Bender,Andrew,Bender,,,,,Senior Director of Corporate Strategy,,,,"Snyder's-Lance, Inc.",,,,,,https://www.linkedin.com/in/andrew-bender-15194711,
4IZKlVc4PurG3EQDZBwJ,5vUFuW2MXZ07sqrMI9GK,rwaligunda@knoll.com,Robert Waligunda,Robert,Waligunda,,,,,Vice President Marketing,,,,Knoll,,,,,,https://www.linkedin.com/in/robert-waligunda-25649b28,
4NWxx0XmNVabtXnFR4oR,pGqYdoXOKew8lJpUOdKg,ani.jayanth@hobartservice.com,Ani Jayanth,Ani,Jayanth,,,,,Director of Sales & Marketing,,,,Hobart Service,,,,,,https://www.linkedin.com/in/ani-jayanth-8916b938,
4cYO8ESSXOdh2jw4g7Qw,5HkSdOixMs2ePpEffKAh,jrosenberg@honest.com,Jennifer Rosenberg,Jennifer,Rosenberg,,,,,"Vice President, Marketing Communications",,,,The Honest Company,,,,,,https://www.linkedin.com/in/jenniferkroogrosenberg,
4t4pDQ0rVJOmo0nr4Fw7,QUVMrpKn94wy1ez9Vfr6,agarcia@marsint.com,Art Garcia,Art,Garcia,,,,,VP Sales & Marketing,,,,"Mars International, Inc.",,,,,,https://www.linkedin.com/in/art-garcia-1839849,
4uRdEd4JyA96HFnfZ4Uw,4xyJONMyyrHV43QM1BYr,kschneringer@waxie.com,Keith Schneringer,Keith,Schneringer,,,,,Director of Channel Marketing + Sustainability,,,,WAXIE Sanitary Supply,,,,,,https://www.linkedin.com/in/keith-schneringer-4bb0515,
58MKwX5A69OU4GyUCJZf,XxjNjcHajAMMiQNzPbXE,tamimerica@yahoo.com,Tami Merica,Tami,Merica,,,,,"Senior Director, Field Marketing & Event Operations",,,,Norwex,,,,,,https://www.linkedin.com/in/tamimerica,
5IifrfNidKFSAuw6eLVv,Oo5xka6mjKCdC6aKWCQT,carlos.anguizola@darigold.com,Carlos Anguizola,Carlos,Anguizola,,,,,Director of Marketing & Innovation,,,,Darigold,,,,,,https://www.linkedin.com/in/carlos-anguizola,
5LEHlkWQBsKofqK8oRaA,BhAklSvExTo0z16U5daM,corrie.mueller@rb.com,Corrie Mueller,Corrie,Mueller,,,,,,,,,,,,,,,https://www.linkedin.com/in/corrie-mueller-90a12a1,
5VrTTKKTKTAjCMzEK3Pr,BeRZvvRoHszENvvv6yWi,ali.brown@jmsmucker.com,Ali Brown,Ali,Brown,,,,,Marketing Director,,,,The J.M. Smucker Company,,,,,,https://www.linkedin.com/in/ali-brown-8b2bb432,
5lnjv6sMgXVb6yOZY6tl,qEXUtdX3vsmnnlybL5KF,alberto.cajiga@essity.com,Alberto Cajiga,Alberto,Cajiga,,,,,"Vice President Global Marketing, Professional Hygiene",,,,Essity,,,,,,https://www.linkedin.com/in/alberto-cajiga-a9b38245,
5rSdV85RBPUpd9pwPUUr,ypnUWxKiYyPIC1bY4ksn,pscott@petsmart.com,Patrick Scott,Patrick,Scott,,,,,Director of Marketing,,,,PetSmart,,,,,,https://www.linkedin.com/in/pcscott,
5t52YhDwvmJ9tNnBNbcF,j1H0DDzY7QRW4eGPq757,bunger@amagpharma.com,Brian Unger,Brian,Unger,,,,,"Executive Director, Head of Marketing, US Hematology-Oncology",,,,AMAG Pharmaceuticals,,,,,,https://www.linkedin.com/in/briancunger,
5xHWS3odLaSYZhWAxE9q,xhZ0LHJhCTJRwqLLllx5,mdomaschofsky@chg.com,Matt Domaschofsky,Matt,Domaschofsky,,,,,"Sr, Director of Marketing",,,,"C.H. Guenther & Son, Inc.",,,,,,https://www.linkedin.com/in/matt-matt-domaschofsky-2267b732,
5yhUAnNcg2yrguYY1eKj,We8ntWOyiteW45RXTLwJ,flavio.piwowarczyk@jci.com,Flavio Piwowarczyk,Flavio,Piwowarczyk,,,,,"Director, Strategy and Business Transformation",,,,Johnson Controls,,,,,,https://www.linkedin.com/in/flavio-piwowarczyk-a4b213,
5yhUeQqWsToieMp8kRWD,NCfbvZ1oYRtSMy49M2m2,dilini.fernando@molsoncoors.com,Dilini Fernando,Dilini,Fernando,,,,,Chief of Staff to the CMO,,,,Molson Coors Beverage Company,,,,,,https://www.linkedin.com/in/dilinifernando,
60UsEkn9mv8yKLq4owC7,5ag2933z8KojfvQxOKXi,gingras.carissa@basco.com,Carissa Gingras,Carissa,Gingras,,,,,,,,,,,,,,,https://www.linkedin.com/in/carissagingras,
637iw8MGuv2exeCV9im7,cV0pvCepi3SrdkCRCjp8,jed.hwang@wonderful.com,Jed Hwang,Jed,Hwang,,,,,Director of Strategy,,,,The Wonderful Company,,,,,,https://www.linkedin.com/in/jedhwang,
6GyGyUfvF6Glt5IUiycf,EI5an68QIbSu0meatMxd,tnewlin@flexsteel.com,Timothy Newlin,Timothy,Newlin,,,,,Vice President Marketing and Product Management,,,,Flexsteel Industries Inc.,,,,,,https://www.linkedin.com/in/timothy-newlin-693260179,
6H89omaxuy8ADGDeRIay,WeT0I5D8SGirY9Cw1vwb,dhamuthamodaran@smithfieldfoods.com,Dhamu Thamodaran,Dhamu,Thamodaran,,,,,"EVP, Chief Strategy Officer and Chief hedging Officer",,,,Smithfield,,,,,,https://www.linkedin.com/in/dhamu-thamodaran-473b145b,
6QxtspVDpMUbCnZ8vZu4,ZMr6SmzugINNrYzJ0eA6,joyce.chen@ejgallo.com,Joyce Chen,Joyce,Chen,,,,,Marketing Director,,,,E. & J. Gallo Winery,,,,,,https://www.linkedin.com/in/jchensquared,
6TWw8vRVc1U7EQhcg7a1,zAA5qVIbgZwhmq1VebaL,jakin@neurocrine.com,Jeffrey Akin,Jeffrey,Akin,,,,,,,,,,,,,,,https://www.linkedin.com/in/jeffrey-akin-04b4642,
6VW1Fc8ifSJE5YM3Gtct,stbGAssbndGbhCicucyx,nathalia.jewell@fmc.com,Nathalia Jewell,Nathalia,Jewell,,,,,"Director, Corporate Strategy and Development",,,,FMC Corporation,,,,,,https://www.linkedin.com/in/nathaliaarruda,
6bHbfNLZw0KNca4P6wSg,L9APi7crVEPFpBcXY9Cm,nblessinger@ofs.com,Nick Blessinger,Nick,Blessinger,,,,,VP Marketing,,,,OFS,,,,,,https://www.linkedin.com/in/nickblessinger,
6hCiYiwLdwUNSBa0xqxd,rdlKW7XxDtxj32dzqF8n,garrett.gulish@ge.com,Garrett Gulish,Garrett,Gulish,,,,,Regional Marketing Director North America,,,,GE Power,,,,,,https://www.linkedin.com/in/garrettgulish,
6uPPHy0n8vI4mtcnbt91,XSWIZQzuznDtX726GMTU,michaelbaughman@smithfieldfoods.com,Michael Baughman,Michael,Baughman,,,,,Senior Director Of Marketing,,,,McCain Foods,,,,,,https://www.linkedin.com/in/michael-baughman-28337b3,
6wShOVQwhQm2wTEbSpn9,yKF1wzo8ndDG5KRuemHo,bob.clark@herrs.com,Bob Clark,Bob,Clark,,,,,VP of Marketing,,,,Herr Foods Inc.,,,,,,https://www.linkedin.com/in/robertclark11,
70hTm133K8Y0v4Ma6VG4,Ey3RnjBycXln4wqoo6v9,timothy_straker@hermanmiller.com,Timothy Straker,Timothy,Straker,,,,,Chief Marketing Officer,,,,Herman Miller,,,,,,https://www.linkedin.com/in/timothy-straker-77015218,
76VYGKAaDM7KVXNuqLAy,ZJByqMHKFgeae8s0WEk8,mikho@247laundryservice.com,Mike Mikho,Mike,Mikho,,,,,Chief Marketing Officer,,,,Laundry Service,,,,,,https://www.linkedin.com/in/mikemikho,
7GLluvRgz7Qy14KmZElQ,3BqB8imTyFf1dza3cUvD,alex.beauchamp@apeelsciences.com,Alex Beauchamp,Alex,Beauchamp,,,,,Director of Consumer Marketing,,,,Apeel Sciences,,,,,,https://www.linkedin.com/in/alexbeauchamp,
7KuO8c0DNNQd7UgAJv7A,LmvuDUpAm7EYkD8oE0TW,minz33@gmail.com,Min Zhu,Min,Zhu,,,,,Executive Director Strategy,,,,UCSF Medical Center,,,,,,https://www.linkedin.com/in/minminz,
7WmVLDMYwOajwRMAogyh,1TA20FQadtzNG6YxO7Bk,greg.pahl@la-z-boy.com,Greg Pahl,Greg,Pahl,,,,,"Director, Channel Marketing",,,,La-Z-Boy,,,,,,https://www.linkedin.com/in/greg-pahl-a0878a6,
86JabgKaYR9CcJKfj2cW,ExqtogRXxDGz1sMM86sp,gabriele_amtmann@thecloroxcompany.com,Gabriele Amtmann,Gabriele,Amtmann,,,,,Director of Marketing - Clorox Cleaning,,,,The Clorox Company,,,,,,https://www.linkedin.com/in/gabriele-amtmann-7181779,
Zl1QrUffUuyOegXRxlCS,ExqtogRXxDGz1sMM86sp,gabriele_amtmann@thecloroxcompany.com,Gabriele Amtmann,Gabriele,Amtmann,,,,,Director of Marketing - Clorox Cleaning,,,,The Clorox Company,,,,,,https://www.linkedin.com/in/gabriele-amtmann-7181779,
88CCbz2RzAO6zhxsbmqg,oB4L60uLarDBA4JEan2j,kristina.radek@lifefitness.com,Kristina Radek,Kristina,Radek,,,,,"Vice President, Global Marketing",,,,Life Fitness,,,,,,https://www.linkedin.com/in/kristina-radek-0a50718a,
8fnabgssKWBj7tljM3Mt,EQWharlgAlvImZH34j0Q,melissa@campbellsoupcompany.com,Melissa Price,Melissa,Price,,,,,Director of Marketing,,,,Campbell Soup Company,,,,,,https://www.linkedin.com/in/melissa-price-7879146,
8geO9KbQh7bkmAlkUFVK,Q39tDZ1Tj990JASSAxSM,lisa.brown@okstate.edu,Lisa Scebbi,Lisa,Scebbi,,,,,Director of Marketing,,,,JBS USA,,,,,,https://www.linkedin.com/in/lisascebbi001,
8n7T6rk8UqcUpPeT9PDn,u2rtdzB83R8WfV5vpwzP,ray.smith@danaher.com,Ray Smith,Ray,Smith,,,,,Account Manager,,,,Danaher Corporation,,,,,,https://www.linkedin.com/in/newfoundlake,
8nt1rQWbnL97H4nqxZVN,u4cmvDx56kKWLigSUnpi,tbestrom@steelcase.com,Tom Bestrom,Tom,Bestrom,,,,,"Director, Channel Strategy and Alignment",,,,Steelcase,,,,,,https://www.linkedin.com/in/tom-bestrom-4956898,
8swIIhF0Z90HmEBttJv2,CrMUXpF3Hf9fmLZaNN1K,jason.osborn@wonderful.com,Jason Osborn,Jason,Osborn,,,,,Director of Marketing,,,,The Wonderful Company,,,,,,https://www.linkedin.com/in/njasonosborn,
8vhzT7j2pDnE8w0bXhgw,elm2grRN0NRJJyj4d7S1,drew_geiger@bose.com,Drew Geiger,Drew,Geiger,,,,,V.P. Marketing,,,,Bose Corporation,,,,,,https://www.linkedin.com/in/drew-geiger-ab92aa15,
8xGyyc9WvTPU1QGMMXkC,1DXYZxeVGflN6TlgHdch,tony.adamson@hobartservice.com,Tony Adamson,Tony,Adamson,,,,,Vice President Sales and Marketing,,,,"Hobart Service, a Division of ITW Food Equipment Group",,,,,,https://www.linkedin.com/in/tony-adamson-b9406815,
8yaoeRkfZty5F0fNdh18,LP1XyTM7FMMJHG2yj49Q,acadora2003@yahoo.com,Amy Cadora,Amy,Cadora,,,,,Global Chief Marketing Officer,,,,Norwex USA,,,,,,https://www.linkedin.com/in/amy-cadora-6b08014,
933cqfOZeMoSNkfY6sT6,xTPJSxiOrmQmPJNrUqtr,jamal.kibria@parpharm.com,Jamal Kibri,Jamal,Kibri,,,,,Director-strategic Sourcing,,,,Par Pharmaceutical,,,,,,https://www.linkedin.com/in/jamal-kibria-589040b4,
99sbV1hpmxoHwWRuXq0F,GQqgDPoIuKGtniNLcHRZ,elizabeth.pond@fluenceenergy.com,Elizabeth Pond,Elizabeth,Pond,,,,,Global Marketing Director at Fluence - A Siemens and AES Company,,,,Fluence,,,,,,https://www.linkedin.com/in/elizabethpond/,
9KZTAuBYfw7B2zmVsoJA,rB68JdmFQ75jourDXO4k,keith.pazul@microchip.com,Keith Pazul,Keith,Pazul,,,,,Director of Marketing,,,,Microchip Technology Inc.,,,,,,https://www.linkedin.com/in/keithpazul,
9SsoHovObrgUatgh87Az,vbdlFl32PjWeYJZgoycU,tom.bergin@essity.com,Tom Bergin,Tom,Bergin,,,,,,,,,,,,,,,https://www.linkedin.com/in/tom-bergin-0699382,
9StSvJVCG3gVQL408hMJ,06rfyIFnDnLg2vrsZwem,mark.skeba@generalmills.com,Mark Skeba,Mark,Skeba,,,,,Marketing Consultant,,,,General Mills,,,,,,https://www.linkedin.com/in/mark-skeba-92ab29b,
9U5X0VLbWchvidlyxFQT,pwYjrEcRAwQSRT73SnY6,peter.seidita@jmsmucker.com,Peter Seidita,Peter,Seidita,,,,,Director Category Strategy,,,,The J.M. Smucker Company/Ainsworth Pet Nutrition,,,,,,https://www.linkedin.com/in/peter-seidita-3a00496,
9UwKhnf8rV76t6ixqY4Y,xlYwhe2AWx9g7RXcchPM,britt.beck@wonderful.com,Britt Beck,Britt,Beck,,,,,,,,,,,,,,,https://www.linkedin.com/in/britt-beck-5911879,
9gjByifiYjiUuVHAjqtc,N2WjWd7MLwytokzMVR1d,pdevine@nicepak.com,Priscilla Devine,Priscilla,Devine,,,,,,,,,,,,,,,https://www.linkedin.com/in/priscilla-devine-a2a2211,
9kStkDkccYHZ6IhRyIin,mAsFUj9hLwMUCqiDtPFc,rhazard@waxie.com,Rick Hazard,Rick,Hazard,,,,,VP Marketing,,,,WAXIE Sanitary Supply,,,,,,https://www.linkedin.com/in/rick-hazard-9b994525,
9o7GL9nqAyn0ud9pLDJV,TPMz9hYM1F3KSfag1lVb,atorres42@gmail.com,Adriano Torres,Adriano,Torres,,,,,Senior Director Global Marketing,,,,The Coca-Cola Company,,,,,,https://www.linkedin.com/in/adriano-torres-30252414,
9thFd8lJmebM3Mt85LGL,eoF1PSVICNDVeTR7Wsg2,david.wright@bunge.com,David Wright,David,Wright,,,,,"Senior Director, Strategy & Valuation",,,,Bunge,,,,,,https://www.linkedin.com/in/nhlordave,
AHz74wb9J9XlqsqPvL0P,0eKatlhPBgBTiTX7TFO8,kelly.stephenson@kdrp.com,Kelly Stephenson,Kelly,Stephenson,,,,,Sr Director of Marketing,,,,Keurig Dr Pepper Inc.,,,,,,https://www.linkedin.com/in/kelly-stephenson-b710b55,
AK1WAxspYifAT8fxD8bW,xso2QaonkH6GST7pDEkY,michelle.boolton@kimballinternational.com,Michelle Boolton,Michelle,Boolton,,,,,"Director, A+D Strategy",,,,National Office Furniture,,,,,,https://www.linkedin.com/in/michelleboolton,
ANPpn6Zmp9JRU7RBRGtN,dmiHbXRRuhKlREJngZtc,kneil@steelcase.com,Ken Neil,Ken,Neil,,,,,"Global Director, Digital Marketing",,,,Steelcase,,,,,,https://www.linkedin.com/in/kenneil,
AQVwF5h7cdz82dDeQsT0,ORkPnlQs9IJiaCEPembe,angie.schuch@nationalofficefurniture,Angie Schuch,Angie,Schuch,,,,,Vice President of Marketing,,,,National Office Furniture,,,,,,https://www.linkedin.com/in/angie-schuch-3598b542,
ASSk9XKhrIDKBWWSWmu6,Koy1fMztRtCUdrUmu6Ss,jeffrey.puzas@gehealthcare.com,Jeffrey Puzas,Jeffrey,Puzas,,,,,,,,,,,,,,,https://www.linkedin.com/in/jeffrey-puzas,
AagB8oyXKJtJKRhLxIcJ,p9lztwx5NFauazkfsbLb,keri.moenssen@cummins.com,Keri Moenssen,Keri,Moenssen,,,,,,,,,,,,,,,https://www.linkedin.com/in/keri-moenssen-4612641,
Au8bjSkCyEApfwBClMYd,SFfKmWx0kcYf9bUNk0gv,ivan.pollard@generalmills.com,IVAN POLLARD,IVAN,POLLARD,,,,,"SVP, Global Chief Marketing Officer",,,,General Mills,,,,,,https://www.linkedin.com/in/ivan-pollard-372b158,
AuOb6fERPueN8ofIQD8F,mwF7vr2w2KJx9oOlPD74,rachel.ferdinando@pepsico.com,Rachel Ferdinando,Rachel,Ferdinando,,,,,Senior Vice President and Chief Marketing Officer,,,,PepsiCo,,,,,,https://www.linkedin.com/in/rachel-ferdinando-5540561,
B9G0NHaoWWVjPX670eVV,Qv9M67T78REuPaDCGqA8,ariddle@gp.com,Annique Riddle,Annique,Riddle,,,,,Director of Strategy,,,,Georgia-Pacific LLC,,,,,,https://www.linkedin.com/in/annique-riddle-31596b14,
BJ5SFqixTXI74Isbjuo5,I1Cj9uWsDB9E7ZiTnAIt,andrea.deleon@kao.com,Andrea DeLeon,Andrea,DeLeon,,,,,Sr. Director of Marketing,,,,Kao USA Inc.,,TRUE,,,,https://www.linkedin.com/in/andrea-deleon-522743b,
BcHVQ25xsHGIxxPs12nF,HWI2Safkk4R9u5IKo9DY,chris.roeder@ipaper.com,Chris Roeder,Chris,Roeder,,,,,"Director, Marketing & Product Management",,,,International Paper,,,,,,https://www.linkedin.com/in/chris-roeder-bb5a045,
C7s4eujJtFtsHWRbF3aH,ge3ELEb1t2wHjO8raiWh,mark.leach@res-group.com,Mark Leach,Mark,Leach,,,,,Chief Marketing Strategist,,,,Innate Marketing,,TRUE,,,,https://www.linkedin.com/in/courageouscreativity,
C9uupGjVTZ38MGQTsNe8,6z2SlcaHDp07oWmMjHJK,nathan.ladde@csmbakerysolutions.com,Nathan Ladde,Nathan,Ladde,,,,,Director of Corporate Development and Strategy,,,,CSM Bakery Solutions,,,,,,https://www.linkedin.com/in/nathan-ladde,
CHPWlwJXnsNNU4wa6OnJ,v98iAuCIIaJ0bJBRRhM8,martin@mondelezinternational.com,Martin Renaud,Martin,Renaud,,,,,,,,,,,,,,,https://www.linkedin.com/in/martin-renaud-7441b51,
CYPvr20a8PI3dCINAE7Q,09gec74m8qK5mrSu6d5V,inna.gruber@parpharm.com,Inna Gruber,Inna,Gruber,,,,,Senior Director Business Development & Strategy,,,,Par Pharmaceutical,,,,,,https://www.linkedin.com/in/inna-gruber-a71b0b10,
Ck4bCoIWE6fmFOwTBeKw,ICl45brHzSpiwV0NzSwQ,ryan_wittrock@pall.com,Ryan Wittrock,Ryan,Wittrock,,,,,Marketing Director,,,,Pall Corporation,,,,,,https://www.linkedin.com/in/wittrockryan,
CxnYuYCOclPRRGF4upwF,CHIRhY8RJjn3DlYXDLxf,jenfijian@healthy.kaiserpermanente.org,Jennifer Enfijian,Jennifer,Enfijian,,,,,Director Of Business Operations and Strategy,,,,Kaiser Permanente,,,,,,https://www.linkedin.com/in/jennifer-enfijian-b8137114,
Czj93wnQMWi2PGHVHGoR,tJy2cGEBON3ebiEin7xl,linda.boff@ge.com,Linda Boff,Linda,Boff,,,,,CMO,,,,GE,,,,,,https://www.linkedin.com/in/lindaboff,
DCJ7a87PQcfuJMfig2Cm,GkFYWt1m5Dtgsb15HP6W,simon.goldberg@abbott.com,Simon Goldberg,Simon,Goldberg,,,,,,,,,,,,,,,https://www.linkedin.com/in/simon-goldberg-925610,
DFdJNohtqBnGoEgxd0ou,pxMKEI3DSGj9bHRQZ0cM,ernesto.ahumada@wonderful.com,Ernesto Ahumada,Ernesto,Ahumada,,,,,Director of Strategy,,,,The Wonderful Company,,,,,,https://www.linkedin.com/in/ernesto-ahumada,
DcCQhliUz7woRF96WAnp,avYzgUhEFlstdk5OV7vK,jeffrey_jim@bd.com,Jeffrey Jim,Jeffrey,Jim,,,,,"Director - Global Strategic Planning & Marketing, Life Sciences Segment",,,,BD,,,,,,https://www.linkedin.com/in/jeffrey-jim-205a117,
DgXfTA04zrdKoJYMr47r,1gFVagaGByeICJipZ1IJ,george_parr@bd.com,George Parr,George,Parr,,,,,,,,,,,,,,,https://www.linkedin.com/in/georgeparr,
EIADFKUgWdQNH7xIFqqZ,BMdfZwDl45QzufSXp9MQ,cjames@knoll.com,Colleen James,Colleen,James,,,,,,,,,,,,,,,https://www.linkedin.com/in/colleen-james-6826b23,
EY3dN2mKFCdKrZeodRGR,7aX90qshZWO9Nmsuruel,droark@bama.com,Donna Roark,Donna,Roark,,,,,Director Sales and Marketing,,,,Bama Companies,,,,,,https://www.linkedin.com/in/donna-roark-91349310,
EapL5FDxc2WotL6LqtoY,XvUb6fwHF5qzk1zQyX19,jennifer.healy@kraftheinzcompany.com,Jennifer Healy,Jennifer,Healy,,,,,"Vice President Marketing, HEINZ, Kraft Mac & Cheese, Ore-Ida, Velveeta, Food Network partnership",,,,The Kraft Heinz Company,,,,,,https://www.linkedin.com/in/jennifer-healy-1780322,
EbntqsLIUognHeTpYxFd,Eig3mqTekME09taDwgeE,clayton.pillion@microchip.com,Clayton Pillion,Clayton,Pillion,,,,,"Director of Marketing, Wireless Solutions Group",,,,Microchip Technology Inc.,,,,,,https://www.linkedin.com/in/claytonpillion,
EncelrObKuFU6nNVnMc9,LnngHp4kXqMoMTRRxYKF,jill.gantos@jci.com,Jill Gantos,Jill,Gantos,,,,,Director of Marketing,,,,Johnson Controls,,,,,,https://www.linkedin.com/in/jill-gantos-5b2b3b1,
EssHSWF7qOXLlF0r2sre,Of2Q0HlxZ7kabJPQIsxq,kray@haemonetics.com,Kathleen Ray,Kathleen,Ray,,,,,"Sr. Director, Global Marketing",,,,Haemonetics,,,,,,https://www.linkedin.com/in/kathleen-ray-82136414,
EyhJjWlEFxrj2dpFY8hJ,Hz2fN2z8GsV0oOUFST7D,james.coward@capsugel.com,James Coward,James,Coward,,,,,,,,,,,,,,,https://www.linkedin.com/in/james-coward-6896a01,
FXvZzMPJJ1M8aoF1EDne,SB2xPvQFnqch3DUef1u5,dustin_beek@hermanmiller.com,Dustin Beek,Dustin,Beek,,,,,Digital Marketing Strategist,,,,Herman Miller,,,,,,https://www.linkedin.com/in/dustinverbeek,
FZ3RMFxhH9VO0BQr2Vva,y9UgOGLwmjYNRY4uwLtT,jharnisch@fastenal.com,Jennifer Harnisch,Jennifer,Harnisch,,,,,,,,,,,,,,,https://www.linkedin.com/in/jennifer-harnisch-54242419,
FcddXCawI3NiiZ0DurVC,sYT41wHz5XRkWPNbgpUV,nscudieri@vijon.com,Nate Scudieri,Nate,Scudieri,,,,,"Global Marketing Director, Auto Care",,,,Energizer Holdings,,,,,,https://www.linkedin.com/in/natescudieri,
FeR5pitrlp5582fZvQe2,TZTUBIeBLeJyKjcDU8cH,rory_wehrlie@thecloroxcompany.com,Rory Wehrlie,Rory,Wehrlie,,,,,"Director of Partnerships, Licensing and Business Development at The Clorox Company",,,,The Clorox Company,,,,,,https://www.linkedin.com/in/wehrlie,
FpAtfbi3bXcLnYC5Mdwr,ziItm5DnMx3WWxNfhqaY,minsok@mondelezinternational.com,Minsok Pak,Minsok,Pak,,,,,"EVP, Chief Strategy and Transformation Officer",,,,MondelÄ“z International,,,,,,https://www.linkedin.com/in/mspak,
FqliKhOyugfYSMQuyUwn,l7eyBOHLVnZwYqyo2b0F,denis.dillon@nestle.com,Denis Dillon,Denis,Dillon,,,,,,,,,,,,,,,https://www.linkedin.com/in/denis-dillon-6a7985,
G2IzjGgc632rb046DnUQ,AQzTFkghiaUJeKJYNBxt,amy.hsieh@gmail.com,Amy H,Amy,H,,,,,Pediatric Resident,,,,Ann and Robert H. Lurie Children's Hospital of Chicago,,TRUE,,,,https://www.linkedin.com/in/amy-armstrong-1874784,
G2ziiOrpbU4YcPDxOPYJ,RJjtwYfLbPebjVJBxXJB,nathan.okrasinski@kellogg.com,Nathan Okrasinski,Nathan,Okrasinski,,,,,Director - External Partnerships - Global Value Transformation,,,,Kellogg Company,,,,,,https://www.linkedin.com/in/nathan-okrasinski,
GHg2JrsAHhOchesCBAxF,w3mq73aXSwV7UBuhV4Mc,jmizner@jjsnack.com,Joanne Mizner,Joanne,Mizner,,,,,Director of Marketing- Retail,,,,J&J Snack Foods Corp,,,,,,https://www.linkedin.com/in/joanne-mizner-a76163125,
Giwb9vx66XE8PI22QmT8,NPPT1afPo2oZlbDNcbEm,john.conroy@tyson.com,John Conroy,John,Conroy,,,,,,,,,,,,,,,https://www.linkedin.com/in/john-conroy-6b69112,
GjCZXT8yZR0Pfn6ojljU,ESlSuhMb3vzCoI1Ug4lr,anshuman.bhargava@dovercorporation.com,Anshuman Bhargava,Anshuman,Bhargava,,,,,"Senior Director Enterprise Product Management, Strategic Marketing & Planning",,,,Dover Corporation,,,,,,https://www.linkedin.com/in/anshuman-bhargava-b579601,
GjqTnAX4aJVX3JVSwVuH,xoVUJNwBgmN5V08XXBlw,michael.clara@molsoncoors.com,Michael Clara,Michael,Clara,,,,,"Director of Strategic Programs & Marketing, Clearly Kombucha",,,,Molson Coors Beverage Company,,,,,,https://www.linkedin.com/in/michaelclara,
H5DvaDN02HPF5SQtdqlP,6Moia53No95LDK2PC61U,cbirkle@mazakusa.com,Chuck Birkle,Chuck,Birkle,,,,,VP Sales & Marketing,,,,Mazak Corporation,,,,,,https://www.linkedin.com/in/chuck-birkle-96522513,
HBfNSmExWX8SYEZLs57P,Y9cFHtsCwR9JdwoDaeMX,david.stein@siemens-healthineers.com,David Stein,David,Stein,,,,,Head of Global Strategy & Innovation,,,,Siemens Healthineers,,,,,,https://www.linkedin.com/in/david-stein-4b03b26,
HHGQgYR3U3MWEBQdWcBO,Gk2SYxlJRrNCs0RFQaMG,gmangano@hearthsidefoods.com,Gerald Mangano,Gerald,Mangano,,,,,Vice President Sales & Marketing,,,,Hearthside Food Solutions,,,,,,https://www.linkedin.com/in/gerald-mangano-58128238,
HWvOYSnJqv2osUUSEY9E,CAv2C4lq8CmNmf9Zctrd,katie.johnson@integer.net,Katie Johnson,Katie,Johnson,,,,,"Vice President, Marketing & Communications",,,,Lake Region Healthcare,,,,,,https://www.linkedin.com/in/katienjohnson,
HXuA4vodbDhOfIart4EE,Ffn6eODC9LjbK1vw0chS,erin.herman@medtronic.com,Erin Herman,Erin,Herman,,,,,Marketing Director,,,,Medtronic,,,,,,https://www.linkedin.com/in/erin-herman-4a20156,
Hadvzxh4AGvyoj0r3id3,VPTKiiGFloLcE6LNxWY9,mthompson@honest.com,Michael Thompson,Michael,Thompson,,,,,"Director, Brand Marketing",,,,The Honest Company,,,,,,https://www.linkedin.com/in/michaeltthompson,
HazE8ENTHuCMJK0TUoom,KHOhEEvyNa4G2yR3wrgc,mark.shaneyfelt@domtar.com,Mark Shaneyfelt,Mark,Shaneyfelt,,,,,Director of Marketing - Domtar Distribution Group,,,,Domtar,,,,,,https://www.linkedin.com/in/shaney122080,
HmZWNkLFcvLF5ElHq6Wq,rUdwg6vrTYVEHl1kBtRJ,molly@campbellsoupcompany.com,Molly Kissell,Molly,Kissell,,,,,Sr. Director Integrated Business Planning Implementation Lead; Snacks Division,,,,Campbell Soup Company,,,,,,https://www.linkedin.com/in/molly-kissell-1812186/,
Ho98aTfUwMeES0pp9KOi,gAspxCBMyLjVttgBVsNi,david.rose@simmonsfoods.com,David Rose,David,Rose,,,,,Vice President of Marketing,,,,Simmons Foods,,,,,,https://www.linkedin.com/in/david-rose-1a286759,
Hq5z94unfjnM4e3Jsgjs,GLAC1OUMHiclzj5RvxuQ,sharon_springborn@deanfoods.com,Sharon Springborn,Sharon,Springborn,,,,,Marketing Director,,,,Dean Foods,,,,,,https://www.linkedin.com/in/sharonspringborn,
HuHuCeeMwg1opfP5Yf7U,rXXTG7OLTmsv6nN78fAa,kavita.patel@pepsico.com,Kavita Patel,Kavita,Patel,,,,,"CMO/Head of Brands, HIVE Incubator",,,,PepsiCo,,,,,,https://www.linkedin.com/in/kavita-patel,
IUZzSLXyz6KgihrPXLJ7,sGSXahniAOBitBmCjH20,mark.toth@conagrabrands.com,Mark Toth,Mark,Toth,,,,,Director of Marketing,,,,ConAgra Foods,,,,,,https://www.linkedin.com/in/mark-toth-2abb9213,
IvcCmZUOICbHQCccxma4,sedzM9AL7GcgwuQdeVaz,gaurav.goel@pepsico.com,Gaurav Goel,Gaurav,Goel,,,,,"Senior Director, Head of Strategy & Transformation, PepsiCo India",,,,PepsiCo,,,,,,https://www.linkedin.com/in/gauravgoel23,
JDOBewkSC8d18k8Oa3Wj,yd2ni5H9HlOIPDV2BDLI,kara_mccarthy@thecloroxcompany.com,Kara McCarthy,Kara,McCarthy,,,,,,,,,,,,,,,https://www.linkedin.com/in/kara-mccarthy-27131b2,
JMqq0v94EBLXfnmixvfu,BC3I67dRvvUN6S75PBZp,christopher.stolsky@kellogg.com,Chris Stolsky,Chris,Stolsky,,,,,Marketing Director,,,,Kellogg Company,,,,,,https://www.linkedin.com/in/chris-stolsky-5316021,
JRUJo3MtkMmLd0RV6Hyl,9NUIMJYXgnxRNrTPimYr,jprice@baldor.com,Jay Price,Jay,Price,,,,,"Director, Channel Strategy",,,,ABB Motors and Mechanical Inc.,,,,,,https://www.linkedin.com/in/jay-price-54585218,
JSRNTdK0DCzXhmkR8BJe,lnEOhXw962f2RakUa6i1,jason.kern@caterpillar.com,Jason Kern,Jason,Kern,,,,,"Global Marketing & Channel Development Director - Industrial Power Systems, Caterpillar Inc.",,,,Caterpillar Inc.,,,,,,https://www.linkedin.com/in/jason-kern-280b3757,
JdunybOrKuLrCAfdi63a,QTwuTvMknYoFvIQa0lwK,stacey_grier@thecloroxcompany.com,Stacey Grier,Stacey,Grier,,,,,,,,,,,,,,,https://www.linkedin.com/in/grier2009,
Jn0T4MOal9Ovul4AuWln,1lwPPPbK3I7xlWoHV2pc,neil.shoffner@conehealth.com,Neil Shoffner,Neil,Shoffner,,,,,Director of Marketing,,,,Cone Health,,,,,,https://www.linkedin.com/in/neil-shoffner-aa752515,
Js1W3qisriYPs21PjB82,cI6JMPcyUONccRBWX7rU,crystal_mackenzie@bose.com,Crystal MacKenzie,Crystal,MacKenzie,,,,,"Head of Marketing + Brand Partnerships, Emerging Wearables",,,,Bose Corporation,,,,,,https://www.linkedin.com/in/crystalmackenzie,
KAqXZGJ1agN2FW0SfA8N,I52y0EPZlu3wHxlDhVrB,joseph_scardina@tripplite.com,Joseph Scardina,Joseph,Scardina,,,,,,,,,,,,,,,https://www.linkedin.com/in/josephscardina,
KKfzhrYB6LbqJYn89Jei,GdydeFQel63cpUJc43JQ,jdunnigan@gopro.com,Joe Dunnigan,Joe,Dunnigan,,,,,Head of Brand Strategy and Campaigns,,,,GoPro,,,,,,https://www.linkedin.com/in/joedunnigan,
KP5wmZj16Qs31rA9VHzd,WVwYJMq5ygAkScqaQST1,kellammattie@me.com,Kellam Mattie,Kellam,Mattie,,,,,"CMO Venturing & Emerging Brands, VP Marketing & Innovation",,,,The Coca-Cola Company,,,,,,https://www.linkedin.com/in/kellam-mattie-5b26851,
KPYqYxZHFHUKSd2Pnr00,E4k3xWgX3vUbRrBDQxOr,bblubaugh@utzsnacks.com,Bill Blubaugh,Bill,Blubaugh,,,,,,,,,,,,,,,https://www.linkedin.com/in/bill-blubaugh,
KQX9NNnq42Tjb7OljI1p,OZJ0roRKi85aGuXqs4Et,kruger.steve@basco.com,Steve Kruger,Steve,Kruger,,,,,,,,,,,,,,,https://www.linkedin.com/in/steve-kruger-5333783,
KWlFQ1LR08jEeBFLet3n,GFCeLpSQVxEyDhsZw375,john.cardwell@treehousefoods.com,John Cardwell,John,Cardwell,,,,,Marketing Director,,,,TreeHouse Foods,,,,,,https://www.linkedin.com/in/john-cardwell-75663b13,
KhtZQANsoMPheATWHUbl,uYXwmIY3wAiSIFdrGHzi,ssiegert@neurocrine.com,Scott Siegert,Scott,Siegert,,,,,,,,,,,TRUE,,,,https://www.linkedin.com/in/ssiegert,
KiKZ4EXj2171xGwZp1ps,3vC7QxsSUXqaCJslnhNc,kevin.doohan@xperi.com,Kevin Doohan,Kevin,Doohan,,,,,"Executive Vice President, Marketing",,,,Machinima,,,,,,https://www.linkedin.com/in/kevindoohan,
KqoawJxMZe1kHj2FkPOZ,zczSk4wZ36JeTLiCz6Fo,daniele.bianchini@aryzta.com,Daniele Bianchini,Daniele,Bianchini,,,,,,,,,,,,,,,https://www.linkedin.com/in/danielizip,
KsfTTUk5oWzF6JF8Wpdz,kSx7cReRiD2LY6dqyTWZ,micah.sobus@fmc.com,Micah Sobus,Micah,Sobus,,,,,"Marketing Director, Health and Nutrition",,,,FMC Corporation,,,,,,https://www.linkedin.com/in/micah-sobus-4368726b,
L0DUNapTbKrJaK9Vj2Ld,DA0zlUGc5NmjiGYg8uS4,jacquie.dreyer@cbrands.com,Jacquie Dreyer,Jacquie,Dreyer,,,,,"Director, Strategy",,,,Constellation Brands,,,,,,https://www.linkedin.com/in/jacquie-dreyer-81ab063,
L7PPfhhGLqCzFBxghC64,gSvcTKQshHjmjqUaBrwj,cprociv@comcast.net,Chris Prociv,Chris,Prociv,,,,,VP Marketing & Innovation,,,,ARYZTA,,,,,,https://www.linkedin.com/in/chris-prociv-77a9475,
LVRGHvwJ61cbYwD298vO,kTVHcXGV5us6dR5U1iA3,jake.fahsbender@energizer.com,Jake Fahsbender,Jake,Fahsbender,,,,,,,,,,,,,,,https://www.linkedin.com/in/jakefahsbender,
LW5v6CqQesRFCc9gxScu,lAALOHZ23qMGcj2HRhJJ,lupe_rojas@baxter.com,Lupe Rojas,Lupe,Rojas,,,,,"Director, Marketing",,,,Baxter International Inc.,,,,,,https://www.linkedin.com/in/lupe-rojas-5343b01,
LdUKFqn9psrl0VK1l4y3,lrsHUcI6Oc8Ocd6l4Mag,john.mendillo@ge.com,John Mendillo,John,Mendillo,,,,,,,,,,,,,,,https://www.linkedin.com/in/johnmendillo,
LoCDaVXck4wVEp6TNFiK,vhbwHVtad19lkDPU6CEc,maya.zafrir@kimberly-clark.com,Maya Zafrir,Maya,Zafrir,,,,,Chief Marketing Officer,,,,Bank Leumi USA,,,,,,https://www.linkedin.com/in/maya-eisen-zafrir-09981167,
Mb7Spsy1CrsM84Wnf8z4,6lyS1KWiUKuc3cLfBuvL,kgrossman@knoll.com,Kate Grossman,Kate,Grossman,,,,,"Vice President, Marketing",,,,Knoll,,,,,,https://www.linkedin.com/in/kate-grossman-1609646,
MgQgxOSnBNC3icaOXwte,QNOUSZiwt9gJBSCRApoh,mike.kulesky@enersys.com,Mike Kulesky,Mike,Kulesky,,,,,,,,,,,,,,,https://www.linkedin.com/in/mike-kulesky-70873a,
MhY0oy37FPVCjLqyP6gq,rYK1PteVLTZVWhN85MuI,eric.hintz@conagrabrands.com,Eric Hintz,Eric,Hintz,,,,,Vice President of Marketing,,,,Conagra Brands,,,,,,https://www.linkedin.com/in/eric-hintz-53a8442,
Mlvk2msFt6J6kEkqrEH2,xrC7LXiqp6prqJ8NgyOL,paul.nemschoff@haworth.com,Paul Nemschoff,Paul,Nemschoff,,,,,Vice President Global Strategy and Marketing,,,,Haworth,,,,,,https://www.linkedin.com/in/paulnemschoff,
MpNckL6uQATTxeGtIH1Y,39WZOxNJhvV5bSVpdNRA,timothy.wilczak@welbilt.com,Timothy Wilczak,Timothy,Wilczak,,,,,"Director, Field Marketing - Delfield & Kolpak",,,,Welbilt Inc.,,,,,,https://www.linkedin.com/in/timwilczak,
MpwigcMQyMMzTmxtA10n,YX2RQAnw8abtWIDWe5RU,deborah.breunig@ki.com,Deborah Breunig,Deborah,Breunig,,,,,Vice President A&D Marketing,,,,KI,,,,,,https://www.linkedin.com/in/debbiebreunig,
MqJqd3xtkj9jJ16emxaM,IdyWBq9jGZLfGAVy9a1n,ryan.felabom@zoro.com,Ryan Felabom,Ryan,Felabom,,,,,Sr. Director Digital Marketing,,,,Zoro US,,,,,,https://www.linkedin.com/in/ryanfelabom,
N9ixw3cbJ0UiMqSiO9wt,5WRet5M525dwSUVRhg01,chris.page@fluenceenergy.com,Chris Page,Chris,Page,,,,,"Director- Development & Strategy, Americas",,,,Fluence,,,,,,https://www.linkedin.com/in/chrispageengineer,
NHgriH9IZYyICZZQjboY,N9Cc1UwPB8bYgO422LT8,brad.santeler@abbott.com,Brad Santeler,Brad,Santeler,,,,,"Senior Director, Marketing Management",,,,Abbott,,,,,,https://www.linkedin.com/in/bradsanteler,
NILHvV3QRovPAOPTr6rs,sl2XdssBqg7A2twrlPOm,matt.aldrich@danaher.com,Matt Aldrich,Matt,Aldrich,,,,,Director of Marketing and Product Management - Videojet Technologies,,,,Danaher Corporation,,,,,,https://www.linkedin.com/in/mattaldrich,
NL8ineRNzCB29l5uiLci,IGx4WmkeNnK72N6mcbC2,rob.odom@ucsf.edu,Rob Odom,Rob,Odom,,,,,Vice President of Marketing and Brand,,,,UCSF Medical Center,,,,,,https://www.linkedin.com/in/odomrob,
NZJrMVGEyXwFeax6SrCC,1hUWFxOfNk4csyQxgwWS,chuck.wallington@conehealth.com,Chuck Wallington,Chuck,Wallington,,,,,Executive Vice President,,,,Cone Health,,,,,,https://www.linkedin.com/in/chuck-wallington-9a25a037,
Nkgk2prceoPu9CZrorDn,rCynNFW13Sj3cMIs5noY,mdean@steelcase.com,Meghan Dean,Meghan,Dean,,,,,"Director, Ancillary Partnerships",,,,Steelcase,,,,,,https://www.linkedin.com/in/meghan-dean-92111a39,
NsZpD4E2wAZumxjVjfUX,c0ZIUw7M2Bq7NDUHIvAw,josh.evertsen@mars.com,Josh Evertsen,Josh,Evertsen,,,,,Marketing Director,,,,Mars,,,,,,https://www.linkedin.com/in/josh-evertsen-07920147,
O32wDJYz2TGRebGluZ7I,IOFSAsFybyUa6ymX5PGb,steve.woodside@continentalmills.com,Steve Woodside,Steve,Woodside,,,,,Director - Marketing and Sales Operations,,,,Continental Mills,,,,,,https://www.linkedin.com/in/steve-woodside-133a2911,
ONdIn0dLcsISfxjDx984,odL6qmkpV04qtJEsKk1i,eric.cohen@essity.com,Eric Cohen,Eric,Cohen,,,,,,,,,,,,,,,https://www.linkedin.com/in/eric-cohen-a784413,
OZ2QhSG3u5u7iHEnHIOK,fJlMbyr9Q52nBMXoQ2dw,tim.butler@ge.com,Tim Butler,Tim,Butler,,,,,"Sr. Director, Strategy & Marketing, Acute Care",,,,GE Healthcare,,,,,,https://www.linkedin.com/in/timothybutlerwi,
Oa8aanzCjhHn4oTYyfJG,iL4pTRmzicHHjCxX1a9Q,cwillenbring@dfamilk.com,Carol Willenbring,Carol,Willenbring,,,,,"Vice President, Marketing and R&D, DFA Ingredient Solutions",,,,Dairy Farmers of America,,,,,,https://www.linkedin.com/in/carol-willenbring-9609b73,
ObCD7AZntJuNj8gXJv98,2fm4SVatHyvKqaXDfTuM,jack.johnston@mouser.com,Jack Johnston,Jack,Johnston,,,,,Director of Marketing Communications,,,,Mouser Electronics,,,,,,https://www.linkedin.com/in/jack-johnston-993a2543,
ObOegi7zb5bmu525NdK0,j0ewPBq1VsvszpaweVBP,elizabell.marquez@us.nestle.com,Elizabell Marquez,Elizabell,Marquez,,,,,,,,,,,,,,,https://www.linkedin.com/in/elizabell-rivera-marquez-7811b6,
OdzQa0s45ciKBCpyiPF6,LS8SXhRB4qakq29dCkNc,timzimmer@smithfieldfoods.com,Tim Zimmer,Tim,Zimmer,,,,,Chief Marketing Officer,,,,Smithfield Foods,,,,,,https://www.linkedin.com/in/tim-zimmer-50b3801a,
OhAcBOAQEL73TtxHG8RS,eimjYxSndi8MAXCPCxjK,steven.pray@novartis.com,Steven Pray,Steven,Pray,,,,,Director - Oncology Channel Marketing,,,,Novartis,,,,,,https://www.linkedin.com/in/stevendpray,
P26UoZvgaXYzfSiyyLur,OkJlyclB2yVoqfePEwlo,fadi.karam@nestle.com,Fadi Karam,Fadi,Karam,,,,,General Manager and VP of Marketing - North America,,,,NestlÃ©,,,,,,https://www.linkedin.com/in/fadikaram,
PImSBrZaMvLTIjeqb6aG,BzBUrfKi4JHCervBVja7,fbazgan@cambro.com,Felix Bazgan,Felix,Bazgan,,,,,,,,,,,,,,,https://www.linkedin.com/in/felixbazgan,
PJ1tlaudkd0NiDX5jeGx,J9BDeIfwEGt6AYyQUuw5,skim@honest.com,Sung Kim,Sung,Kim,,,,,"Vice President, Finance & Strategy",,,,The Honest Company,,,,,,https://www.linkedin.com/in/sunghkim1,
PPAzq3rRb0jMJxLFevqm,gNM7PZn6AboL6yXpIj6j,aosorio@jjsnack.com,Amanda Osorio,Amanda,Osorio,,,,,Director Strategic Partnerships & Bakery Marketing,,,,J&J Snack Foods Corp,,,,,,https://www.linkedin.com/in/amanda-osorio-3486a9119,
PZRuqe9pafyMpM6Zb29U,12nFsLcTOkuJHjZqZ8dt,vanecia.carr@domtar.com,Vanecia Carr,Vanecia,Carr,,,,,"Director of Marketing, Paper",,,,Domtar,,,,,,https://www.linkedin.com/in/vanecia-carr-16168373,
Pvnj889jmXAenFN0gr4M,C6iNsrKeHO9ptmJ4KsVD,julie.hamm@kellogg.com,Julie Hamm,Julie,Hamm,,,,,AI & Intelligent Cloud Business Development Director,,,,Microsoft,,,,,,https://www.linkedin.com/in/julie-hamm/,
Q0CQzdVg9FJs1MpOa81s,rRFtUCcf94d81MXfErym,adavis@jjsnack.com,Alissa Davis,Alissa,Davis,,,,,Vice President Marketing,,,,J&J Snack Foods Corp,,,,,,https://www.linkedin.com/in/alissa-purcell-davis-mba-0290704,
Q1ZaQAqfIRkqMtjsgqoo,utbIxPP03yC02Sx5zPFx,mdunning@auntmillies.com,Melissa Dunning,Melissa,Dunning,,,,,Senior Director of Marketing,,,,Aunt Millie's Bakeries,,,,,,https://www.linkedin.com/in/melissa-dunning-741a254b,
QFtCQaweqND7wGy51OWK,uvxJjYX2rz0qrh0b89qA,jason.turris@apeelsciences.com,Jason Turris,Jason,Turris,,,,,VP of Brand & Marketing,,,,Apeel Sciences,,,,,,https://www.linkedin.com/in/jason-de-turris-4b56a933,
QJmoBywfkNR0qK3oiY6g,sLfTR6y60uDgfgNPOYxi,rui.barbas@nestle.com,Rui Barbas,Rui,Barbas,,,,,Chief Strategy Officer,,,,NestlÃ©,,,,,,https://www.linkedin.com/in/ruibarbas,
QVeLZmqHWkQyvhYTHSCB,x4YrZ1rQoq85DLIiYKG6,dconley@coca-cola.com,David Conley,David,Conley,,,,,"VP, Strategic Partnerships",,,,The Coca-Cola Company,,,,,,https://www.linkedin.com/in/david-conley-b5235246,
QhiFzs200A1mGc4IbeKF,yoQ55iWP6SNFjA4AxX8x,susan.jansson@conagrabrands.com,Susan Jansson,Susan,Jansson,,,,,Director of Marketing,,,,ConAgra Foods,,,,,,https://www.linkedin.com/in/susan-rolnick-jansson-54923b5,
Qhx2HWgmKe9IuvW083KU,DHzscUpbjIjrm6IQZUVw,nanda_sibol@thecloroxcompany.com,Nanda Sibol,Nanda,Sibol,,,,,Strategy Director,,,,The Clorox Company,,,,,,https://www.linkedin.com/in/nanda-sibol-2909a64,
QvSysPYA4y2vbswEwjRc,tMptkQbDm1VzKAwnbV6Z,steve.rogers@generalmills.com,Steve Rogers,Steve,Rogers,,,,,VP Marketing,,,,General Mills,,,,,,https://www.linkedin.com/in/steve-rogers-54a82bb9,
R17piV4ZO6PnuqYVdzI9,lVjmzFjyTITcUw5yTlsH,peter.sellar@xperi.com,Peter Sellar,Peter,Sellar,,,,,"Senior Director, Strategy and Standards",,,,Xperi Corporation,,,,,,https://www.linkedin.com/in/peter-sellar-35130390,
RvpNSn6oMqJVJloL4asx,YEBsojrMurtjIwQsOX6t,cari.curtis@energizer.com,Cari Curtis,Cari,Curtis,,,,,"Director, Global Marketing - Premium Batteries Energizer",,,,Energizer Holdings,,,,,,https://www.linkedin.com/in/caricurtis,
SEN4cHuS4LcolYf00l4s,x6vyvOngbH3CqNtNYrvt,kojiro.higaki@danaher.com,Kojiro Higaki,Kojiro,Higaki,,,,,Associate Director - Sales Strategy & Operations (Videojet Technologies),,,,Danaher Corporation,,,,,,https://www.linkedin.com/in/kojirohigaki,
SGKeru4gzvYvqed58I6P,PSwDNTkEdX72qIMQkiPn,chris.gezon@cat.com,Chris Gezon,Chris,Gezon,,,,,"Director of Strategy, Global Aftermarket Solutions",,,,Caterpillar Inc.,,,,,,https://www.linkedin.com/in/chris-gezon-74403927,
SYPKttkivkWSDYOEmgH5,rajDdbfocZdfvuK1PSZY,john.thomas@caterpillar.com,John Thomas,John,Thomas,,,,,Director of Marketing for VirtualSite Solutions (Caterpillar & Trimble joint venture company),,,,Caterpillar Inc.,,,,,,https://www.linkedin.com/in/john-thomas-02762b123,
Sz4DW6UaSm7mqxUelYuf,3Cs91ecLe7UCQaNdAi0Z,dburgess@spellmanhv.com,David Burgess,David,Burgess,,,,,Chief Marketing Officer,,,,Spellman High Voltage Electronics Corporation,,,,,,https://www.linkedin.com/in/davidburgess2,
T8JSMk2N9ftIKfnqAVIt,D7ncgyxbSfdtfLFlvGnd,mike.paul@generalmills.com,Mike Paul,Mike,Paul,,,,,Marketing Director,,,,General Mills,,,,,,https://www.linkedin.com/in/mike-paul-9b67b97,
TD1pMqcqUMhkfwkPVeH1,XPSZR9m8RGbXEylP05Rs,anna.bell@ejgallo.com,Anna Bell,Anna,Bell,,,,,Vice President Marketing,,,,E. & J. Gallo Winery,,,,,,https://www.linkedin.com/in/annarbell,
TKKWsSfQKzXtIcJikl9U,6uY6QVuTJX97BpSHwGU7,thiago.moraes@aggreko.com,Thiago Moraes,Thiago,Moraes,,,,,VP Sales & Marketing,,,,Aggreko,,,,,,https://www.linkedin.com/in/thiago-moraes-893593b1,
TWb6r8ignv1xJqZQLtP1,lIDIShFyOXoJsmU42ZaM,bernie.tuttle@pepsico.com,Bernie Tuttle,Bernie,Tuttle,,,,,Director Marketing,,,,PepsiCo,,,,,,https://www.linkedin.com/in/bernie-tuttle-7997b678,
TXLpFTsHzx2OGBQEC4OE,Gc7zDwWx3j487M0QCyyo,eric.hintz@conagrabrands.com,Toni Cheng,Toni,Cheng,,,,,Director of Marketing,,,,Kaiser Permanente,,,,,,https://www.linkedin.com/in/toni-cheng-a704665,
Tfpm7VcEFDiCKOZXuGqo,MFqFihZ5RH39EptLeutd,chad.pistulka@chsinc.com,Chad Pistulka,Chad,Pistulka,,,,,"Director, Marketing, Sales and Distribution",,,,CHS Inc.,,,,,,https://www.linkedin.com/in/chad-pistulka-85443726,
TwFw4RvqhnPnYIENEtZT,7hNt0Ewli5HKQ5LHtqi7,jdillon@enphaseenergy.com,James Dillon,James,Dillon,,,,,Vice President of Marketing,,,,Enphase Energy,,,,,,https://www.linkedin.com/in/jd-dillon,
U20vDVLvSbkMMGZ5Ge17,BCWcHZKEFGZq8PJ8EKsb,zack.smith@mouser.com,Zack Smith,Zack,Smith,,,,,Director of Product Content Marketing,,,,Mouser Electronics,,,,,,https://www.linkedin.com/in/zacksmith76063,
U3F7yMZJ3xCoDRDGH7Uv,Qbwl73zc2vX1dTUmkBzO,sandra.bereti@danone.com,Sandra Bereti,Sandra,Bereti,,,,,Chief Marketing Officer,,,,Beech-Nut Nutrition Company,,TRUE,,,,https://www.linkedin.com/in/sandrabereti,
UAqB4heewSH4NLOwCoZw,OB3rWlLHvGsCWeWSzBfl,shawn.mcelyea@welbilt.com,Shawn McElyea,Shawn,McElyea,,,,,,,,,,,,,,,https://www.linkedin.com/in/shawn-mcelyea-72071a2,
UQWEfg9L1ti9lLrWznCh,7xeV3AWK6wBZHLU2qz8Q,anthony.pietrini@edgewell.com,Anthony Pietrini,Anthony,Pietrini,,,,,Marketing Director,,,,Edgewell Personal Care,,,,,,https://www.linkedin.com/in/anthony-pietrini-0044b111,
V2CXROUjjt6MJ1LKnyXg,7JDFY52W5aSiy3INyIKJ,zoe.jones@kellogg.com,Zoe Jones,Zoe,Jones,,,,,CMO,,,,Kellogg Company,,,,,,https://www.linkedin.com/in/zoe-jones-31711a15b,
VKKC6O79dH8BDmFMySrg,whNHs0J7rAyVGQLAyLX0,anastasia.tobias@edgewell.com,Anastasia Tobias,Anastasia,Tobias,,,,,Marketing Director,,,,Edgewell Personal Care,,,,,,https://www.linkedin.com/in/anastasia-tsacalis-tobias-1013a95,
Vbmf2ihzz8lYjE3fnjdd,lyX8bmq9NhbQkSUlRpWR,terry.stanley@conagrafoods.com,Terry Stanley,Terry,Stanley,,,,,Chief Marketing Officer,,,,Chief Outsiders,,TRUE,,,,https://www.linkedin.com/in/terry-stanley-507a491,
VjBEScaz4XHytwyeeWSX,rhTPDwsQAM5ItekbtuVd,rhonda.long@caterpillar.com,Rhonda Long,Rhonda,Long,,,,,Cmo,,,,Caterpillar Inc.,,,,,,https://www.linkedin.com/in/rhonda-long-142026167,
W7fGGVtxeVpiZFlt48V7,RaJYLyvoFxFFZpCXPMHd,tanya.beers@cbrands.com,Tanya Beers,Tanya,Beers,,,,,Marketing Director,,,,Constellation Brands,,,,,,https://www.linkedin.com/in/tanya-beers-733a8013,
WZq1rEoiOC6kbf4DiZE5,gke56xmSZxkFa8gMnX1Z,kate.jaeger@haworth.com,Kate Jaeger,Kate,Jaeger,,,,,Marketing Strategy Program Manager,,,,Haworth,,,,,,https://www.linkedin.com/in/kate-jaeger-33730163,
Wm9BXJ2socNuh1ZzFfnJ,VM0jh4OpPZaQ7e3WpVIG,glenn.thomas@ge.com,Glenn Thomas,Glenn,Thomas,,,,,Global Chief Marketing Officer,,,,GE Healthcare,,,,,,https://www.linkedin.com/in/glennathomas-cmo,
Wy77iTkkXdN1PDdOQU1A,auhhuAm0bQkYG5tTvzJZ,agiampoli@invenergy.com,Andrea Giampoli,Andrea,Giampoli,,,,,"Director, Environmental Compliance and Strategy",,,,Invenergy LLC,,,,,,https://www.linkedin.com/in/andreagiampoli,
XPivmoWUp2DoFzg8f3F7,RWQ7Jow85uYE2UFGAuYA,fmaounis@amagpharma.com,Florence Maounis,Florence,Maounis,,,,,,,,,,,,,,,https://www.linkedin.com/in/florencemaounis,
XWyfbA9rjchFpCOK6UWK,Wzh1XIrTFEuzQfSfEdIA,aaron_miller@hermanmiller.com,Aaron Miller,Aaron,Miller,,,,,Vice President of Global Brand and Digital Marketing,,,,Herman Miller,,,,,,https://www.linkedin.com/in/aaronmiller,
Xlm6DlqRNv5kZkXw1W27,QqbVG3W9YngNYFna01bB,shannaman@neurocrine.com,Silvia Hannaman,Silvia,Hannaman,,,,,Vice President Marketing,,,,Neurocrine Biosciences,,,,,,https://www.linkedin.com/in/silviahannaman,
XqMSXk0RBY3gUu0jzRE7,6taxyafNLtih8OU6hjyx,ben.pinsky@kao.com,Ben Pinsky,Ben,Pinsky,,,,,,,,,,,,,,,https://www.linkedin.com/in/ben-pinsky-719b12,
XuEtL5yVu669XfFPDE4p,ByTYpOl72e5pEwEb1oc8,sthirumalai@enphase.com,Shanti Thirumalai,Shanti,Thirumalai,,,,,"Director, Digital Marketing",,,,Enphase Energy,,TRUE,,,,https://www.linkedin.com/in/shantit,
Y1SOvUfGAGkVgURGokRz,1nkpkY2XZbvgD39Lxtf3,fred.shen@abbott.com,Fred Shen,Fred,Shen,,,,,"Global Marketing Director, Strategy and Solutions",,,,Abbott Vascular,,,,,,https://www.linkedin.com/in/fred-shen-7867373,
Y9d4iQbwKIJUUkQIsZtn,1b0xuANFG9geZW1KF5Cu,manuel.noda@siemens-healthineers.com,Manuel Noda,Manuel,Noda,,,,,"Head of Marketing and Communications, Enterprise Services",,,,Siemens Healthineers,,,,,,https://www.linkedin.com/in/manuel-noda-63ba9514,
YMYcdQLMCaoRAcYZQFnm,75ZOmiIdXELep7JQg8fL,frossi@3m.com,Frank Rossi,Frank,Rossi,,,,,Director of Marketing,,,,3M,,,,,,https://www.linkedin.com/in/frank-rossi-a7496011,
YfXjMcl5xzsyQ6YRiQ26,IGKvueVpLX0HmCuSrQ5b,zjmeyers@gmail.com,Zach Meyers,Zach,Meyers,,,,,Director of Marketing,,,,The Kraft Heinz Company,,,,,,https://www.linkedin.com/in/zach-meyers-b175344,
YhVUUFIScMxCIK7fqXLY,frYQ4o5J98EzQVmeR3CT,oscar.olivos@nidec-motor.com,Oscar Olivos,Oscar,Olivos,,,,,Vice President International Sales & Marketing,,,,Nidec Motor Corporation,,,,,,https://www.linkedin.com/in/oscar-olivos-03a70035,
YibDXFnBZXujvlBPppEA,QrhG3WDGBAyNVYA7zUsh,mdunn@gp.com,Michael Dunn,Michael,Dunn,,,,,Senior Vice President and Chief Marketing Officer,,,,Georgia Pacific,,,,,,https://www.linkedin.com/in/michael-dunn-b363227,
YkIF1KyK5XlBpYtxZmY3,sY0vHVp7YiYx76Y3MFPk,rachel.guo@cummins.com,Rachel Guo,Rachel,Guo,,,,,Strategy Director,,,,Cummins Inc.,,,,,,https://www.linkedin.com/in/rachel-yan-guo-b1a9462a,
Z7zYVec8ZP1jPLpTr2vz,W9672pXFpGXregXjTWY8,stephen.moran@novartis.com,Stephen Moran,Stephen,Moran,,,,,Global Head of Strategy for Novartis,,,,Novartis,,,,,,https://www.linkedin.com/in/stephenmoran3,
ZEi4W2SJRkxp5HTUUdji,pWDMydK57rJFfP9zqpvv,alina.urdaneta@siemens-healthineers.com,Alina Urdaneta,Alina,Urdaneta,,,,,"Vice President and Global Head of Marketing & Communications, Diagnostics",,,,Siemens Healthineers,,,,,,https://www.linkedin.com/in/alinaurdaneta,
ZFAIJ2MOF5Z42lM6hd66,P5MPA7Ln6eiWso5S3ZMo,melissa.brotz@abbott.com,Melissa Brotz,Melissa,Brotz,,,,,Chief Marketing and Communications Officer,,,,Abbott,,,,,,https://www.linkedin.com/in/melissa-brotz,
ZYSgA2bMTUfNQ9VGIDhi,gfdSVsYk3upsR90yDfm4,samuel.keene@xperi.com,Samuel Keene,Samuel,Keene,,,,,"Global Marketing Director, Digital and Gaming",,,,Xperi Corporation,,,,,,https://www.linkedin.com/in/samuelkeene,
Za1keSS9bssuUlIZrA8J,DhmfIEJGiLT4f89E6S29,sandra.geraghty@smith-nephew.com,Sandra Geraghty,Sandra,Geraghty,,,,,"Director, Marketing",,,,Smith & Nephew,,,,,,https://www.linkedin.com/in/sandradeitch,
ZhZgQFaIhkbSTZTL0xFy,aGP5lDXGBxo7OPxB2M2o,gustavo.cecilio@pepsico.com,Gustavo Cecilio,Gustavo,Cecilio,,,,,Frito-Lay - Marketing Director - Immediate Consumption,,,,PepsiCo,,,,,,https://www.linkedin.com/in/gustavo-cecilio-4b49009,
ZyP4Z9OTnPIXMh31Aq5K,KXuyBX3kwDgvDsTEouvr,weasterling@babcock.com,Wendy Easterling,Wendy,Easterling,,,,,Global Marketing Director,,,,Babcock & Wilcox,,,,,,https://www.linkedin.com/in/wendy-easterling-ab89002,
ZzLcoXslGjtKMcF74TDt,qdFpwrsVqMH5RM8qtTc3,stefanie.conrad@kdrp.com,Stefanie Conrad,Stefanie,Conrad,,,,,Director of Marketing,,,,Keurig Dr Pepper Inc.,,,,,,https://www.linkedin.com/in/stefanie-conrad-1761884,
aA7yODxBMk4mOOrHGBJA,KZ5w0HFtn37JUQox3h6V,melissa.muldowney@kerry.com,Melissa Muldowney,Melissa,Muldowney,,,,,"Strategic Marketing Director, Taste",,,,Kerry,,,,,,https://www.linkedin.com/in/melissahoebbel,
aJpxzyGqalbYatvaXK50,PHArMVCCIfSmAUUOIqzB,tjones@koolerice.com,Tyler Jones,Tyler,Jones,,,,,Director of E-Commerce Strategy,,,,Hoshizaki America,,,,,,https://www.linkedin.com/in/tyler-jones-b6040279,
aR2pPa1cyYDVsbDJ2iwm,Jb0OBwskG8GCOkqQrPPJ,tushar.patel@jnj.com,Tushar Patel,Tushar,Patel,,,,,Associate Director - Stratetgic Partnerships,,,,Johnson & Johnson,,,,,,https://www.linkedin.com/in/tushar-patel-pmp-1b09143,
aVDk4PIbjDqiyIXBKK5N,P4L1Odl6PvxhAgclm7p8,sarah.kingsley@beautycounter.com,Sarah Kingsley,Sarah,Kingsley,,,,,Senior Director of Marketing Strategy & Services at TCS Interactive,,,,Tata Consultancy Services,,,,,,https://www.linkedin.com/in/sarah-kingsley-a722604,
abVewYE169ziqsQgjQwg,yrRPEeP0V5ECAMA3n2Vj,klevy@healthy.kaiserpermanente.org,Karen Levy,Karen,Levy,,,,,,,,,,,,,,,https://www.linkedin.com/in/karen-levy-08ab9b1,
axIyqL9aH4duIDtULroO,bzzszmota7qNKnbaMWdv,megan_lyon@hermanmiller.com,Megan Lyon,Megan,Lyon,,,,,,,,,,,,,,,https://www.linkedin.com/in/megan-lyon-bb03a21,
bAGyxqiJMiXCDj0RNtgv,I3op9laCQWd8YqZB0Bas,leannebeth@gmail.com,Leanne Walden,Leanne,Walden,,,,,,,,,,,,,,,https://www.linkedin.com/in/leanne-walden-6355093,
bbBbLgtZJ1fHDT8UDuzc,zFHx9ktDXEvP64Z6iuYG,dale.gospodarek@jci.com,Dale Gospodarek,Dale,Gospodarek,,,,,Vice President Global Analytics,,,,Clarios,,,,,,https://www.linkedin.com/in/dale-gospodarek-0054845,
boQZIKvUqCZb2tKrnnQP,69vb1kSTGaQ0vjyNNEfy,ldeponte@nicepak.com,Lucienne DePonte,Lucienne,DePonte,,,,,"Senior Director of Marketing and Category Management, Consumer",,,,"Nice-Pak Products, Inc., Consumer Health and Wellness",,,,,,https://www.linkedin.com/in/lucienne-deponte-a540797,
c1Vdwmz5dH2R1D8k9BeR,yuBEjpocIOucnkwRPQqL,steven.donley@continentalmills.com,Steven Donley,Steven,Donley,,,,,VP Marketing,,,,Continental Mills,,,,,,https://www.linkedin.com/in/steven-donley-99a6806b,
cBLuojhfoX2oLFh3jvjz,qOSpRQwNB65R05amT4Gm,lora.newman@dawnfoods.com,Lora Newman,Lora,Newman,,,,,Executive Assistant Global Commercial,,,,Dawn Food Products,,,,,,https://www.linkedin.com/in/lora-newman-a8a9b4b,
cKq3sgU3ZabqixGen3oZ,HwoorszMXjXVQSkLVuUV,marc.fredson@ucsf.edu,Marc Fredson,Marc,Fredson,,,,,"Director, Strategic Marketing",,,,UCSF Medical Center,,,,,,https://www.linkedin.com/in/marcfredson,
cbIjzHZx5kVg1o8B3NIm,PhVV6y910p05POYpuPaU,terence.murphy@natus.com,Terence Murphy,Terence,Murphy,,,,,Director of Marketing PSG,,,,Natus Medical Incorporated,,,,,,https://www.linkedin.com/in/terence-murphy-dir-of-marketing-17774688,
cwRfzCBdiUrDn44pMSzF,WZKPwBxwyutrwStZxylD,rob.goodwin@edgewell.com,Rob Goodwin,Rob,Goodwin,,,,,Vice President Marketing and New Product Development-Private Brands Group,,,,Edgewell Personal Care,,,,,,https://www.linkedin.com/in/rogoodwin,
dvQDFdd3B1J9MyqBPAmU,aesOXcS6SFc6XfgTF89K,jrooney@gp.com,John Rooney,John,Rooney,,,,,Director - Graduate Business Career Services,,,,University of Notre Dame,,TRUE,,,,https://www.linkedin.com/in/jrooney1,
eD06oLndFSEmKAMBRSu4,g7m6tl5aApEIuWwNSerE,jonathan.tilghman@zoro.com,Jonathan Tilghman,Jonathan,Tilghman,,,,,Sr. Director - Direct Marketing and Promotion Strategy,,,,Zoro US,,,,,,https://www.linkedin.com/in/jonathan-tilghman-b634277,
eDy60wBcutCbXrYcbrCF,KWpzziY03pDQoWBdc5cR,efeldman@petsmart.com,Emily Feldman,Emily,Feldman,,,,,Director of Strategy and Business Analytics,,,,PetSmart,,,,,,https://www.linkedin.com/in/emily-feldman-b472b924,
eJAqsfDZJGq735PO9j35,gLH2IpwdYxBFfJXtl4fn,phillip.weaver@la-z-boy.com,Phillip Weaver,Phillip,Weaver,,,,,Senior Director of Strategy & Analytics,,,,La-Z-Boy Incorporated,,,,,,https://www.linkedin.com/in/weaverphillip,
eWQigtOaZmR8NDRgkSsk,0kWYG08PvN2OHTLllaup,dan.kaitten@microchip.com,Dan Kaitten,Dan,Kaitten,,,,,Marketing director,,,,Microchip Technology,,,,,,https://www.linkedin.com/in/dan-kaitten-62516b73,
empZXMdMj9XOY2pKuROQ,hCa6IZlFmq6vkEC9aJcX,anna.kirk@ge.com,Anna Kirk,Anna,Kirk,,,,,"Senior Director, Marketing Strategy & Integration, U.S./Canada",,,,GE Healthcare,,,,,,https://www.linkedin.com/in/annabaxterkirk,
evzELLdQq3DGlBks0Owe,dvYDEoMmEKSsSs9KNVy8,albert_nadjfej@cargill.com,Albert Nadjfej,Albert,Nadjfej,,,,,CMO,,,,Cargill,,,,,,https://www.linkedin.com/in/albert-nadjfej-1a55a3b,
exJEyw7CmOVe4lSkJWIV,IrFnBz6enPLeQ68fg4wk,tjusth@utzsnacks.com,Tiffani Justh,Tiffani,Justh,,,,,"Vice President, Marketing",,,,Utz Quality Foods,,,,,,https://www.linkedin.com/in/tiffani-justh-4713512b,
fCyzkeoCMuU6fFzZny2K,q2gLgxX07AepEpzn3Ak2,taryn_barclay@cargill.com,Taryn Barclay,Taryn,Barclay,,,,,"Senior Director, Strategic Partnerships & Stakeholder Engagement",,,,Cargill,,,,,,https://www.linkedin.com/in/taryn-barclay-593a3217,
fKe5r3AwFNwRpO7rm33d,5rauvAhB8DBbNOoGjY6O,marina_crocker@cargill.com,Marina Crocker,Marina,Crocker,,,,,"Strategy Director, Cargill Health Technologies",,,,Cargill,,,,,,https://www.linkedin.com/in/marina-crocker-86214113,
fTQbMzpieiH3F7oTZ6p8,hRmjepOS49QOZDR3HPpC,michael.lindsey@gmail.com,Michael Lindsey,Michael,Lindsey,,,,,Board Of Directors,,,,Danimer Scientific,,TRUE,,,,https://www.linkedin.com/in/michael-lindsey-54122814,
fn4qpvkT62InvECw7O9C,J004S6hJySxE6Yj4WEBJ,astevens@knoll.com,Alana Stevens,Alana,Stevens,,,,,"SVP, Chief Marketing Officer",,,,Knoll,,,,,,https://www.linkedin.com/in/alana-stevens-3298b318,
fnKiECZDJ9xI4MPq6aEM,ukFRu0y5tkLBBVmJ640I,blair.lawson@beautycounter.com,Blair Lawson,Blair,Lawson,,,,,Chief Merchandising & Marketing Officer,,,,Beautycounter,,,,,,https://www.linkedin.com/in/blair-lawson-2908004,
ftVSeN2cbgMy71X0hq2o,utOFiKndHmc91eyK9EUu,jtolonen@haemonetics.com,Jeff Tolonen,Jeff,Tolonen,,,,,"Vice President of Marketing, Global Plasma",,,,Haemonetics,,,,,,https://www.linkedin.com/in/jefftolonen,
gEKT7WOQXPLWrn3a2A5a,VxD3R2jFxQjiyZTOOYWV,mtom@snyderslance.com,Mertensotto Tom,Mertensotto,Tom,,,,,Director Marketing Innovation,,,,"Snyder's-Lance, Inc.",,,,,,https://www.linkedin.com/in/tommertensotto,
gNnAqpdeHwmCO2lCWlwf,KeppYxQoMtqBkYOnmFOW,riccardo.mora@cbrands.com,Riccardo Mora,Riccardo,Mora,,,,,Director of Marketing,,,,Constelation Brands - Icon,,,,,,https://www.linkedin.com/in/riccardo-mora-17b3185,
gcXCWufW0KwKM6z5fS6N,IPNGxX1cuCDrnvz2PFOI,randy.eronimous@darigold.com,Randy Eronimous,Randy,Eronimous,,,,,Senior Director Strategy & Planning,,,,Darigold,,,,,,https://www.linkedin.com/in/randy-eronimous-94b2169,
go6Nm8XQVDgllDUeAZJR,7gg4EnCSwJRd7QKAIfaP,eduardo.rodriguez@kimberly-clark.com,Eduardo Rodriguez,Eduardo,Rodriguez,,,,,Global Marketing Sr Director,,,,Kimberly-Clark,,,,,,https://www.linkedin.com/in/eduardo-rodriguez-3519a840,
gvGKUV7CPPyqaWczS0LQ,zTpGdRe6ML5NbKDh8SLh,smisra@us.medical.canon,Satrajit Misra,Satrajit,Misra,,,,,,,,,,,,,,,https://www.linkedin.com/in/satrajit-misra-45a9302,
hGos8KITiyGwm9YsEm3m,9dcL4rinBxpO1q3vrUPo,felix.guimoye@jnj.com,Felix Guimoye,Felix,Guimoye,,,,,WW Director of Marketing,,,,Johnson & Johnson,,,,,,https://www.linkedin.com/in/felix-guimoye-94a6579,
hHReW340ADzXoM2srho6,jrgeQqCOX5BYHNC17Igr,craig.treankler@treehousefoods.com,Craig Treankler,Craig,Treankler,,,,,"SVP, Marketing and Strategy",,,,TreeHouse Foods,,,,,,https://www.linkedin.com/in/craig-treankler-a770086,
hNHjfABlicbWGBG39PhL,wqrE7rfWYnaDlAxZF5Jb,jwirkus@petsmart.com,Joice Wirkus,Joice,Wirkus,,,,,"VP, Marketing Strategy & Operations",,,,Big Lots Stores,,TRUE,,,,https://www.linkedin.com/in/joice-kempton-wirkus-96a1695,
hSI4GsYXZZNanvQ86A9b,VVLyUOhAkXdsCOb6CsDt,eewart@starbucks.com,Emilie Ewart,Emilie,Ewart,,,,,,,,,,,,,,,https://www.linkedin.com/in/emilie-ewart,
hSumLffdO1cY5g2B3pSy,f2FdWgr13eQk5XL0GME6,megan.powers@apeelsciences.com,Megan Powers,Megan,Powers,,,,,Director of Brand Strategy,,,,Apeel Sciences,,,,,,https://www.linkedin.com/in/megan-powers-65b6b119,
hVdKIHsisbYuEe1tDy6Y,Sk4SjMYVjMEbv9DqA8EL,kien.nguyen@jnj.com,Kien Nguyen,Kien,Nguyen,,,,,Managing Director,,,,"Alpha MedTec, LLC",,TRUE,,,,https://www.linkedin.com/in/ktnguyen,
hx5FfQN9dY3JpwvFDiW4,7j29bGtLmOW4bbvNdY7O,dan.jackson@mars.com,Dan Jackson,Dan,Jackson,,,,,Vice President of Marketing - NA Mars Food,,,,Mars,,,,,,https://www.linkedin.com/in/dan-jackson-15233328,
i29d1Kcp14aMR2UoCpXR,7fi0QdFnuq8HNUSbDIpg,elizabeth.hitch@molsoncoors.com,Elizabeth Hitch,Elizabeth,Hitch,,,,,Marketing Director- Hard Seltzers,,,,Molson Coors Beverage Company,,,,,,https://www.linkedin.com/in/elizabethhitch,
iAkz1GdZalnJ4ZKm3SMA,sy4MJ3uWkXI7XAwWSz3F,lynda.ramsey@domtar.com,Lynda Ramsey,Lynda,Ramsey,,,,,Direcotr Sales Operations/National Accounts,,,,Domtar,,,,,,https://www.linkedin.com/in/lynda-ramsey-a1692a4,
iEHbFYEUli1CfhoOOdAW,jAYs7zCBa38RFZptAMKJ,shawn.gerstenkorn@kerry.com,Shawn Gerstenkorn,Shawn,Gerstenkorn,,,,,"Director of Marketing Strategy, Beverages",,,,Kerry,,,,,,https://www.linkedin.com/in/shawn-gerstenkorn-2520b87,
iouNA91qvRT9C5nzip9B,HaKfbxsNcf4i8E7KxdrN,carole.casto@cummins.com,Carole Casto,Carole,Casto,,,,,Vice President-Marketing and Communications,,,,Cummins Inc.,,,,,,https://www.linkedin.com/in/carole-casto-91b2b14,
it2IeE7KDvL6IZzOjn2r,r220RvivVbWF9zagjhCb,kimberly.roberts@ejgallo.com,Kimberly Roberts,Kimberly,Roberts,,,,,Director of Marketing,,,,E. & J. Gallo Winery,,,,,,https://www.linkedin.com/in/kimberly-roberts-7479833,
j0uMr2gVR2zSv5QdMHb1,FvWQsPnAwLM4IJmkMJsd,richard.white@fmc.com,Richard White,Richard,White,,,,,Director of Marketing,,,,FMC,,,,,,https://www.linkedin.com/in/richard-white-6290616,
jA4xEDrlWqvbZ7Alsi0w,S7RakPfX8EOyt3MCjIae,mary@mondelezinternational.com,Mary West,Mary,West,,,,,Chief Category and Marketing Officer,,,,MondelÄ“z International,,,,,,https://www.linkedin.com/in/mary-beth-west-8b94965b,
jG4bmLRn9NCfV0rkiQBk,bScJcUuTfpSZaY4RdOQQ,joe.robertson@bluebell.com,Joe Robertson,Joe,Robertson,,,,,Executive Director of Advertising and Marketing,,,,Blue Bell Creameries,,,,,,https://www.linkedin.com/in/joe-robertson-6640b241,
jGSE550D6oOvizx0tM1v,sTq3wAWJjqs4lxaslRFd,eleanor.french@ipaper.com,Eleanor French,Eleanor,French,,,,,,,,,,,,,,,https://www.linkedin.com/in/eleanor-french-3867a6a,
jHWYo8rnhBrFV3Dn6nk4,IWiTv8DY4soCf4YE0Uc7,glenn.thomas@gehealthcare.com,Glenn Thomas,Glenn,Thomas,,,,,Global Chief Marketing Officer,,,,GE Healthcare,,,,,,https://www.linkedin.com/in/glennathomas-cmo,
jJF7HidQxnjYKiGtUsXb,fYw0EOl64pSQfkpCHdYt,roxanne.bernstein@yahoo.com,Roxanne Bernstein,Roxanne,Bernstein,,,,,Chief Marketing Officer,,,,Post Consumer Brands,,,,,,https://www.linkedin.com/in/roxanne-bernstein-ba71294,
jL5dWIFmffvwsA5FVKHL,Oh35Znqie1fJubVeWyha,phil.dewester@dawnfoods.com,Phil DeWester,Phil,DeWester,,,,,Sr. Director of Category Marketing,,,,Dawn Foods Global,,,,,,https://www.linkedin.com/in/pdewester,
jLjlyveTJHOCpxe0vSMd,wjSqa18Bn6hEai06K0oB,jim_bramwell@baxter.com,Jim Bramwell,Jim,Bramwell,,,,,,,,,,,TRUE,,,,https://www.linkedin.com/in/jim-bramwell-ab07181,
jd3ZCFvZIw6qMXVjHXNh,mF2novuv2kg3vJQj3kTV,jennifer.lapaugh@dawnfoods.com,Jennifer Lapaugh,Jennifer,Lapaugh,,,,,"Sr Director, Regional & Artisanal Channel Marketing",,,,Dawn Foods Global,,,,,,https://www.linkedin.com/in/jennifer-lapaugh-b7913211,
jqQbZb9VQUZCx5n2DrWW,mG4frA9RzAZJFhyzQLa8,mpakula@invenergy.com,Maggie Pakula,Maggie,Pakula,,,,,"Vice President, Strategy",,,,Invenergy LLC,,,,,,https://www.linkedin.com/in/maggie-pakula-10b34714,
jqwpeES3hi0DhDkUUjOn,HzSBilVbsdmfyOLF5fZM,tballard@gopro.com,Todd Ballard,Todd,Ballard,,,,,Chief Marketing Officer,,,,GoPro,,,,,,https://www.linkedin.com/in/nxttodd,
kGZoCxcHWhxkHqESeph9,OByH8tHLOOzcP6h7fyFM,surbhi.martin@danone.com,Surbhi Martin,Surbhi,Martin,,,,,Vice President Marketing,,,,Danone,,,,,,https://www.linkedin.com/in/surbhi-martin-b825483,
kJsXLkOENsnYyRri5wO9,NPgaFOcRYwnCHGB8I7ru,mprior@ofs.com,Molly Prior,Molly,Prior,,,,,Director of Marketing,,,,OFS,,,,,,https://www.linkedin.com/in/molly-prior-15461831,
kTbhIbSER7MGoP8wzyo0,dDbDlHKkx09qfT5BycBV,damfahr@3m.com,Danielle Amfahr,Danielle,Amfahr,,,,,"Director, Strategy & Marketing Development",,,,3M,,,,,,https://www.linkedin.com/in/danielle-amfahr-837740,
kkeF2apQa23NUyZu8egy,eRdm4ah09UQDN2D9OEoH,plawrence@chg.com,Pam Lawrence,Pam,Lawrence,,,,,Director of Marketing,,,,Mission Restaurant Supply,,,,,,https://www.linkedin.com/in/pamyee,
l1E2F0sQVQlaX82relvM,cpHB0ilvaHOQwRvkyUaM,whitney.young@energizer.com,Whitney Young,Whitney,Young,,,,,Director of Marketing,,,,Energizer Holdings,,,,,,https://www.linkedin.com/in/whitneyjyoung,
lK0Db08yABynYsmucTc1,a769JwSHvcnFt6Wk0WzX,colleen.hall@tyson.com,Colleen Hall,Colleen,Hall,,,,,"Senior Marketing Director, Tyson",,,,Tyson Foods,,,,,,https://www.linkedin.com/in/colleenmichelehall,
lNb1Yas7fSzRfQ271ahS,RwXUdubBC8nKcJVUsxy5,john.crowder@jbssa.com,John Crowder,John,Crowder,,,,,"Head Of Marketing, Beef",,,,JBS USA,,,,,,https://www.linkedin.com/in/johnpcrowder,
le6Q57HloKGnciXdIXQR,TPhp6ZrFPxiXaW1B6Ry3,chip.bond@kdrp.com,Chip Bond,Chip,Bond,,,,,"Director, Strategy",,,,Keurig Dr Pepper Inc.,,,,,,https://www.linkedin.com/in/chip-bond-7ba19511,
lkrk3xPU8LXYFxshqLmE,sXAHpTrlZ2zb03QjzZkK,jennifer@mondelezinternational.com,Jennifer Hull,Jennifer,Hull,,,,,Marketing Director,,,,MondelÄ“z International,,,,,,https://www.linkedin.com/in/jennifer-hull-7b46084,
lmeZ0McCckYSgIvSODLT,H1FSGkMW6ghspDsoIpex,caitlin.brinkman@kao.com,Caitlin Brinkman,Caitlin,Brinkman,,,,,"Associate Director, Channel Strategy & Marketing (Oribe, Goldwell, KMS, Varis)",,,,Kao Corporation,,TRUE,,,,https://www.linkedin.com/in/caitlinbrinkman,
lmqpYI76Y4LWyC7wS4Xa,ktUdxDV9aKL1npKxXO6V,henry.vandenberg@pg.com,Henry Vandenberg,Henry,Vandenberg,,,,,Manager Women's Health,,,,Procter & Gamble,,,,,,https://www.linkedin.com/in/henry-vandenberg-a80b179,
lxyMG1ysX0wiBbqmD0AI,YDEFnpGhCXAzeQPGyK0E,rhernandez@flexsteel.com,Ron Hernandez,Ron,Hernandez,,,,,Director of Marketing and Retail Development,,,,Flexsteel Industries Inc.,,,,,,https://www.linkedin.com/in/ron-hernandez-a30726a,
m5jCNxjLRcx7DHkJ3JJ3,yJBtXZai6S0p9dfam0cm,jake.scheerhorn@tyson.com,Jake Scheerhorn,Jake,Scheerhorn,,,,,Strategy,,,,Tyson Foods,,,,,,https://www.linkedin.com/in/jake-scheerhorn-7771119,
mFV5WXQPZTKrWG8hNGxD,udJyBmSfSZNNfT5uxUA2,schlueter@247laundryservice.com,Brennen Schlueter,Brennen,Schlueter,,,,,Associate Director Of Strategy,,,,Laundry Service,,,,,,https://www.linkedin.com/in/brennenschlueter,
mGyiTZNwbybw3OlZMkxZ,MkjKdSGkFqJYbKf9V8Qc,mikeparibello@smithfieldfoods.com,Mike Paribello,Mike,Paribello,,,,,"Sr. Director, Marketing, Innovation, Consumer & Category Insights",,,,Smithfield Foods,,,,,,https://www.linkedin.com/in/mike-paribello-99b9a3136,
mXdDbp2siDwRZyXdXgh7,bseqp3vJ9WMs7iLhtwNN,gordie_laurencell@tripplite.com,Gordie Laurencell,Gordie,Laurencell,,,,,Director of Marketing Communications,,,,Tripp Lite,,,,,,https://www.linkedin.com/in/gordie-laurencell-22544b2a,
mY7LqFAwO7GxltU4vLDc,eqASxZuIRGnhA4tctXWr,eli.winkler@la-z-boy.com,Eli Winkler,Eli,Winkler,,,,,Chief Marketing Officer,,,,La-Z-Boy Incorporated,,,,,,https://www.linkedin.com/in/eliwinkler,
mne1MJjrO2s2lt5kvWlX,spkhCeYtCdqMvS4J3KyT,ken.kosonen@cbrands.com,Ken Kosonen,Ken,Kosonen,,,,,Category Channel Director,,,,Constellation Brands Beer Division,,,,,,https://www.linkedin.com/in/ken-kosonen-7116807,
mw7PC0uKiI06iy552VoV,8DFeSTYDqL49BkdiT6Vy,kim.nasse@parpharm.com,Kim Nasse,Kim,Nasse,,,,,"Senior Director, Marketing & Business Analytics",,,,Par Pharmaceutical,,,,,,https://www.linkedin.com/in/kim-nasse-2514548,
mwvMPmqYyMwcQwcabbzo,kQM2nk30iB35bTwMeHdE,rcwkent@gmail.com,Remi Kent,Remi,Kent,,,,,Chief Marketing Officer,,,,3M,,,,,,https://www.linkedin.com/in/remi-kent-63322a31,
n03NDAxNQ7R8eRdwSgq7,9PETxbdlMMjB2xUdW9ih,popp@247laundryservice.com,Jaimie Popp,Jaimie,Popp,,,,,Director of Strategy,,,,Laundry Service,,,,,,https://www.linkedin.com/in/jaimiepopp,
n6vD9SK0TmMk3bFqlcML,ucUNqyvqiTxxBc43Rvox,jayesh.goyal@aggreko.com,Jayesh Goyal,Jayesh,Goyal,,,,,Senior Vice President of Sales and Marketing,,,,Aggreko,,,,,,https://www.linkedin.com/in/jayesh-goyal-7980b82,
nEBEPihjj2wdobTFXBTm,RBAzT7NRclKSnCIZSSwE,mmerrifield@bfl-corp.com,Mandy Merrifield,Mandy,Merrifield,,,,,Marketing & Advertising Director,,,,Braum's,,,,,,https://www.linkedin.com/in/mandy-merrifield-75690345,
nMR9OTLHC3ZLKhZFOtFk,zKKSONwX4G10Lbgtlv7O,ddarr@dfamilk.com,David Darr,David,Darr,,,,,"Senior Vice President, Chief Strategy & Sustainability Officer",,,,Dairy Farmers of America,,,,,,https://www.linkedin.com/in/david-darr-1b47584,
nl7ZRkdIYs5JZRZVGKVU,if5g5DwMYxN12eKztYTj,john.filla@nidec-motor.com,John Filla,John,Filla,,,,,,,,,,,,,,,https://www.linkedin.com/in/john-filla-20570938,
nq9zpY3UB9WWz99NEzy8,XlFtZU7gT4s11MIILxTL,keeeun@lgchem.com,Kee Eun,Kee,Eun,,,,,Vice President Marketing,,,,LG Chem,,,,,,https://www.linkedin.com/in/kee-eun-30466111,
ntjogift1SpjNiUQIGuM,unt9ZcFnIv2YN6ZIhs57,me@sumairaflower.com,Sumaira Ahmed,Sumaira,Ahmed,,,,,Director of Strategic Marketing & Business Development,,,,Brigham and Women's Hospital,,,,,,https://www.linkedin.com/in/sumairaahmed,
oAqU4FUQHm3DANlHX72I,DHkDnIiDuAteLVWKvxm2,dwightluck@lgchem.com,Dwight Luck,Dwight,Luck,,,,,Director of Sales & Marketing,,,,LG Chem,,,,,,https://www.linkedin.com/in/dwight-luck-6b7034a,
oBMkBK4yKh5amQeBGHce,39KyniwjFRPSbmel0YID,robert_mullett@bose.com,Robert Mullett,Robert,Mullett,,,,,"Director, Strategy and Operations",,,,Bose Corporation,,,,,,https://www.linkedin.com/in/robertmullett,
oETUdNuKS3RadZ7twCII,swaxxkqQ9H9PRr1BsJRv,erik.wetter@kraftheinzcompany.com,Erik Wetter,Erik,Wetter,,,,,"Director, Strategy",,,,The Kraft Heinz Company,,,,,,https://www.linkedin.com/in/erik-wetter-58995317,
oKKFz6t1TNhxtuP27btq,xllu5wzyM3en1ggSX3zq,pwhitty@invenergy.com,Patrick Whitty,Patrick,Whitty,,,,,"Vice President, Marketing",,,,Invenergy LLC,,,,,,https://www.linkedin.com/in/patrick-whitty-2a68735,
oPm1BJOpkNmMyIplaL2q,4vubHUU4V0U4kqVPJPoS,geoff.tanner@jmsmucker.com,Geoff Tanner,Geoff,Tanner,,,,,Chief Marketing & Commercial Officer,,,,The J.M. Smucker Company,,,,,,https://www.linkedin.com/in/geoff-tanner-6b494123,
okRrjuTAy1FMrH4Uq1KY,wWs5xoqIM2RmBcy3XmOI,fareborz_zamaniyan@pall.com,Fareborz Zamaniyan,Fareborz,Zamaniyan,,,,,Senior Vice President Marketing,,,,Pall Corporation,,,,,,https://www.linkedin.com/in/fareborz-zock-zamaniyan-69b6881a,
ozAA4jgZW3kzbmyyClBJ,6op8UKI1t4wiUXmRMqY3,spollack@nicepak.com,Seth Pollack,Seth,Pollack,,,,,"Director, Strategy & Insights",,,,"Nice-Pak Products, Inc.",,,,,,https://www.linkedin.com/in/seth-pollack-9ab96b1,
p4Oo02WhGnh7bARY7mIm,NMxRsc6P4Kg2TY9gjeBd,a.warren@elitechgroup.com,Amanda Warren,Amanda,Warren,,,,,Director of Marketing and Business Development,,,,ELITechGroup,,,,,,https://www.linkedin.com/in/amandahopewarren,
p9cLcUea41wF7CUCdEXn,GjOxxxujWMYCHY9ZlWYz,richard.petro@bunge.com,Richard Petro,Richard,Petro,,,,,"Vice President, Sales & Marketing - Protein",,,,Bunge,,,,,,https://www.linkedin.com/in/richard-petro-a05750,
pUk1dveGHVxXmKwNGYcp,WBLM9ONOrAwxsyW7dMDG,david.mcmullin@novartis.com,David McMullin,David,McMullin,,,,,Global Marketing Director,,,,Novartis,,,,,,https://www.linkedin.com/in/david-mcmullin-61486b10/,
pWcbxs6TjTJ4OqciTD6T,WoeqXbyIfXeF1r0wZcMj,cscott@gopro.com,Christian Scott,Christian,Scott,,,,,"Global Marketing Director, Lifestyle",,,,GoPro,,,,,,https://www.linkedin.com/in/christian-scott-1897361a,
pYDW2L6bKUUIc3RaDngM,ASQADE9W0bmnU8QBJNIn,jgraham@us.medical.canon,Joseph Graham,Joseph,Graham,,,,,"Vice President, Service Sales and Marketing",,,,"Canon Medical Systems USA, Inc.",,,,,,https://www.linkedin.com/in/joseph-graham-6a15a522,
pai9GRz5YpiyqcZwafVv,YTwgrxRVl6zER93erx3X,brian_leach@bd.com,Brian Leach,Brian,Leach,,,,,,,,,,,,,,,https://www.linkedin.com/in/brian-leach-0ab843,
pjOgyjtGqjxrjSkhVORD,ycVHfBJJo4gpo3amLW7V,jennifer.ping@barilla.com,Jennifer Ping,Jennifer,Ping,,,,,Manager of Strategic Initiatives - Transportation Department,,,,Archer Daniels Midland Company,,,,,,https://www.linkedin.com/in/jenniferbennett-il,
pmug1ONXZCBfjr50JCgN,PXM8BAbHw9yEnsBDkoty,latres.jarrett@csmbakerysolutions.com,LaTres Jarrett,LaTres,Jarrett,,,,,Director Of Strategic Partnerships,,,,CSM Bakery Solutions,,TRUE,,,,https://www.linkedin.com/in/latres-jarrett-261543144,
pwMGfvbRd6KAGHmlow20,5tQBUTlRb32wQh1Hs7Zd,sonia.sahney@gehealthcare.com,Sonia Sahney,Sonia,Sahney,,,,,Global Marketing Director,,,,GE Healthcare,,,,,,https://www.linkedin.com/in/sonia-sahney,
qW7IBxqiCAlhATdUDRbm,qovxhfqI6B8srBJMLldo,dchiang@starbucks.com,David Chiang,David,Chiang,,,,,"Director Marketing, Category and Loyalty & Digital Experience (LATAM)",,,,Starbucks,,,,,,https://www.linkedin.com/in/davidachiang,
qpHlnlhirH5IahsUNzUA,VzSekVNutzZAxivREN3R,brian.hensler@ge.com,Brian Hensler,Brian,Hensler,,,,,Director - Channel Business Development,,,,Schneider Electric,,,,,,https://www.linkedin.com/in/brianhensler,
qrDxrGFN3gYJeGZVS3WD,BECMy6UAevUKkSZR1qmc,fbuehler@starbucks.com,Fred Buehler,Fred,Buehler,,,,,,,,,,,,,,,https://www.linkedin.com/in/fredbuehler1,
qySObep69lydp4lCFQoE,u2Y05CskjBlPpvPuRhLB,jack.cottrell@haworth.com,Jack Cottrell,Jack,Cottrell,,,,,Vice President of Channel and Dealer Development,,,,Haworth,,,,,,https://www.linkedin.com/in/jackcottrell,
r4f9C1GsTTNtUBDdANw4,qbeNo99r2seqUq3lnz34,michelle.jacques@unilever.com,Michelle Jacques,Michelle,Jacques,,,,,Chief Marketing Officer,,,,Molson Coors Beverage Company,,,,,,https://www.linkedin.com/in/michelle-st-jacques-8233574,
r5joN5HvMyec5sCo6QBq,emLkSV7nLjNOOwQVTvYQ,amit.philip@treehousefoods.com,Amit Philip,Amit,Philip,,,,,"SVP, Chief Strategy Officer",,,,TreeHouse Foods,,,,,,https://www.linkedin.com/in/amit-philip,
r64A5glPHuRQxWBwQvGX,0AhTir2oA5qWQh1wzwVI,christine.damico@jnj.com,Christine Damico,Christine,Damico,,,,,"Senior Director, Strategy & External Affairs- Office of the Chief Scientific Officer",,,,Johnson & Johnson,,,,,,https://www.linkedin.com/in/christine-damico-3417068,
rI6bN9yDPv91Au9HJzC6,gRfQ0FW9tZal3ig99WCJ,elena.taylor@dawnfoods.com,Elena Taylor,Elena,Taylor,,,,,Sr Marketing Director,,,,Dawn Foods Global,,,,,,https://www.linkedin.com/in/elena-taylor-67006011,
rNY8tf7cRJfBCjMWak53,nqVMjkwwURWiDhiq7J3i,michelle.gomez@inventuregroup.net,Michelle Gomez,Michelle,Gomez,,,,,Marketing Director,,,,Post Consumer Brands,,,,,,https://www.linkedin.com/in/michellegomez1,
rU59ncdQYp0HZOUHDLtT,EqIy034OVVC5cbcIFuLw,kristin.gibbs@nestle.com,Kristin Gibbs,Kristin,Gibbs,,,,,Director of Marketing,,,,Nestle,,,,,,https://www.linkedin.com/in/kristin-gibbs-3528135,
rlWzVOzZYoUGWnCWYbIj,jviGZI8NPax3ZMCEZvcS,ealves@vijon.com,Eduardo Alves,Eduardo,Alves,,,,,,,,,,,,,,,https://www.linkedin.com/in/eduardo-alves-1373121,
s6cTPwoR96qnElCYpWSu,5fqKjj2iGfxWRja9r3Nq,jason.pawloski@haworth.com,Jason Pawloski,Jason,Pawloski,,,,,Global Digital Marketing Director,,,,Haworth,,,,,,https://www.linkedin.com/in/jasonpawloski,
sIxk8a4lcwmetQEog0Cj,BIocGsMYlLGGFajWQPVT,rupal.kankariya@rb.com,Rupal Kankariya,Rupal,Kankariya,,,,,Innovation and eCommerce Partnerships Specialist,,,,RB,,,,,,https://www.linkedin.com/in/rupal-kankariya-a0448980,
sLd7Khd51QQANcvOUmOZ,sfYil67ZlQ6XlAgS67aR,b.popp@auntmillies.com,Bohn Popp,Bohn,Popp,,,,,Vice President of Marketing,,,,Aunt Millie's Bakeries,,,,,,https://www.linkedin.com/in/bohn-popp-013409a4,
sPBskSlLw6I8btVnbknv,sGtifc7bKvmY8J4hYVFt,mark.stavro@bunge.com,Mark Stavro,Mark,Stavro,,,,,Global Marketing Director,,,,Bunge,,,,,,https://www.linkedin.com/in/mark-stavro-a1292b34,
shshxZhM4bbbDxyAgLS6,oqyZU6xWCfiZYwz2Og6q,tamara.brehm@danone.com,Tamara Brehm,Tamara,Brehm,,,,,"Director, Strategy & Insights, Innovation and Enterprise Practices",,,,Danone North America,,,,,,https://www.linkedin.com/in/tamara-brehm-2019,
spKDZr42AkrLCSYuM8b9,g8uDR5kKEpNyGULLUaYj,kelly.max@medtronic.com,Kelly Max,Kelly,Max,,,,,"Director, Strategic Account Partnerships - Diabetes Group",,,,Medtronic,,,,,,https://www.linkedin.com/in/kelly-max-93238013,
sw3MCaNaRxm10rw7gDUY,oyZDXD29SArzHkvcdl8A,kmilhous@enphase.com,Ken Milhous,Ken,Milhous,,,,,"Senior Director, Brand and Marketing",,,,Enphase Energy,,,,,,https://www.linkedin.com/in/kenmilhous,
swYeJBX74FIq7I3jcBfr,CffdlYNaxP0HDDDeQwx8,haled@gojo.com,David Hale,David,Hale,,,,,Strategy Vice President,,,,GOJO Industries,,,,,,https://www.linkedin.com/in/david-hale-780b13,
tIVfSAttyeJku6YBXIIj,Aj8weL7EUw32QUPitH8f,williamsd@gojo.com,David Williams,David,Williams,,,,,Senior Marketing Director,,,,GOJO Industries,,,,,,https://www.linkedin.com/in/david-williams-45055b45,
tfunWED9o7XuPIohF5kK,V54Wg5uDprUyJ0k5dRcy,kjohnston@alto-shaam.com,Kellee Johnston,Kellee,Johnston,,,,,Vice President of Marketing,,,,"Alto-Shaam, Inc.",,,,,,https://www.linkedin.com/in/kellee-johnston-20b55216,
tmAoRk7Ul3cnL3K76XjS,UYBfVFoHdVuJbTsBQSk8,greg_goehle@bd.com,Greg Goehle,Greg,Goehle,,,,,Director Corporate Strategy and Development at BD,,,,BD,,,,,,https://www.linkedin.com/in/greg-goehle-5049a717,
tw75yPk23DWBgzTSqwnL,DBen6rxV0gRzYCd2L5T4,janda@campbellsoupcompany.com,Janda Lukin,Janda,Lukin,,,,,"Chief Marketing Officer, Campbell Snacks",,,,Campbell Soup Company,,,,,,https://www.linkedin.com/in/jandalukin,
uB2M7epIjUh8IosLDa4k,vi09WIaT3cXQRovIQyYP,mshea@appliedmedical.com,Michael Shea,Michael,Shea,,,,,"Director, Strategic Procurement",,,,Applied Medical,,,,,,https://www.linkedin.com/in/michael-shea-a6379413,
uOUJY4sZIvHKHZOE1eKD,2zYOcONqD1uTAeBuEjxt,anne.ward@pg.com,Anne Ward,Anne,Ward,,,,,CEO & Board Director,,,,CURiO Brands,,TRUE,,,,https://www.linkedin.com/in/asempowskiward,
uS4wAVnR5KIPEJ88cVxW,TQSjJcNEE8IZfELCIHWG,amanda.marx@lifefitness.com,Amanda Marx,Amanda,Marx,,,,,"Director, Digital and Product Marketing",,,,Life Fitness,,,,,,https://www.linkedin.com/in/amandamarx,
uTi5XzLAVPKzrcqsQWYV,XCET22mq4OQd5QWoXyCV,bharding@petsmart.com,Bryan Harding,Bryan,Harding,,,,,"Director, Brand Strategy & Marketing",,,,PetSmart Charities,,,,,,https://www.linkedin.com/in/bryan-harding-83248211,
ufVb3jYlnWkI6krlBXjd,Y1bF60a16hrvYbrvrz80,priscilla_galgan@tripplite.com,Priscilla Galgan,Priscilla,Galgan,,,,,Vice President Sales/Marketing,,,,Tripp Lite,,,,,,https://www.linkedin.com/in/priscilla-galgan-37640b2a,
ujYMRh0EI2PMkaWm9pRy,Ui0ZE374FTmImOjKyWaW,michael.wheeler@kerry.com,Michael Wheeler,Michael,Wheeler,,,,,"North America Director of Marketing, Island Oasis Beverage Brand",,,,Kerry,,,,,,https://www.linkedin.com/in/michaelangelowheeler,
upPWZcXKlBhJqGw5vEbl,ZmsCUgNENiRjBKTdVsjx,rachel.long@la-z-boy.com,Rachel Long,Rachel,Long,,,,,Channel Marketing Specialist,,,,La-Z-Boy Incorporated,,,,,,https://www.linkedin.com/in/rachel-long-2019,
v21USiOAAU0V8Mu7xU9H,IdaTuSsMMtMyJN1UEbfk,brandon.gass@xperi.com,Brandon Gass,Brandon,Gass,,,,,"Global Marketing Director - Content, A/V Production & Innovation",,,,Xperi Corporation,,,,,,https://www.linkedin.com/in/brandongass,
vQfuIjIAQKk7Z6Qgn4AL,MEFohDXINLomewmXRP7c,marc.filerman@smith-nephew.com,Marc Filerman,Marc,Filerman,,,,,,,,,,,,,,,https://www.linkedin.com/in/marc-filerman-855747,
vfLvR7whnFLodfcI5Am9,Y0uJHxcYDuZTwy5BQvL9,richard_dickson@baxter.com,Richard Dickson,Richard,Dickson,,,,,Marketing Director,,,,Baxter International Inc.,,,,,,https://www.linkedin.com/in/richard-dickson-b153436b,
vjL30jLKr5WjgoaJ8ELz,lBCix7mzjSsWtju4Mx1c,tabate@medline.com,Tim Abate,Tim,Abate,,,,,Chief Marketing Officer,,,,"Medline Industries, Inc.",,,,,,https://www.linkedin.com/in/tim-abate-3359614a,
vlzbxrgShz0PEfV2dfJC,UiMVRzfipVd7VISG3MZx,catherine.harrell@integer.net,Catherine Harrell,Catherine,Harrell,,,,,Chief Marketing Officer,,,,Franciscan Missionaries of Our Lady Health System,,,,,,https://www.linkedin.com/in/catherine-harrell-190965a,
w4KSGWGwYQL5Pq95KVf2,3dYrJ9Ew1hJAlkYTbqzm,michael.altamuro@parpharm.com,Michael Altamuro,Michael,Altamuro,,,,,"Senior Vice President, Commercial Operations & Marketing",,,,Par Pharmaceutical,,,,,,https://www.linkedin.com/in/michael-j-altamuro-5209969,
wG40RNpUNCOZL7B2KYPS,i6dB2jXdwkDuWkMdpFYA,chris.thelen@natus.com,Chris Thelen,Chris,Thelen,,,,,,,,,,,,,,,https://www.linkedin.com/in/chris-thelen-9946591,
wtZBk7BD8Stsn8PReggG,thIat1g3QFQzpdKT0L1z,mendres@3m.com,Mark Endres,Mark,Endres,,,,,"Vice President, Strategic Partnerships",,,,"3M Health Information Systems, 3M Health Care",,,,,,https://www.linkedin.com/in/markendres,
wtjhoVE1MQ0Pc3EMnzIP,eUdiAbqy1Jk7kuD770bT,jcaplain@gmail.com,Jeff Caplain,Jeff,Caplain,,,,,"Senior Director, Direct Marketing",,,,Brigham and Women's Hospital,,,,,,https://www.linkedin.com/in/jeffcaplain,
wwDM1gkIjTkrEacgF08U,er1y6WrHk4e43DKsM4IS,jhuson@dfamilk.com,Jennifer Huson,Jennifer,Huson,,,,,"Senior Director, Marketing,Council Affairs and Industry Relations",,,,Dairy Farmers of America,,,,,,https://www.linkedin.com/in/jenniferhuson,
wzIOxptqopR296aVONUT,Y6OaG4Uad36seeajbL7F,terrihudak@orthofix.com,Terri Hudak,Terri,Hudak,,,,,"Senior Director of Marketing, Biologics",,,,Orthofix,,,,,,https://www.linkedin.com/in/terri-riley-hudak-a2b9355,
x5IiLmLCMWuTlYFye1lO,Lx31hgHVUxzdI3eaD4XU,james.mcgowan@enersys.com,James McGowan,James,McGowan,,,,,Marketing Programs Manager,,,,EnerSys,,,,,,https://www.linkedin.com/in/james-mcgowan-65562756,
xNH7UutzhqUFeJI0EtiI,35uexV5bkl2afdG825S0,brian.holdrich@welbilt.com,Brian Holdrich,Brian,Holdrich,,,,,"Vice President Marketing, Americas",,,,Welbilt Inc.,,,,,,https://www.linkedin.com/in/brian-holdrich-7527998,
y5WMDYLKyTvVRobpWBHf,VJdmUsTi0zMmMheVGYcu,louis.dias@medtronic.com,Louis Dias,Louis,Dias,,,,,Vice President of Global Marketing and Chief Patient Officer,,,,Medtronic,,,,,,https://www.linkedin.com/in/louis-dias-4516502,
y6IXACY5yV5WDAy4pmeM,OCca0K4ioGJ5OQCccONg,pelham_norville@bose.com,Pelham Norville,Pelham,Norville,,,,,"Director, Corporate Strategy",,,,Bose Corporation,,,,,,https://www.linkedin.com/in/pelham-norville-66b1a82,
yT1yfuGqv9q1ov1ZHPgP,GmoBUTiSD6zQYFBzM85P,lynn.eversgerd@gehealthcare.com,Lynn Eversgerd,Lynn,Eversgerd,,,,,"Chief Marketing Officer, GE Healthcare Partners",,,,GE Healthcare,,,,,,https://www.linkedin.com/in/lynneversgerd,
yo4XdGjt1kHpERO7jjIJ,FgbKcnnHfg9tmjnrkSGL,avallabh@medline.com,Alka Vallabh,Alka,Vallabh,,,,,Director of Marketing,,,,"Medline Industries, Inc.",,,,,,https://www.linkedin.com/in/alka-vallabh-93789319,
z53Wrn51c7TRGGdCtbV7,nV0msEWwO40lSuhgGbGM,steven.stump@natus.com,Steven Stump,Steven,Stump,,,,,Director of Marketing Communications and Operations,,,,Natus Medical Incorporated,,,,,,https://www.linkedin.com/in/steven-stump-ab15578,
zH5WLGHgFfzE2ecpvTR6,Vu3Y3b4cWCR7tevz89rR,rob_brenner@baxter.com,Rob Brenner,Rob,Brenner,,,,,Director Strategy,,,,Baxter International Inc.,,,,,,https://www.linkedin.com/in/rob-brenner-9722045,
zU8ptXEPeKVamzA1Ff2n,eswn8J9216jYwiAbwdvF,connie.vivrett@bunge.com,Connie Vivrett,Connie,Vivrett,,,,,"Director, Digital Strategy",,,,Bunge,,,,,,https://www.linkedin.com/in/connievivrett,
zay8Mef9RqxUcATaEmVU,XKJWkdiO3QyaApYUmryQ,ddemartin@steelcase.com,Doug DeMartin,Doug,DeMartin,,,,,Director of Corporate Strategy,,,,Steelcase,,,,,,https://www.linkedin.com/in/dougdemartin,
ziIYq6z0gQK3TxntBA0l,LafMC3kXFFFCoYPwGhjf,lhartfelder@babcock.com,Lindsay Hartfelder,Lindsay,Hartfelder,,,,,Director of Integrated Marketing,,,,Babcock & Wilcox,,,,,,https://www.linkedin.com/in/lindsay-hartfelder-a7b69917,
zmvOt2KM8FkP3uzQ2drk,oshrpdony6ByrktSET3h,bbrewer@starbucks.com,Brady Brewer,Brady,Brewer,,,,,"evp, Chief Marketing Officer",,,,Starbucks,,,,,,https://www.linkedin.com/in/brady-brewer-64a2034,
zqPdXXb4FCqp2hr8DRDd,6PjYjQLBKcE5lUDt4kYv,lindsey.rollin@beautycounter.com,Lindsey Rollin,Lindsey,Rollin,,,,,"Senior Director, Product Marketing",,,,Beautycounter,,,,,,https://www.linkedin.com/in/lindseyrollin,
zvdHFDZ67tENRJktxC5M,kJUxhOl05JJ7crwibPxQ,melissa.shearer@conehealth.com,Melissa Shearer,Melissa,Shearer,,,,,"Executive Director, Strategy and Planning",,,,Cone Health,,,,,,https://www.linkedin.com/in/melissa-shearer-6195695,
