Name,Title,Company,Email,LinkedIn URL Detected,Life Cycle Stage
Emily Tornqviste,,British Heart Foundation,tornqviste@bhf.org.uk,https://www.linkedin.com/in/emily-tornqvist-a9284855/?originalSubdomain=uk,Customer
Ana,,Retorno Digital,ana@retornodigital.mx,https://www.linkedin.com/in/anacristinasanchez/,Customer
Martijn Roskes,,Somention,martijn@somention.com,https://www.linkedin.com/in/martijnroskes/?originalSubdomain=nl,Customer
Natasha Hunt,,British Heart Foundation,huntna@bhf.org.uk,https://www.linkedin.com/in/natasha-hunt-119ba2124/?originalSubdomain=uk,Customer
Sharmening,,es99.agency,sharmening@es99.agency,,Customer
Kelli,,ResultsDrivenMktg,kelli@digitalrdm.com,https://www.linkedin.com/in/kelli-frederick-17ba25b8/,Customer
Oliver Steward,,REED,oliver.steward@reed.co.uk,https://www.linkedin.com/in/megan-oliver-4758b145/,Customer
Thomas Gladding,CEO,thomasgladding.com,hello@thomasgladding.com,https://www.linkedin.com/in/thomasgladding/?originalSubdomain=uk,Customer
Brian Zavala,CEO,Public Alliance,bzavala@public-alliance.com,https://www.linkedin.com/in/thebrianking13/,Customer
Christina Richter,N/A,Christina Richter,christina@christina-richter.net,https://www.linkedin.com/in/christina-richter/?originalSubdomain=de,Customer
Saravana Ganesh,Founder & CEO,Jaspreet Anand,saravana@astralpresence.in,https://www.linkedin.com/in/saravana-ganesh-37a956178/?originalSubdomain=in,Customer
Athar Abidi,Head of Social,British Heart Foundation,abidia@bhf.org.uk,https://www.linkedin.com/in/athar-abidi-6a35609/?originalSubdomain=uk,Customer
Maria Christina Marchi,,Stuart,m.marchi@stuart.com,https://www.linkedin.com/in/maria-christina-marchi-40251b8a/?originalSubdomain=uk,Customer
Stephanie Cartin,,"SOCIALFLY, LLC",steph@socialflyny.com,https://www.linkedin.com/in/stephjillcartin/,Customer
Shayon Dasverma,Inbound & Outbound Marketer,ANJ Creations Pvt,shayon@anjcreations.in,https://www.linkedin.com/in/shayon-dasverma-38172034/?originalSubdomain=in,Customer
Shannon Terry,Marketing & Business Development,a.i. solutions,shannon.terry@ai-solutions.com,https://www.linkedin.com/in/shannon-terry-6462a195/,Customer
,,gcreative.eu,office@gcreative.eu,,Customer
Tiberiu Ivan,,gcreative.eu,tibi@gcreative.eu,https://www.linkedin.com/in/tiberiu-ivan-5ab87036/?originalSubdomain=ro,Customer
Hollie Hoadley,,Creative Solutions,hollie@needcs.com,https://www.linkedin.com/in/holliehoadley/?originalSubdomain=ca,Customer
Jules Mahon,,"SOCIALFLY, LLC",jules@socialflyny.com,https://www.linkedin.com/in/julianamahon/,Customer
Cassaundra Palmer,,"SOCIALFLY, LLC",cassaundra@socialflyny.com,https://www.linkedin.com/in/cassaundrapalmer/,Customer
Caitlin Stower,,"SOCIALFLY, LLC",caitlin@socialflyny.com,https://www.linkedin.com/in/caitlin-stower/,Customer
Jason Flynn,,"SOCIALFLY, LLC",jason@socialflyny.com,https://www.linkedin.com/in/jason-flynn-74b8261a3/,Customer
Katie Bartasevich,Group Brand Director,Decoded Advertising,kbartasevich@decodedadvertising.com,https://www.linkedin.com/in/kbartasevich/,Customer
Abhinav Jerath,,ANJ Creations Pvt,aj@anjcreations.in,https://www.linkedin.com/in/abhinav-jerath-0a439a66/?originalSubdomain=in,Customer
Ishita Sharda,,ANJ Creations Pvt,ishita.sharda@anjcreations.in,https://www.linkedin.com/in/ishita-sharda-77b20b1a/?originalSubdomain=in,Customer
Ramandeep Singh,,ANJ Creations Pvt,ramandeep@anjcreations.in,https://www.linkedin.com/in/ramandeep-singh-1b671388/?originalSubdomain=in,Customer
Joshua Ward,,bluecarbonkc.com,joshua@bluecarbonkc.com,https://www.linkedin.com/in/joshua-ward-476030153/,Customer
Julio Cano,,bientruchagroup.com,julio@bientruchagroup.com,https://www.linkedin.com/in/julio-cano-33a9518/,Customer
ALI BENNIS,,Tribal DDB Casablanca,bali@tribalddb.ma,https://www.linkedin.com/in/ali-bennis-32246638/?external_page=LPC.Immersive&external_control=ViewProfileInLinkedInLink&external_app_instance=dcb5d565-29a3-49b7-be7b-3302ebc32a48&external_page_instance=646f0923-c0c7-4b21-881a-55d155ef6560,Customer
Jaredj,,cardprosystems.com,jaredj@cardprosystems.com,https://www.linkedin.com/in/jared-johnson-82198728/,Customer
Nicole Meehan,,Banter Group,nicole@bantergroup.com.au,https://www.linkedin.com/in/nicolemeehan01/?originalSubdomain=au,Customer
Johna Charles,,Feazel Inc.,jcharles@feazelinc.com,https://www.linkedin.com/in/johnathan-charles/,Customer
Phoebe Glasfurd,,Glasfurd & Walker,phoebe@glasfurdandwalker.com,https://www.linkedin.com/in/phoebeglasfurd/?originalSubdomain=ca,Customer
Sarah Maher,,Ontario Hockey League,sjmaher@chl.ca,https://www.linkedin.com/in/sarah-jean-maher/?originalSubdomain=ca,Customer
Rebekah Ho,,Glasfurd & Walker,rebekah@glasfurdandwalker.com,https://www.linkedin.com/in/rebekahho/?originalSubdomain=ca,Customer
Aren Fieldwalker,,Glasfurd & Walker,aren@glasfurdandwalker.com,https://www.linkedin.com/in/arenfieldwalker/?originalSubdomain=ca,Customer
Shayna Macklin,,"SOCIALFLY, LLC",shayna@socialflyny.com,https://www.linkedin.com/in/shaynamacklin/,Customer
Erica Henderson,Head of Social,Light Switch Digital,erica@lightswitchdigital.com,https://www.linkedin.com/in/ericahenderson/,Customer
Alaina Toatley,,Decoded Advertising,atoatley@decodedadvertising.com,https://www.linkedin.com/in/alaina-t-046b35111/,Customer
Jeffrey Kerrane,,kerranestorz.com,jkerrane@kerranestorz.com,https://www.linkedin.com/in/jeffkerrane/,Customer
Caroline Blauvelt,,WKH Solutions,caroline@wkhsolutions.com,https://www.linkedin.com/in/caroline-blauvelt-b68413139/,Customer
,,WKH Solutions,sam@wkhsolutions.com,,Customer
Sarah Boyack,,WKH Solutions,sarah@wkhsolutions.com,https://www.linkedin.com/in/sarah-boyack-a9b5b0108/,Customer
Susan Johnson,,WKH Solutions,susan@wkhsolutions.com,https://www.linkedin.com/in/wkhsolutions/,Customer
Frédéric Lacasse,,OSE Numérique ,lacasse.fred@gmail.com,https://www.linkedin.com/in/lacassefred/?external_page=LPC.Immersive&external_control=ViewProfileInLinkedInLink&external_app_instance=dcb5d565-29a3-49b7-be7b-3302ebc32a48&external_page_instance=0cf7096b-2447-488a-a1de-5bb6631c401b,Customer
Sara Jdily,,Tribal DDB Casablanca,s.jdily@tribalddb.ma,https://www.linkedin.com/in/sarajdily/?originalSubdomain=ma,Customer
Khadija Belmajdoub,,Tribal DDB Casablanca,khadija@tribalddb.ma,,Customer
Frederic Lacasse,,,info@osenumerique.com,https://www.linkedin.com/in/frederic-lacasse-39404a46/?originalSubdomain=ca,Customer
Meg Smith,,Kompany39 LLC,meg@kompany39.com,https://www.linkedin.com/in/mscgoldsparrow/,Customer
Corrie Jones,Owner,Untapped Digital Ltd,corrie@untappeddigital.co,https://www.linkedin.com/in/corrie-jones-73537b192/,Customer
Josh Sweetland,,,jsweetland@chl.ca,https://www.linkedin.com/in/josh-sweetland-05214a81/,Customer
Rocky Antolini,,"SOCIALFLY, LLC",rocky@socialflyny.com,,Customer
Christina Billias,,"SOCIALFLY, LLC",christina@socialflyny.com,https://www.linkedin.com/in/christina-billias-76865a114/,Customer
Cristin McGrath,,"SOCIALFLY, LLC",cristin@socialflyny.com,https://www.linkedin.com/in/cristinmcgrath/,Customer
David Barwig,,"SOCIALFLY, LLC",david@socialflyny.com,https://www.linkedin.com/in/dbarwig/,Customer
Disha Singh,,"SOCIALFLY, LLC",disha@socialflyny.com,https://www.linkedin.com/in/disha-singh4221/,Customer
Krista Turkel,,"SOCIALFLY, LLC",krista@socialflyny.com,https://www.linkedin.com/in/kristaturkel/,Customer
Katina Charles,,Anne Arundel Dermatology Inc,kacharles@aadermatology.com,https://www.linkedin.com/in/katinacharles/,Customer
Amandio Paz,,wik-karting.be,amandio@wik-karting.be,https://www.linkedin.com/in/amandio-paz-3456b237/?external_page=LPC.Immersive&external_control=ViewProfileInLinkedInLink&external_app_instance=dcb5d565-29a3-49b7-be7b-3302ebc32a48&external_page_instance=5587a875-f9fd-410c-a361-9bdc540c082b,Customer
Justin Lamb,,magnetik-marketing.com,justin@magnetik-marketing.com,https://www.linkedin.com/in/justin-lamb-4a036a11/,Customer
Ivanna Martinez-Gonzalez,,outlier.org,ivanna.martinez@me.com,https://www.linkedin.com/in/ivanna-martinez-gonzalez-a91aab6b/,Customer
Jason Yormark,Principal Owner,Socialistics,jason@socialistics.com,https://www.linkedin.com/in/jasonyormark/,Customer
Cory Horne,,Riverworks Marketing,cory@riverworks.biz,,Customer
Kayla Faye,,cultivatecreativeagency.com,kayla@cultivatecreativeagency.com,https://www.linkedin.com/in/kayla-adair-16380930/?external_page=LPC.Immersive&external_control=ViewProfileInLinkedInLink&external_app_instance=dcb5d565-29a3-49b7-be7b-3302ebc32a48&external_page_instance=d5f429e6-a0bb-4d03-8681-ccbc09914f30,Customer
Valérie Martin,,lebonplanmarketing.com,valerie@lebonplanmarketing.com,https://www.linkedin.com/in/val%C3%A9rie-martin-07aa8479/?originalSubdomain=ca,Customer
,,Wavre Indoor Karting,sybille@wik-karting.be,,Customer
Omaima SALIHI,,Tribal DDB Casablanca,o.salihi@tribalddb.ma,https://www.linkedin.com/in/omaima-salihi-2031b6183/,Customer
Sabrine Naïm,,Tribal DDB Casablanca,s.naim@tribalddb.ma,https://www.linkedin.com/in/sabrine-naime-5b5717ab/,Customer
Mohamed Chakour,,Tribal DDB Casablanca,m.chakour@tribalddb.ma,https://www.linkedin.com/in/mohamedchakour/?originalSubdomain=ma,Customer
Doha Elayazi,,Tribal DDB Casablanca,d.elayazi@tribalddb.ma,https://www.linkedin.com/in/doha-elayazi-a402b5117/?originalSubdomain=ma,Customer
Widiane Skalli,,Tribal DDB Casablanca,w.skalli@tribalddb.ma,https://www.linkedin.com/in/yasmineshaki/?originalSubdomain=ma,Customer
Souniane YOUMNI,,Tribal DDB Casablanca,s.youmni@tribalddb.ma,https://www.linkedin.com/in/souniane-youmni-76a837173/?originalSubdomain=ma,Customer
Mohamed LAHBICHI,,Tribal DDB Casablanca,m.lahbichi@tribalddb.ma,https://www.linkedin.com/in/la7bichi/,Customer
Camelia Asaad,,Tribal DDB Casablanca,c.asaad@tribalddb.ma,https://www.linkedin.com/in/cam%C3%A9lia-asaad/?originalSubdomain=ma,Customer
Ivanna Martinez-Gonzalez,,outlier.org,ivanna@outlier.org,https://www.linkedin.com/in/ivanna-martinez-gonzalez-a91aab6b/,Customer
Melissa Gaudreau,,Pilates vitality and wellness,melissa@pilatesvitalitywellness.com,https://www.linkedin.com/in/melissa-gaudreau-66273798/?originalSubdomain=ca,Customer
Jescey Visagie,,Gondwana Collection Namibia,content@gondwana-collection.com,https://www.linkedin.com/in/jes-visagie-29a778112/?trk=public_profile_browsemap_profile-result-card_result-card_full-click,Customer
Joanna Leahy,,Aquilant,joanna.leahy@aquilantservices.com,https://www.linkedin.com/in/joanna-leahy-4aa3618a/?originalSubdomain=uk,Customer
Howard Ohori,,GNR8R,howard.ohori@gnr8r.ca,https://www.linkedin.com/in/hohori/?originalSubdomain=ca,Customer
Allie Dinielli,,Light Switch Digital,allie@lightswitchdigital.com,https://www.linkedin.com/in/allie-dinielli-208a8148/,Customer
Cinnamon Sary,,Light Switch Digital,cinnamon@lightswitchdigital.com,https://www.linkedin.com/in/cinnamon-sary-917178a9/,Customer
Kathryn Hoy,,Light Switch Digital,kathryn@lightswitchdigital.com,https://www.linkedin.com/in/kathryn-hoy-46616299/,Customer
Margot Simon,,Light Switch Digital,margot@lightswitchdigital.com,https://www.linkedin.com/in/simonmargot/,Customer
"Tomislav Hengl",,OpenGeoHub Foundation,tom.hengl@opengeohub.org,https://www.linkedin.com/in/thengl/,Customer
LeBonPlan,,Le Bon Plan,info@lebonplanmarketing.com,https://www.linkedin.com/in/lebonplan-sn-97620a16a/,Customer
Patrick Ind,,,patrick@wkhsolutions.com,https://www.linkedin.com/in/patrick-ind-7bb1379/,Customer
Marcus Svensson,Head of Growth,Albacross,marcus.svensson@albacross.com,https://www.linkedin.com/in/marcus-svensson-1bb85a115/?originalSubdomain=se,Opportunity
Christy Heenan,CEO,Virtuall & Co.,cheenan@virtuall.ca,https://www.linkedin.com/in/virtuall/,Opportunity
Giordano Damian,Social Media Specialist,Páprica Comunicação,giordano@paprica.ag,https://www.linkedin.com/in/gidamian/?originalSubdomain=br,Opportunity
Sarah Healy,Social Media & Content Strategist,Trampoline,sarah@trampolinebranding.com,https://www.linkedin.com/in/sarahahealy/,Opportunity
Noor Ramay,social media manager,"Philo, Inc",noor@philo.com,https://www.linkedin.com/in/noorramay/,Opportunity
Takumi Kawahara,Co-founder and CEO,KonMari Media Inc.,takumi@konmari.com,https://www.linkedin.com/in/takumi-kawahara-ba107b96/,Opportunity
Rodrigo Samwell,Global Chief Marketing Officer,esl,r.samwell@eslgaming.com,https://www.linkedin.com/in/rodrigosamwell/,Opportunity
Joe Orten,Head of Paid Social Strategy,That Lot,joe@thatlot.co.uk,https://www.linkedin.com/in/joeorton86/?originalSubdomain=uk,Opportunity
Laura Tannenbaum,,That Lot,laura@thatlot.co.uk,https://www.linkedin.com/in/lauratannenbaum/,Opportunity
Tarek Esper,,SOCIALEYEZ,tarek@social-eyez.com,https://www.linkedin.com/in/tarekesper/,Opportunity
Sean McCorkindale,,Porsche Cars Great Britain Limited,sean.mccorkindale@partner.porsche.co.uk,https://www.linkedin.com/in/sean-mccorkindale-b4393559/,Opportunity
Mark Forte,,R/GA,mark.forte@rga.com,https://www.linkedin.com/in/markrforte/,Opportunity
Lachlan Williams,,R/GA,lachlan.williams@rga.com,https://www.linkedin.com/in/lachlanwilliams/,Opportunity
Nuria Tarre,,City Football Group Ltd,nuria.tarre@cityfootball.com,https://www.linkedin.com/in/nuriatarre/,Opportunity
Matthew Snodgrass,,Syneos Health,matthew.snodgrass@syneoshealth.com,https://www.linkedin.com/in/mattsnod/,Opportunity
Lucy Kenny,,Spark44,lucyk2@spark44.com,https://www.linkedin.com/in/lucy-hampton-2a154647/,Opportunity
Norbert Op ’t Land,Team Lead // Social Media,elbkind,optland@elbkind.de,https://www.linkedin.com/in/norbertoptland/,Opportunity
Emma Lyskava,,Social Chain Ltd,emma.lyskava@socialchain.com,https://www.linkedin.com/in/emma-lyskava-96043559/,Opportunity
Rocio,,Social Chain Ltd,rocio@socialchain.com,https://www.linkedin.com/in/rociogalandalmau/,Opportunity
Brandon Osmond,,Boncom Inc,bosmond@boncom.com,https://www.linkedin.com/in/brandon-osmond-9bab4a11/,Opportunity
Alexa McGriff,,moxieusa,alexa.mcgriff@moxieusa.com,https://www.linkedin.com/in/alexamcgriff/,Opportunity
Itay Rahat,,Warner Music Group,itay.rahat@wmg.com,https://www.linkedin.com/in/itayrahat/,Opportunity
Emily Sherwin,Social Media Account Director,Innocean Worldwide Europe,emily.sherwin@innocean.eu,https://www.linkedin.com/in/emily-sherwin-25901184/?originalSubdomain=uk,Opportunity
Lucy Hampton,Social Media Account Director,Innocean Worldwide Europe,lucy.hampton@innocean.eu,https://www.linkedin.com/in/lucy-hampton-2a154647/?originalSubdomain=uk,Opportunity
Jean-Marc Lahaye,Founder and CEO,Histoires Digitales,jmlahaye1@gmail.com,https://www.linkedin.com/in/jeanmarclahaye/,Opportunity
Amanda Lehner,,HelpGood,amanda@helpgood.com,https://www.linkedin.com/in/amandalehner/,Opportunity
Michael Bellavia,,HelpGood,michael@helpgood.com,https://www.linkedin.com/in/michaelbellavia/,Opportunity
Jake Potter,Social Media Manager,Colt Technology Services Group Limited,jake.potter@colt.net,https://www.linkedin.com/in/jake-potter/,Opportunity
Sarah Allwardt,,Kane Residential,sallwardt@kaneresidential.com,https://www.linkedin.com/in/sarahallwardt/,Opportunity
Heather Pocorobba,,2U,hpocorobba@2u.com,https://www.linkedin.com/in/heatherrenaep/,Opportunity
Oliver Steward,,Reed Online Ltd,oliver.steward@reed.com,https://www.linkedin.com/in/oliver-steward-9902543b/,Opportunity
Isaac Holt,,everystoryagency.com,isaac.holt@everystoryagency.com,https://www.linkedin.com/in/isaac-holt-0115ab183/,Opportunity
Asher Chester,,Agency Within,asher@agencywithin.com,https://www.linkedin.com/in/asherchester/,Opportunity
Florin Tufan,,soleadify.com,florin@soleadify.com,https://www.linkedin.com/in/florin-tufan-3b0b66173/,Opportunity
Hillary Houghton,,OH Partners,h.houghton@ohpartners.com,https://www.linkedin.com/in/hillary-houghton-819b2768/,Opportunity
Madelyn Lydon,,OH Partners,m.lydon@ohpartners.com,https://www.linkedin.com/in/madelynlydon/,Opportunity
Rafael Richards,,Augustine,rrichards@augustineagency.com,https://www.linkedin.com/in/rafaelrichards/,Opportunity
Beatriz McDonald,,Augustine,bmcdonald@augustineagency.com,https://www.linkedin.com/in/beatrizmcdonald/,Opportunity
Derek Bryant,,The Wood Agency,derek@thewoodagency.com,https://www.linkedin.com/in/derek-bryant-35a57524/,Opportunity
Jorge Cevallos,Marketing Director,mediajetmarketing.com,jorge@mediajetmarketing.com,https://www.linkedin.com/in/jorge-cevallos-a8ba5753/,Opportunity
Alexandra Sanders,Social Media Manager,My Theresa,alexandra.sanders@mytheresa.com,https://www.linkedin.com/in/alexandra-sanders-593b68ab/?originalSubdomain=de,Opportunity
Katie Fee,Social Media Manager,Red Light Management,katie.fee@redlightmanagement.com,https://www.linkedin.com/in/kaitlinf/,Opportunity
Jennifer Bird,Head of Digital Strategy,Red Light Management,jennifer.bird@redlightmanagement.com,https://www.linkedin.com/in/jenbirdistheword/,Opportunity
Jaime Duque Cevallos,Editorial Content Manager,ESL,j.duque@eslgaming.com,https://www.linkedin.com/in/jaducev/,Opportunity
Mackenzie Weber,Strategist + Marketing Manager,HelpGood,mackenzie@helpgood.com,https://www.linkedin.com/in/mackenzieweber/,Opportunity
Mateus Gravatá Portilho,Senior Social Media Manager,Cloud9,mateus@cloud9.gg,https://www.linkedin.com/in/mateus-gravat%C3%A1-portilho-947529150/,Opportunity
Janet Kim,Social Media Manager,Cloud9,janet@cloud9.gg,https://www.linkedin.com/in/janet-kim-6060a3148/,Opportunity
Stuart Hardy,Social Media Manager,Dealer Inspire Inc.,stuartmhardy@gmail.com,https://www.linkedin.com/in/stuart-hardy-b3808162/,Opportunity
Jorge La Rosa Arancibia,Digital Marketing Strategist,Cheil Worldwide,jlrarancibia@gmail.com,https://www.linkedin.com/in/jorgelarosa/,Opportunity
Anna Orzelski,Social Media Community Manager,Quandoo GmbH,anna.orzelski@quandoo.com,https://www.linkedin.com/in/anna-orzelski-9899b5110/,Opportunity
Thecrew Communication,Director,The Crew Communication,thecrew@thecrewcommunication.com,https://www.linkedin.com/in/john-crew-communication/,Opportunity
Clare Richardson,"Director, Communications & Member Services",Nickel Institute,crichardson@nickelinstitute.org,https://www.linkedin.com/in/clare-richardson-9a074b/,Opportunity
Sara García González,Media Executive,Innocean Worldwide Spain,garcia@innocean.eu,https://www.linkedin.com/in/sara-garc%C3%ADa-gonz%C3%A1lez-a6369428/,Opportunity
Virginia Zuloaga,Founder,"Brieffin Consulting, Sl",virginia@brieffin.com,https://www.linkedin.com/in/virginiazuloaga/,Opportunity
Gert Hauben,Social Media & Community Manager,Prophets,ghauben@prophets.be,https://www.linkedin.com/in/gerthauben/,Opportunity
Alejandro Di Trolio,Executive Creative Director,Cheil Worldwide,a.ditrolio@cheil.com,https://www.linkedin.com/in/ditrolio/,Opportunity
Sylvie Verbeke,Communication & Marketing Expo,Bozar,sylvie.verbeke@bozar.be,https://www.linkedin.com/in/sylvie-verbeke-36350a43/,Opportunity
Sandrine Demolin,Head of Communication & Marketing,Bozar,sandrine.demolin@bozar.be,https://www.linkedin.com/in/sandrine-demolin-4149aa17/,Opportunity
Justien Dewil,Public Relations & Social Media Officer,Walibi Belgium,justien.dewil@walibi.com,https://www.linkedin.com/in/justiendewil/,Opportunity
Katie Brinkley,Digital Marketing Strategist | Founder,Next Step Social Communications,scheduling@acuityscheduling.com,https://www.linkedin.com/in/katiebrinkley/,Opportunity
Zachariah  Kozlowski-Best,Marketing and Communications Officer at Westway Community Transport,Westway CT,zach@westwayct.org.uk,https://www.linkedin.com/in/zkozlowskibest/,Opportunity
Connor Macleod,Social Media Coordinator,virtualroots.ca,connor@virtualroots.ca,https://www.linkedin.com/in/connor-a-macleod/?originalSubdomain=ca,Opportunity
Taline Jirian,"Deputy Director, Marketing And Development",The Ottawa Art Gallery (Oag),tjirian@oaggao.ca,https://www.linkedin.com/in/talinejirian/?originalSubdomain=ca,Opportunity
