clientContactID,contactDataID,Email,Full Name,First Name,Last Name,LinkedIn URL from QA,"Title
from CRM","Title
from ProxyCrawl","Title
manually gotten for import to contactData",Final Title,"Company
from CRM","Company
from ProxyCrawl","Company
manually gotten for import to contactData",Final Company,Job Changed?,Job Changed?,Enriched Data Changed?,QA gave wrong URL,Correct LinkedIn URL,LinkedIn URL Final,LinkedIn URL in CRM
QZ8jEYDtkFqL48pGOnjr,XMC8zZKkqHesbmbdr3PO,tornqviste@bhf.org.uk,Emily Tornqviste,,,https://www.linkedin.com/in/emily-tornqvist-a9284855/?originalSubdomain=uk,,Senior Social Media Executive,,Senior Social Media Executive,British Heart Foundation,British Heart Foundation,,British Heart Foundation,Same job,FALSE,TRUE,FALSE,,https://www.linkedin.com/in/emily-tornqvist-a9284855/,
0YxRtppm8eSqWaWeXfZL,8amC62jUSPE6rN3Simwn,ana@retornodigital.mx,Ana,,,https://www.linkedin.com/in/anacristinasanchez/,,Team Leader,,Team Leader,Retorno Digital,Retorno Digital,,Retorno Digital,Same job,FALSE,TRUE,FALSE,,https://www.linkedin.com/in/anacristinasanchez/,
A024XrEYu0nxXf0V5KEO,ap0KQyfgP2t8Uze5fz6r,martijn@somention.com,Martijn Roskes,,,https://www.linkedin.com/in/martijnroskes/?originalSubdomain=nl,,Operations Director,,Operations Director,Somention,Somention,,Somention,Same job,FALSE,TRUE,FALSE,,https://www.linkedin.com/in/martijnroskes/,
g1TdaW7MlcTZHfhNrJds,DKesnOcY55q2wgTqD10u,huntna@bhf.org.uk,Natasha Hunt,,,https://www.linkedin.com/in/natasha-hunt-119ba2124/?originalSubdomain=uk,,Client Associate,,,British Heart Foundation,Fidelity International,,,,FALSE,FALSE,TRUE,,,
jwW52G6FOsMPbT6xxGr2,,sharmening@es99.agency,Sharmening,,,,,,,,es99.agency,,,,,FALSE,FALSE,FALSE,,,
NjNtrdoz3CVOuMmas7uL,QXCJfCjjQK314BZyPHZ4,kelli@digitalrdm.com,Kelli,,,https://www.linkedin.com/in/kelli-frederick-17ba25b8/,,Account Manager,,Account Manager,ResultsDrivenMktg,"Results Driven Marketing, LLC",,"Results Driven Marketing, LLC",Same job,FALSE,TRUE,FALSE,,https://www.linkedin.com/in/kelli-frederick-17ba25b8/,
oWxJFD8JX5nnsPaxNU5l,AI1Kv2FaUCnTa6iUHHK5,oliver.steward@reed.co.uk,Oliver Steward,,,https://www.linkedin.com/in/megan-oliver-4758b145/,,Sales Executive,Head of Marketing and Communications,Head of Marketing and Communications,REED,reed.co.uk,Reed in Partnership,Reed in Partnership,Same job,FALSE,TRUE,TRUE,https://www.linkedin.com/in/oliver-steward-9902543b/,https://www.linkedin.com/in/oliver-steward-9902543b/,
9phk9bbNk9Bg9g4TqDgK,xwOgYN3UDRSfw1W8oUBx,hello@thomasgladding.com,Thomas Gladding,,,https://www.linkedin.com/in/thomasgladding/?originalSubdomain=uk,CEO,Digital Marketing Consultant,,,thomasgladding.com,Community Digital,,,,FALSE,FALSE,TRUE,,,
xbekXE6bKjnKMGpi1LIM,0QiDYMpO07IrXub6pbMk,bzavala@public-alliance.com,Brian Zavala,,,https://www.linkedin.com/in/thebrianking13/,CEO,Social Media Manager,,Social Media Manager,Public Alliance,Public Alliance,,Public Alliance,Same job,FALSE,TRUE,FALSE,,https://www.linkedin.com/in/thebrianking13/,
mYP6t5Uk7UTzhtUnEe7Q,Lu6eeG0Pj3jjzBVtJcOh,christina@christina-richter.net,Christina Richter,,,https://www.linkedin.com/in/christina-richter/?originalSubdomain=de,N/A,,Personal Branding & Communication Strategist,Personal Branding & Communication Strategist,Christina Richter,,Christina Richter,Christina Richter,Same job,FALSE,TRUE,FALSE,,https://www.linkedin.com/in/christina-richter/,
3lNTrDSRET3QAj1s0TCd,BTaBjxcPwQiJyZiK3X8e,saravana@astralpresence.in,Saravana Ganesh,,,https://www.linkedin.com/in/saravana-ganesh-37a956178/?originalSubdomain=in,Founder & CEO,Dir. Sales and Marketing,,Dir. Sales and Marketing,Jaspreet Anand,Oncierre,,Oncierre,Changed company,TRUE,TRUE,FALSE,,https://www.linkedin.com/in/saravana-ganesh-37a956178/,
SUj5sgUAvArnzqG63q7F,gniNEsnBxTVUb5LXTtz3,abidia@bhf.org.uk,Athar Abidi,,,https://www.linkedin.com/in/athar-abidi-6a35609/?originalSubdomain=uk,Head of Social,Head of Social Media,,Head of Social Media,British Heart Foundation,British Heart Foundation,,British Heart Foundation,Same job,FALSE,TRUE,FALSE,,https://www.linkedin.com/in/athar-abidi-6a35609/,https://www.linkedin.com/in/athar-abidi-6a35609/
hveKO3dAO4FZ1WxQt009,3UDmjFktUuUFLCsyGitw,m.marchi@stuart.com,Maria Christina Marchi,,,https://www.linkedin.com/in/maria-christina-marchi-40251b8a/?originalSubdomain=uk,,Marketing Manager,,Marketing Manager,Stuart,Stuart,,Stuart,Same job,FALSE,TRUE,FALSE,,https://www.linkedin.com/in/maria-christina-marchi-40251b8a/,
c6D76jgdRrset3ZulK4y,MqUSdyDEkvt57S1Z4bsr,steph@socialflyny.com,Stephanie Cartin,,,https://www.linkedin.com/in/stephjillcartin/,,Co Host,CEO,CEO,"SOCIALFLY, LLC",Entreprenistas,"SOCIALFLY, LLC","SOCIALFLY, LLC",Same job,FALSE,TRUE,FALSE,,https://www.linkedin.com/in/stephjillcartin/,https://www.linkedin.com/in/stephjillcartin/
WrZWvgeB9l1w1adFNiwK,no7hKOUSe45q93gVOm3L,shayon@anjcreations.in,Shayon Dasverma,,,https://www.linkedin.com/in/shayon-dasverma-38172034/?originalSubdomain=in,Inbound & Outbound Marketer,Senior Manager - Digital,,Senior Manager - Digital,ANJ Creations Pvt,ANJ Creations Pvt Ltd,,ANJ Creations Pvt Ltd,Same job,FALSE,TRUE,FALSE,,https://www.linkedin.com/in/shayon-dasverma-38172034/,
1P1m18lhEVvigeWR53bh,Wg5BtObcFWIv4s41eXss,shannon.terry@ai-solutions.com,Shannon Terry,,,https://www.linkedin.com/in/shannon-terry-6462a195/,Marketing & Business Development,"Manager, Marketing & Business Development",,"Manager, Marketing & Business Development",a.i. solutions,a.i. solutions,,a.i. solutions,Same job,FALSE,TRUE,FALSE,,https://www.linkedin.com/in/shannon-terry-6462a195/,https://www.linkedin.com/in/shannon-terry-6462a195/
d36zArHXHCZWYkGosF9X,k3HgFhXsgO5uLy1dHcHa,office@gcreative.eu,,,,,,,,,gcreative.eu,,,,,FALSE,FALSE,FALSE,,,
pUwZ45Z26Rhj5XEdGUiq,pGdXF53YjGVJIsoz5KtJ,tibi@gcreative.eu,Tiberiu Ivan,,,https://www.linkedin.com/in/tiberiu-ivan-5ab87036/?originalSubdomain=ro,,Owner,,Owner,gcreative.eu,Galleria Creative Shop,,Galleria Creative Shop,Same job,FALSE,TRUE,FALSE,,https://www.linkedin.com/in/tiberiu-ivan-5ab87036/,
oZ2pazWezzLEwZBGTPHo,R2UI7Y0nIoXB56yV31aZ,hollie@needcs.com,Hollie Hoadley,,,https://www.linkedin.com/in/holliehoadley/?originalSubdomain=ca,,Founder,,Founder,Creative Solutions,Creative Solutions,,Creative Solutions,Same job,FALSE,TRUE,FALSE,,https://www.linkedin.com/in/holliehoadley/,
79QpFER2iRbz86TZmuxE,XATxH9jFc58UA4heemhf,jules@socialflyny.com,Jules Mahon,,,https://www.linkedin.com/in/julianamahon/,,Happiness Manager,,Happiness Manager,"SOCIALFLY, LLC",Social Chain,,Social Chain,Changed company,TRUE,TRUE,FALSE,,https://www.linkedin.com/in/julianamahon/,https://www.linkedin.com/in/julianamahon/
UQCmOu1PtkVl0stGMWvS,3OnD7gHmeOe5qOz899JH,cassaundra@socialflyny.com,Cassaundra Palmer,,,https://www.linkedin.com/in/cassaundrapalmer/,,Account Director,,Account Director,"SOCIALFLY, LLC",Brick Media,,Brick Media,Changed company,TRUE,TRUE,FALSE,,https://www.linkedin.com/in/cassaundrapalmer/,https://www.linkedin.com/in/cassaundrapalmer/
DFcogXdvMFhhsBwLfISB,K6FyGFB5cl1UsnKMaJFR,caitlin@socialflyny.com,Caitlin Stower,,,https://www.linkedin.com/in/caitlin-stower/,,Social Media Manager,,Social Media Manager,"SOCIALFLY, LLC",Olivia Palermo Group,,Olivia Palermo Group,Changed company,TRUE,TRUE,FALSE,,https://www.linkedin.com/in/caitlin-stower/,https://www.linkedin.com/in/caitlin-stower/
1xpuyeVZbxz5N01sBTOz,6TGeeDb6q36njbvC2s1J,jason@socialflyny.com,Jason Flynn,,,https://www.linkedin.com/in/jason-flynn-74b8261a3/,,Voice Over Artist,"Senior Manager, Audience & Commercial Insights","Senior Manager, Audience & Commercial Insights","SOCIALFLY, LLC",Flynn Studios,Quartz,Quartz,Changed company,TRUE,TRUE,TRUE,https://www.linkedin.com/in/jmflynn/,https://www.linkedin.com/in/jmflynn/,https://www.linkedin.com/in/jmflynn/
9vuDJOcOEXWSNao5926e,H2zzN0dRtX4McmSK2XPE,kbartasevich@decodedadvertising.com,Katie Bartasevich,,,https://www.linkedin.com/in/kbartasevich/,Group Brand Director,Group Brand Director,,Group Brand Director,Decoded Advertising,Decoded Advertising,,Decoded Advertising,Same job,FALSE,FALSE,FALSE,,https://www.linkedin.com/in/kbartasevich/,
v1SYGewKOkIiLUwSYU7J,rg2G0YXZ7KdCJypj2Vcz,aj@anjcreations.in,Abhinav Jerath,,,https://www.linkedin.com/in/abhinav-jerath-0a439a66/?originalSubdomain=in,,Managing Director,,Managing Director,ANJ Creations Pvt,ANJ Creations Pvt. Ltd.,,ANJ Creations Pvt. Ltd.,Same job,FALSE,TRUE,FALSE,,https://www.linkedin.com/in/abhinav-jerath-0a439a66/,
OojkDVxLefEVJlegwcn8,tgIWyaHxf4wvMe9QPLRq,ishita.sharda@anjcreations.in,Ishita Sharda,,,https://www.linkedin.com/in/ishita-sharda-77b20b1a/?originalSubdomain=in,,Associate Director-Content,,Associate Director-Content,ANJ Creations Pvt,ANJ Creations Pvt Ltd,,ANJ Creations Pvt Ltd,Same job,FALSE,TRUE,FALSE,,https://www.linkedin.com/in/ishita-sharda-77b20b1a/,
yPzibLjSNV7m6aJXTHt3,G9DUy7XdCcRrayEEJ6A8,ramandeep@anjcreations.in,Ramandeep Singh,,,https://www.linkedin.com/in/ramandeep-singh-1b671388/?originalSubdomain=in,,Senior Finance Manager,,Senior Finance Manager,ANJ Creations Pvt,ANJ Creations Pvt Ltd,,ANJ Creations Pvt Ltd,Same job,FALSE,TRUE,FALSE,,https://www.linkedin.com/in/ramandeep-singh-1b671388/,
M3l526bvBwCZ3r0dB5je,ijc2Z4MRmC939yOKVGok,joshua@bluecarbonkc.com,Joshua Ward,,,https://www.linkedin.com/in/joshua-ward-476030153/,,Owner | Photographer,Digital Marketing Specialist,Digital Marketing Specialist,bluecarbonkc.com,Remnant Horizon Media,Blue Carbon Design,Blue Carbon Design,Same job,FALSE,TRUE,TRUE,https://www.linkedin.com/in/jkward112/,https://www.linkedin.com/in/jkward112/,https://www.linkedin.com/in/jkward112/
jxWCRzjSRyp8KmZth9GA,J3FLMzjHSL3TeUHZAmDv,julio@bientruchagroup.com,Julio Cano,,,https://www.linkedin.com/in/julio-cano-33a9518/,,Managing Partner,,Managing Partner,bientruchagroup.com,Bien Trucha Inc.,,Bien Trucha Inc.,Same job,FALSE,TRUE,FALSE,,https://www.linkedin.com/in/julio-cano-33a9518/,
lQ4tuODjroLuCyT5lJCK,ELEaMSfdKuG7BcgUtozB,bali@tribalddb.ma,ALI BENNIS,,,https://www.linkedin.com/in/ali-bennis-32246638/?external_page=LPC.Immersive&external_control=ViewProfileInLinkedInLink&external_app_instance=dcb5d565-29a3-49b7-be7b-3302ebc32a48&external_page_instance=646f0923-c0c7-4b21-881a-55d155ef6560,,Business Development Manager AssociÃ©,,Business Development Manager AssociÃ©,Tribal DDB Casablanca,Tribal DDB Casablanca,,Tribal DDB Casablanca,Same job,FALSE,TRUE,FALSE,,https://www.linkedin.com/in/ali-bennis-32246638/,
LcD6GvjSZaO7h8k9lDnb,GFqlhGqNzTHBtuUC1fZt,jaredj@cardprosystems.com,Jaredj,,,https://www.linkedin.com/in/jared-johnson-82198728/,,Owner,,Owner,cardprosystems.com,CardPRO systems,,CardPRO systems,Same job,FALSE,TRUE,FALSE,,https://www.linkedin.com/in/jared-johnson-82198728/,
3r0dA7i15E8TOLG0Mbiw,qjYtxKmLEoiBJ0w3RRLV,nicole@bantergroup.com.au,Nicole Meehan,,,https://www.linkedin.com/in/nicolemeehan01/?originalSubdomain=au,,Social Media Manager,,Social Media Manager,Banter Group,Banter Group,,Banter Group,Same job,FALSE,TRUE,FALSE,,https://www.linkedin.com/in/nicolemeehan01/,
G9k4k0xlGQCGRETYdU7Q,LzM0mBFx64iPAuhES35L,jcharles@feazelinc.com,Johna Charles,,,https://www.linkedin.com/in/johnathan-charles/,,Digital Marketing Manager,,Digital Marketing Manager,Feazel Inc.,Feazel,,Feazel,Same job,FALSE,TRUE,FALSE,,https://www.linkedin.com/in/johnathan-charles/,
NsQotRspvAsWx7G6NFH6,UWiSOebitURJ8VDYMThZ,phoebe@glasfurdandwalker.com,Phoebe Glasfurd,,,https://www.linkedin.com/in/phoebeglasfurd/?originalSubdomain=ca,,Creative Director | Owner,,Creative Director | Owner,Glasfurd & Walker,Glasfurd & Walker,,Glasfurd & Walker,Same job,FALSE,TRUE,FALSE,,https://www.linkedin.com/in/phoebeglasfurd/,
NII8lsgYyrIOdwGRXxTV,xSOZnoJSDHZ6FIje6oN3,sjmaher@chl.ca,Sarah Maher,,,https://www.linkedin.com/in/sarah-jean-maher/?originalSubdomain=ca,,Communications Manager,,Communications Manager,Ontario Hockey League,Ontario Hockey League,,Ontario Hockey League,Same job,FALSE,TRUE,FALSE,,https://www.linkedin.com/in/sarah-jean-maher/,
FE8X76CA4rRy1AT5DeUr,vxidN9HU2kaHcExexHrf,rebekah@glasfurdandwalker.com,Rebekah Ho,,,https://www.linkedin.com/in/rebekahho/?originalSubdomain=ca,,Social Media Manager,,Social Media Manager,Glasfurd & Walker,Glasfurd & Walker,,Glasfurd & Walker,Same job,FALSE,TRUE,FALSE,,https://www.linkedin.com/in/rebekahho/,
iwIlyKMFoKG6OFJGfVcW,xFarEb4DJQVmMCL9wymz,aren@glasfurdandwalker.com,Aren Fieldwalker,,,https://www.linkedin.com/in/arenfieldwalker/?originalSubdomain=ca,,Co Founder and Managing Director,,Co Founder and Managing Director,Glasfurd & Walker,Glasfurd and Walker,,Glasfurd and Walker,Same job,FALSE,TRUE,FALSE,,https://www.linkedin.com/in/arenfieldwalker/,
pryUtywpUymqS0juqdSr,mbGAIbxgTJg0V6IzdCNU,shayna@socialflyny.com,Shayna Macklin,,,https://www.linkedin.com/in/shaynamacklin/,,Account Supervisor,,Account Supervisor,"SOCIALFLY, LLC",SOCIALFLYÂ®,"SOCIALFLY, LLC","SOCIALFLY, LLC",Same job,FALSE,TRUE,FALSE,,https://www.linkedin.com/in/shaynamacklin/,
2GUOZCiITCMISbXa7JX4,W7VIUERglkkk0ziGeAbv,erica@lightswitchdigital.com,Erica Henderson,,,https://www.linkedin.com/in/ericahenderson/,Head of Social,Head of Social,,Head of Social,Light Switch Digital,Light Switch Digital,,Light Switch Digital,Same job,FALSE,FALSE,FALSE,,https://www.linkedin.com/in/ericahenderson/,https://www.linkedin.com/in/ericahenderson
WZgVMei4I1gl0juzXhBV,qrcyZi4OSp2e1Q9DvOS2,atoatley@decodedadvertising.com,Alaina Toatley,,,https://www.linkedin.com/in/alaina-t-046b35111/,,Brand Coordinator,,Brand Coordinator,Decoded Advertising,Decoded Advertising,,Decoded Advertising,Same job,FALSE,TRUE,FALSE,,https://www.linkedin.com/in/alaina-t-046b35111/,
LFWPczBxQPsRbhvnHieO,dcb1Rw1wJYVcFKRG9Gke,jkerrane@kerranestorz.com,Jeffrey Kerrane,,,https://www.linkedin.com/in/jeffkerrane/,,"Shareholder at Kerrane Storz, P.C.",,"Shareholder at Kerrane Storz, P.C.",kerranestorz.com,"Kerrane Storz, P.C.",,"Kerrane Storz, P.C.",Same job,FALSE,TRUE,FALSE,,https://www.linkedin.com/in/jeffkerrane/,
l9AmTyi8sTVBGeIvbTIR,eve4N0IFaYI8Ck0fRa3H,caroline@wkhsolutions.com,Caroline Blauvelt,,,https://www.linkedin.com/in/caroline-blauvelt-b68413139/,,Registered Behavior Therapist,,Registered Behavior Therapist,WKH Solutions,Emerald Coast Autism Center,,Emerald Coast Autism Center,Changed company,TRUE,TRUE,FALSE,,https://www.linkedin.com/in/caroline-blauvelt-b68413139/,
d43NMYBOEoF61IMoG1pu,uFKbDGBWUMCFHEtqBgm2,sam@wkhsolutions.com,,,,,,,,,WKH Solutions,,,,,FALSE,FALSE,FALSE,,,
EG6RVV6lBTdEoYEu3ZsB,XxRpog2LgadGCdu5C9Vk,sarah@wkhsolutions.com,Sarah Boyack,,,https://www.linkedin.com/in/sarah-boyack-a9b5b0108/,,Traffic Manager,,Traffic Manager,WKH Solutions,WKH Solutions,,WKH Solutions,Same job,FALSE,TRUE,FALSE,,https://www.linkedin.com/in/sarah-boyack-a9b5b0108/,
lRixOMJL7PKYOedwQ74N,P8Ffe3wGn5oRFFPGqyLq,susan@wkhsolutions.com,Susan Johnson,,,https://www.linkedin.com/in/wkhsolutions/,,CEO/Founder,,CEO/Founder,WKH Solutions,WKH Solutions,,WKH Solutions,Same job,FALSE,TRUE,FALSE,,https://www.linkedin.com/in/wkhsolutions/,
0W8MVEmXsCsShIV7dLfg,UTUYuy8wp14meA62YIYv,lacasse.fred@gmail.com,Frédéric Lacasse,,,https://www.linkedin.com/in/lacassefred/?external_page=LPC.Immersive&external_control=ViewProfileInLinkedInLink&external_app_instance=dcb5d565-29a3-49b7-be7b-3302ebc32a48&external_page_instance=0cf7096b-2447-488a-a1de-5bb6631c401b,,Co-Founder,,Co-Founder,OSE Numérique ,OSE NumÃ©rique,OSE Numérique ,OSE Numérique ,Same job,FALSE,TRUE,FALSE,,https://www.linkedin.com/in/lacassefred/,
bxhhb8GA9rrblzzxls82,z0aLEcNNG5O23GLHfvEA,s.jdily@tribalddb.ma,Sara Jdily,,,https://www.linkedin.com/in/sarajdily/?originalSubdomain=ma,,,Head of Social Media,Head of Social Media,Tribal DDB Casablanca,,Tribal DDB Casablanca,Tribal DDB Casablanca,Same job,FALSE,TRUE,FALSE,,https://www.linkedin.com/in/sarajdily/,
2IvFCHgYXUq6a6M7ScQJ,Lfi8ldOe7tPIx4eGbYmJ,khadija@tribalddb.ma,Khadija Belmajdoub,,,,,,,,Tribal DDB Casablanca,,,,,FALSE,FALSE,FALSE,,,
CEFziUUxWUb6oqIuij9J,UTUYuy8wp14meA62YIYv,info@osenumerique.com,Frederic Lacasse,,,https://www.linkedin.com/in/frederic-lacasse-39404a46/?originalSubdomain=ca,,,Co-Founder,Co-Founder,,,OSE Numérique,OSE Numérique,Changed company,TRUE,TRUE,TRUE,https://www.linkedin.com/in/lacassefred/,https://www.linkedin.com/in/lacassefred/,
2zh4zg3nwXufsB0zNTHS,visdeyK9BBghPnAu1Uds,meg@kompany39.com,Meg Smith,,,https://www.linkedin.com/in/mscgoldsparrow/,,VP of Marketing,,VP of Marketing,Kompany39 LLC,Kompany39,,Kompany39,Same job,FALSE,TRUE,FALSE,,https://www.linkedin.com/in/mscgoldsparrow/,
5KPSfxHqGrnZBpvaRNHs,kOUbbWU7Tbynywq8T3Ht,corrie@untappeddigital.co,Corrie Jones,,,https://www.linkedin.com/in/corrie-jones-73537b192/,Owner,Cashier,CEO & Founder,CEO & Founder,Untapped Digital Ltd,BI-LO,UNTAPPED,UNTAPPED,Same job,FALSE,TRUE,TRUE,https://www.linkedin.com/in/corriejones/,https://www.linkedin.com/in/corriejones/,
WfEG1V1VxU7PCN4yzCde,TcHUiMRBdm7phrEEDr10,jsweetland@chl.ca,Josh Sweetland,,,https://www.linkedin.com/in/josh-sweetland-05214a81/,,"Director, Communications",,"Director, Communications",,Ontario Hockey League,,Ontario Hockey League,Same job,FALSE,TRUE,FALSE,,https://www.linkedin.com/in/josh-sweetland-05214a81/,
IThu5nzNCG6r5cRtpqR2,DtPcuVuRyCmjq4dd0N8l,rocky@socialflyny.com,Rocky Antolini,,,,,,,,"SOCIALFLY, LLC",,,,,FALSE,FALSE,FALSE,,,
n0S6JD6iz8jJN7EGtsSo,pU5znQz0VAnZX66B64cq,christina@socialflyny.com,Christina Billias,,,https://www.linkedin.com/in/christina-billias-76865a114/,,Content Strategist,,Content Strategist,"SOCIALFLY, LLC",SOCIALFLYÂ®,"SOCIALFLY, LLC","SOCIALFLY, LLC",Same job,FALSE,TRUE,FALSE,,https://www.linkedin.com/in/christina-billias-76865a114/,
VxwbRNVbAdwVG3kzWDnv,HL7HknrTKIjLbAz8pKZK,cristin@socialflyny.com,Cristin McGrath,,,https://www.linkedin.com/in/cristinmcgrath/,,Director of Client Services,,Director of Client Services,"SOCIALFLY, LLC",SOCIALFLYÂ®,"SOCIALFLY, LLC","SOCIALFLY, LLC",Same job,FALSE,TRUE,FALSE,,https://www.linkedin.com/in/cristinmcgrath/,
GO69aUha0uU8vVL0sODG,QRuKkWSuVe4ZE026oXhh,david@socialflyny.com,David Barwig,,,https://www.linkedin.com/in/dbarwig/,,Managing Director,,Managing Director,"SOCIALFLY, LLC",SOCIALFLYÂ®,"SOCIALFLY, LLC","SOCIALFLY, LLC",Same job,FALSE,TRUE,FALSE,,https://www.linkedin.com/in/dbarwig/,
e6GPNREyFafh26tvfazK,Xj13kupTk5hNDWAjkLhg,disha@socialflyny.com,Disha Singh,,,https://www.linkedin.com/in/disha-singh4221/,,,Social Media Strategist,Social Media Strategist,"SOCIALFLY, LLC",,"SOCIALFLY, LLC","SOCIALFLY, LLC",Same job,FALSE,TRUE,FALSE,,https://www.linkedin.com/in/disha-singh4221/,
wVyuR1Sfr83ldb5mrJ0t,68XlIhGxkgNFI8zOgUCM,krista@socialflyny.com,Krista Turkel,,,https://www.linkedin.com/in/kristaturkel/,,Division Director,,Division Director,"SOCIALFLY, LLC",SOCIALFLYÂ®,"SOCIALFLY, LLC","SOCIALFLY, LLC",Same job,FALSE,TRUE,FALSE,,https://www.linkedin.com/in/kristaturkel/,
cBjj2cqaWvxoHpKsdiu9,TLwlucgbcKFoxaiFG3YC,kacharles@aadermatology.com,Katina Charles,,,https://www.linkedin.com/in/katinacharles/,,Digital Marketing Manager,,Digital Marketing Manager,Anne Arundel Dermatology Inc,Anne Arundel Dermatology,,Anne Arundel Dermatology,Same job,FALSE,TRUE,FALSE,,https://www.linkedin.com/in/katinacharles/,
NoGMpLjWRxZ68HfJDVAs,1VqO82IvczFdrJ3UUUB7,amandio@wik-karting.be,Amandio Paz,,,https://www.linkedin.com/in/amandio-paz-3456b237/?external_page=LPC.Immersive&external_control=ViewProfileInLinkedInLink&external_app_instance=dcb5d565-29a3-49b7-be7b-3302ebc32a48&external_page_instance=5587a875-f9fd-410c-a361-9bdc540c082b,,General Manager,,General Manager,wik-karting.be,Wavre Indoor Karting,,Wavre Indoor Karting,Same job,FALSE,TRUE,FALSE,,https://www.linkedin.com/in/amandio-paz-3456b237/,
ZkjDxeluAwRJJ8VYJBFB,mIGONEdYoFiF9RT1F9hh,justin@magnetik-marketing.com,Justin Lamb,,,https://www.linkedin.com/in/justin-lamb-4a036a11/,,CEO,,CEO,magnetik-marketing.com,J&L Global,,J&L Global,Same job,FALSE,TRUE,FALSE,,https://www.linkedin.com/in/justin-lamb-4a036a11/,
0mEB12vu2cIp6ZDY1v3f,COdIWnWexnLtZXavnmK4,ivanna.martinez@me.com,Ivanna Martinez-Gonzalez,,,https://www.linkedin.com/in/ivanna-martinez-gonzalez-a91aab6b/,,Social Media Manager,,Social Media Manager,outlier.org,Outlier.org,,Outlier.org,Same job,FALSE,TRUE,FALSE,,https://www.linkedin.com/in/ivanna-martinez-gonzalez-a91aab6b/,
h00OfVFkcDbmD3CPP0aA,xr9NiFpXrNzWpS5MIOG5,jason@socialistics.com,Jason Yormark,,,https://www.linkedin.com/in/jasonyormark/,Principal Owner,Principal Owner,,Principal Owner,Socialistics,Socialistics,,Socialistics,Same job,FALSE,FALSE,FALSE,,https://www.linkedin.com/in/jasonyormark/,https://www.linkedin.com/in/jasonyormark/
jwW52G6FOsMPbT6xxGr2,,cory@riverworks.biz,Cory Horne,,,,,,,,Riverworks Marketing,,,,,FALSE,FALSE,FALSE,,,
yLdEF0C4cGGdr2Wl4fbD,vDFW86fhUvQFrlxBdmu5,kayla@cultivatecreativeagency.com,Kayla Faye,,,https://www.linkedin.com/in/kayla-adair-16380930/?external_page=LPC.Immersive&external_control=ViewProfileInLinkedInLink&external_app_instance=dcb5d565-29a3-49b7-be7b-3302ebc32a48&external_page_instance=d5f429e6-a0bb-4d03-8681-ccbc09914f30,,Founder & CEO,,Founder & CEO,cultivatecreativeagency.com,Cultivate Creative Agency,,Cultivate Creative Agency,Same job,FALSE,TRUE,FALSE,,https://www.linkedin.com/in/kayla-adair-16380930/,
eayEPD0intPv7o4JeqYk,m52BPBo6t4QE03DPxqi3,valerie@lebonplanmarketing.com,Valérie Martin,,,https://www.linkedin.com/in/val%C3%A9rie-martin-07aa8479/?originalSubdomain=ca,,Founder,,Founder,lebonplanmarketing.com,Le Bon Plan Marketing,,Le Bon Plan Marketing,Same job,FALSE,TRUE,FALSE,,https://www.linkedin.com/in/val%C3%A9rie-martin-07aa8479/,
0O5MM1EsFneYA4tM2QAK,9a6kdqR1dpB0K1dKq0XK,sybille@wik-karting.be,,,,,,,,,Wavre Indoor Karting,,,,,FALSE,FALSE,FALSE,,,
TgHais19pXeSrdg4AhVu,,o.salihi@tribalddb.ma,Omaima SALIHI,,,https://www.linkedin.com/in/omaima-salihi-2031b6183/,,,,,Tribal DDB Casablanca,,,,,FALSE,FALSE,TRUE,,,
ofCuzbCvRtjIiwGpGIoY,,s.naim@tribalddb.ma,Sabrine Naïm,,,https://www.linkedin.com/in/sabrine-naime-5b5717ab/,,,,,Tribal DDB Casablanca,,,,,FALSE,FALSE,TRUE,,,
FF88aYDj7EwaW63hIOwE,n7ku66ShjmA11Xt5MVBY,m.chakour@tribalddb.ma,Mohamed Chakour,,,https://www.linkedin.com/in/mohamedchakour/?originalSubdomain=ma,,Social Media Manager,,Social Media Manager,Tribal DDB Casablanca,Tribal DDB Casablanca,,Tribal DDB Casablanca,Same job,FALSE,TRUE,FALSE,,https://www.linkedin.com/in/mohamedchakour/,
E4bKD3NElZRLCJOBpa1T,,d.elayazi@tribalddb.ma,Doha Elayazi,,,https://www.linkedin.com/in/doha-elayazi-a402b5117/?originalSubdomain=ma,,Assistante de direction / ChargÃ© d'acceuil,,,Tribal DDB Casablanca,SOCIETE GENERALE MAROC (SGMA),,,,FALSE,FALSE,TRUE,,,
Ooo3xyrVv3COeiMDJv3b,ZJFFIdnvvLrsfnMcR0bL,w.skalli@tribalddb.ma,Widiane Skalli,,,https://www.linkedin.com/in/yasmineshaki/?originalSubdomain=ma,,Social Data Intelligence and Insight Manager,Community Manager,Community Manager,Tribal DDB Casablanca,Shem's PublicitÃ©,Tribal DDB Casablanca,Tribal DDB Casablanca,Same job,FALSE,TRUE,TRUE,https://www.linkedin.com/in/widiane-skalli-0034b9113,https://www.linkedin.com/in/widiane-skalli-0034b9113,
pPGcIyinv45YDezV8Cg8,O7FCQu0JhopXcNFEkqVZ,s.youmni@tribalddb.ma,Souniane YOUMNI,,,https://www.linkedin.com/in/souniane-youmni-76a837173/?originalSubdomain=ma,,Junior Community Manager,,Junior Community Manager,Tribal DDB Casablanca,Tribal DDB Casablanca,,Tribal DDB Casablanca,Same job,FALSE,TRUE,FALSE,,https://www.linkedin.com/in/souniane-youmni-76a837173/,
mmXbumiYNlDYsZkmq7Iz,,m.lahbichi@tribalddb.ma,Mohamed LAHBICHI,,,https://www.linkedin.com/in/la7bichi/,,,,,Tribal DDB Casablanca,,,,Same job,FALSE,FALSE,TRUE,,,
3GdyESzswkS0gYuMUEYL,EB2LJYhVA2QNOlPWJxIz,c.asaad@tribalddb.ma,Camelia Asaad,,,https://www.linkedin.com/in/cam%C3%A9lia-asaad/?originalSubdomain=ma,,Community manager,,Community manager,Tribal DDB Casablanca,Tribal DDB Casablanca,,Tribal DDB Casablanca,Same job,FALSE,TRUE,FALSE,,https://www.linkedin.com/in/cam%C3%A9lia-asaad/,
f8TmUYH16LxQLb4190PZ,COdIWnWexnLtZXavnmK4,ivanna@outlier.org,Ivanna Martinez-Gonzalez,,,https://www.linkedin.com/in/ivanna-martinez-gonzalez-a91aab6b/,,Social Media Manager,,Social Media Manager,outlier.org,Outlier.org,,Outlier.org,Same job,FALSE,TRUE,FALSE,,https://www.linkedin.com/in/ivanna-martinez-gonzalez-a91aab6b/,
d44HMzJ592HM4lZxiJIw,hTS1nGWsX7KztDoWPK21,melissa@pilatesvitalitywellness.com,Melissa Gaudreau,,,https://www.linkedin.com/in/melissa-gaudreau-66273798/?originalSubdomain=ca,,Stott Pilates Instructor,,Stott Pilates Instructor,Pilates vitality and wellness,Pilates Vitality and Wellness Studio,,Pilates Vitality and Wellness Studio,Same job,FALSE,TRUE,FALSE,,https://www.linkedin.com/in/melissa-gaudreau-66273798/,
a9rqZC2VQcnFIHQzVmSj,Cp0JBsa3jM3tNa0sAWlG,content@gondwana-collection.com,Jescey Visagie,,,https://www.linkedin.com/in/jes-visagie-29a778112/?trk=public_profile_browsemap_profile-result-card_result-card_full-click,,Brand Marketing Manager,,Brand Marketing Manager,Gondwana Collection Namibia,Gondwana Collection Namibia,,Gondwana Collection Namibia,Same job,FALSE,TRUE,FALSE,,https://www.linkedin.com/in/jes-visagie-29a778112/,
39WEIcrFxgq0Lt05dxSO,9kCBYTFV8OT4oz2oVjLK,joanna.leahy@aquilantservices.com,Joanna Leahy,,,https://www.linkedin.com/in/joanna-leahy-4aa3618a/?originalSubdomain=uk,,,Marketing Team Lead,Marketing Team Lead,Aquilant,,Aquilant,Aquilant,Same job,FALSE,TRUE,FALSE,,https://www.linkedin.com/in/joanna-leahy-4aa3618a/,
SLibo9Aur87rkyLxvo3y,JxPmOyXrcPdVl4qCO6Zi,howard.ohori@gnr8r.ca,Howard Ohori,,,https://www.linkedin.com/in/hohori/?originalSubdomain=ca,,Partner,,Partner,GNR8R,GNR8R,,GNR8R,Same job,FALSE,TRUE,FALSE,,https://www.linkedin.com/in/hohori/,
WSM7MZnWdRVDjYPQk7x9,WkE4qM73NC5pejhXTFuN,allie@lightswitchdigital.com,Allie Dinielli,,,https://www.linkedin.com/in/allie-dinielli-208a8148/,,Director Of Brand + Media Partnerships,,Director Of Brand + Media Partnerships,Light Switch Digital,Light Switch Digital,,Light Switch Digital,Same job,FALSE,TRUE,FALSE,,https://www.linkedin.com/in/allie-dinielli-208a8148/,
XSjTagWxAoYe0xTkspKE,,cinnamon@lightswitchdigital.com,Cinnamon Sary,,,https://www.linkedin.com/in/cinnamon-sary-917178a9/,,Television Intern,,,Light Switch Digital,MGM,,,,FALSE,FALSE,TRUE,,,
d2dnAEKBlwUsXw34hBXx,,kathryn@lightswitchdigital.com,Kathryn Hoy,,,https://www.linkedin.com/in/kathryn-hoy-46616299/,,Curriculum Specialist,,,Light Switch Digital,North Carolina State University,,,,FALSE,FALSE,TRUE,,,
PwISq7SvO34niP9x0Cc6,jq3BzMxY1QlDDdig8fvJ,margot@lightswitchdigital.com,Margot Simon,,,https://www.linkedin.com/in/simonmargot/,,Social Media Account Manager,,Social Media Account Manager,Light Switch Digital,Light Switch Digital,,Light Switch Digital,Same job,FALSE,TRUE,FALSE,,https://www.linkedin.com/in/simonmargot/,
Cf4Rii9EtFW3wgzY0Jff,C1PNT7tsJSHXByKlaJeW,tom.hengl@opengeohub.org,"Tomislav Hengl",,,https://www.linkedin.com/in/thengl/,,,"Senior Researcher, technical director","Senior Researcher, technical director",OpenGeoHub Foundation,,EnvirometriX,EnvirometriX,Same job,FALSE,TRUE,FALSE,,https://www.linkedin.com/in/thengl/,
5y1t5qxwI0gzietAwbFx,GfMhumPMPi2wG6dnhKCA,info@lebonplanmarketing.com,LeBonPlan,,,https://www.linkedin.com/in/lebonplan-sn-97620a16a/,,SpÃ©cialiste en marketing et ventes,,SpÃ©cialiste en marketing et ventes,Le Bon Plan,LE BON PLAN,,LE BON PLAN,Same job,FALSE,TRUE,FALSE,,https://www.linkedin.com/in/lebonplan-sn-97620a16a/,
4c9vLAnIpHXD8M0TRVNI,qfzWWKE66POjddfM8PoW,patrick@wkhsolutions.com,Patrick Ind,,,https://www.linkedin.com/in/patrick-ind-7bb1379/,,Chief Creative Officer,,Chief Creative Officer,,WKH Solutions,,WKH Solutions,Same job,FALSE,TRUE,FALSE,,https://www.linkedin.com/in/patrick-ind-7bb1379/,
s9aC4EjQvlpL3AihYlX9,lPx51ycc9Ujc2PSffQ8u,marcus.svensson@albacross.com,Marcus Svensson,,,https://www.linkedin.com/in/marcus-svensson-1bb85a115/?originalSubdomain=se,Head of Growth,Head of Growth,,Head of Growth,Albacross,Albacross,,Albacross,Same job,FALSE,FALSE,FALSE,,https://www.linkedin.com/in/marcus-svensson-1bb85a115/,
HL7aHaSUmQqoBFiLkvTn,1ND9HeggZny637YhdYio,cheenan@virtuall.ca,Christy Heenan,,,https://www.linkedin.com/in/virtuall/,CEO,Founder,,Founder,Virtuall & Co.,Virtuall & Co.,,Virtuall & Co.,Same job,FALSE,TRUE,FALSE,,https://www.linkedin.com/in/virtuall/,
44m0I4YmFMxkWppRqYsw,NyfdeSrBwiNWlgsRBCUC,giordano@paprica.ag,Giordano Damian,,,https://www.linkedin.com/in/gidamian/?originalSubdomain=br,Social Media Specialist,Coordenador de Projetos | Customer Success,,Coordenador de Projetos | Customer Success,Páprica Comunicação,PÃ¡prica ComunicaÃ§Ã£o,Páprica Comunicação,Páprica Comunicação,Same job,FALSE,TRUE,FALSE,,https://www.linkedin.com/in/gidamian/,
uoDqfnMBKuvyqRlIqtf9,sA5TXk0KXDOn3cEZykWT,sarah@trampolinebranding.com,Sarah Healy,,,https://www.linkedin.com/in/sarahahealy/,Social Media & Content Strategist,Social Media & Content Strategist,,Social Media & Content Strategist,Trampoline,Trampoline,,Trampoline,Same job,FALSE,FALSE,FALSE,,https://www.linkedin.com/in/sarahahealy/,https://www.linkedin.com/in/sarahahealy/
mJVPDppreOGFjJqoRzay,iBKLpZbM7eRDXTLmhDvd,noor@philo.com,Noor Ramay,,,https://www.linkedin.com/in/noorramay/,social media manager,Social Media,,Social Media,"Philo, Inc",Philo,,Philo,Same job,FALSE,TRUE,FALSE,,https://www.linkedin.com/in/noorramay/,https://www.linkedin.com/in/noorramay/
HEiNOVK2SLr10xnVyfFw,Xb78xscpqiJuWOCbaj3K,takumi@konmari.com,Takumi Kawahara,,,https://www.linkedin.com/in/takumi-kawahara-ba107b96/,Co-founder and CEO,CEO,,CEO,KonMari Media Inc.,"KonMari Media, Inc.",,"KonMari Media, Inc.",Same job,FALSE,TRUE,FALSE,,https://www.linkedin.com/in/takumi-kawahara-ba107b96/,https://www.linkedin.com/in/takumi-kawahara-ba107b96/
57KXlFgPk0Dp2FmXdJlo,Y3Z7kwKiLERTXJI6N39g,r.samwell@eslgaming.com,Rodrigo Samwell,,,https://www.linkedin.com/in/rodrigosamwell/,Global Chief Marketing Officer,Chief Marketing Officer,,Chief Marketing Officer,esl,ESL - Turtle Entertainment,,ESL - Turtle Entertainment,Same job,FALSE,TRUE,FALSE,,https://www.linkedin.com/in/rodrigosamwell/,https://www.linkedin.com/in/rodrigosamwell/
mKJucOJPLXDrCgO4CgGj,ce518svlNzZ2ReHY7ZHB,joe@thatlot.co.uk,Joe Orten,,,https://www.linkedin.com/in/joeorton86/?originalSubdomain=uk,Head of Paid Social Strategy,Head of Paid Social Strategy,,Head of Paid Social Strategy,That Lot,That Lot,,That Lot,Same job,FALSE,FALSE,FALSE,,https://www.linkedin.com/in/joeorton86/,https://www.linkedin.com/in/joeorton86/
E6ORyqcyDx8aQKNa4o3d,N3ElVat9u3fYAGgq9nXQ,laura@thatlot.co.uk,Laura Tannenbaum,,,https://www.linkedin.com/in/lauratannenbaum/,,Managing Director,,Managing Director,That Lot,That Lot,,That Lot,Same job,FALSE,TRUE,FALSE,,https://www.linkedin.com/in/lauratannenbaum/,
c3W6oIYXiht7YeMZB8wC,ezJpnbvT9ToWS4LYeLFv,tarek@social-eyez.com,Tarek Esper,,,https://www.linkedin.com/in/tarekesper/,,Managing Director,,Managing Director,SOCIALEYEZ,SOCIALEYEZ,,SOCIALEYEZ,Same job,FALSE,TRUE,FALSE,,https://www.linkedin.com/in/tarekesper/,
ET7ubq1GK4DdRYqIUrUG,xZv2TlwyO4xlz80k1TSW,sean.mccorkindale@partner.porsche.co.uk,Sean McCorkindale,,,https://www.linkedin.com/in/sean-mccorkindale-b4393559/,,Group Marketing and Social Media Executive,,Group Marketing and Social Media Executive,Porsche Cars Great Britain Limited,Porsche Retail Group Ltd,,Porsche Retail Group Ltd,Same job,FALSE,TRUE,FALSE,,https://www.linkedin.com/in/sean-mccorkindale-b4393559/,
wfKMRHnbVqr882GWJnNF,kFVJVJd06vKk66KneZ1y,mark.forte@rga.com,Mark Forte,,,https://www.linkedin.com/in/markrforte/,,"Creative Operations Manager, sumUX",,"Creative Operations Manager, sumUX",R/GA,Google,,Google,Changed company,TRUE,TRUE,FALSE,,https://www.linkedin.com/in/markrforte/,
7DwvYslusidacNk1Vtdc,0ySRQGbj0NYsMb12sLIi,lachlan.williams@rga.com,Lachlan Williams,,,https://www.linkedin.com/in/lachlanwilliams/,,"Group Strategy Director, Head of Strategy",,"Group Strategy Director, Head of Strategy",R/GA,R/GA,,R/GA,Same job,FALSE,TRUE,FALSE,,https://www.linkedin.com/in/lachlanwilliams/,
GTUI2W0JYbzNscxYuTOr,TwFp64REcIlBbC2ZYW3p,nuria.tarre@cityfootball.com,Nuria Tarre,,,https://www.linkedin.com/in/nuriatarre/,,,Chief Marketing Officer,Chief Marketing Officer,City Football Group Ltd,,City Football Group,City Football Group,Same job,FALSE,TRUE,FALSE,,https://www.linkedin.com/in/nuriatarre/,
WMABH9Mgt301VlsE3iXy,ao9MUkSjYspSuznI9LL1,matthew.snodgrass@syneoshealth.com,Matthew Snodgrass,,,https://www.linkedin.com/in/mattsnod/,,Digital Marketing Manager,,Digital Marketing Manager,Syneos Health,Syneos Health Communications,,Syneos Health Communications,Same job,FALSE,TRUE,FALSE,,https://www.linkedin.com/in/mattsnod/,
V3pfWTZAmrQqpJzLs74E,A3Ni94xmE9AKhOsfT6ov,lucyk2@spark44.com,Lucy Kenny,,,https://www.linkedin.com/in/lucy-hampton-2a154647/,,Social Media Account Director,,Social Media Account Director,Spark44,Innocean Worldwide UK,,Innocean Worldwide UK,Changed company,TRUE,TRUE,FALSE,,https://www.linkedin.com/in/lucy-hampton-2a154647/,
sDrPcLiGT3afgQeX3el5,tX08mcsyfwy3tO3BEwpt,optland@elbkind.de,Norbert Op ’t Land,,,https://www.linkedin.com/in/norbertoptland/,Team Lead // Social Media,Team Lead // Social Media (Mercedes-Benz & smart Europe),,Team Lead // Social Media (Mercedes-Benz & smart Europe),elbkind,Elbkind Reply,,Elbkind Reply,Same job,FALSE,TRUE,FALSE,,https://www.linkedin.com/in/norbertoptland/,
pBteMGAmquMYkrwAxJUX,t5sUERZK6UtizkSrnpJY,emma.lyskava@socialchain.com,Emma Lyskava,,,https://www.linkedin.com/in/emma-lyskava-96043559/,,Social Media Manager,,Social Media Manager,Social Chain Ltd,Social Chain,,Social Chain,Same job,FALSE,TRUE,FALSE,,https://www.linkedin.com/in/emma-lyskava-96043559/,
027ubSsO7nlDD5gzfT6y,KnRiwsi83hsgBJbMKl6p,rocio@socialchain.com,Rocio,,,https://www.linkedin.com/in/rociogalandalmau/,,Social Strategy Director | Social Chain Agency,,Social Strategy Director | Social Chain Agency,Social Chain Ltd,Social Chain,,Social Chain,Same job,FALSE,TRUE,FALSE,,https://www.linkedin.com/in/rociogalandalmau/,
tdJgpo4nQI92NU0Q1aHN,Kj9A0LcchOOxmHRF7wM0,bosmond@boncom.com,Brandon Osmond,,,https://www.linkedin.com/in/brandon-osmond-9bab4a11/,,Associate Creative Director,,Associate Creative Director,Boncom Inc,Boncom,,Boncom,Same job,FALSE,TRUE,FALSE,,https://www.linkedin.com/in/brandon-osmond-9bab4a11/,
Jexy5bzT3FXqdLKtzZC7,DVesSBLb3pvbMObPjlhT,alexa.mcgriff@moxieusa.com,Alexa McGriff,,,https://www.linkedin.com/in/alexamcgriff/,,Senior Brand Planner (Strategist),,Senior Brand Planner (Strategist),moxieusa,Moxie,,Moxie,Same job,FALSE,TRUE,FALSE,,https://www.linkedin.com/in/alexamcgriff/,
GioGWRdkDKPu6RuHFGri,8KZW5IE9LpCV1GbN83xj,itay.rahat@wmg.com,Itay Rahat,,,https://www.linkedin.com/in/itayrahat/,,"AVP Product, Consumer Marketing Technology",,"AVP Product, Consumer Marketing Technology",Warner Music Group,Warner Music Group,,Warner Music Group,Same job,FALSE,TRUE,FALSE,,https://www.linkedin.com/in/itayrahat/,
A7TEtpgmlV3ymnC2mj1Y,u9EzkZ2cMJFeopEhnFBx,emily.sherwin@innocean.eu,Emily Sherwin,,,https://www.linkedin.com/in/emily-sherwin-25901184/?originalSubdomain=uk,Social Media Account Director,Social Media Manager,,Social Media Manager,Innocean Worldwide Europe,Innocean Worldwide UK,,Innocean Worldwide UK,Same job,FALSE,TRUE,FALSE,,https://www.linkedin.com/in/emily-sherwin-25901184/,
bJpflU6jG15trrA0NUbG,jScUO2kp92M9WSWnENDR,lucy.hampton@innocean.eu,Lucy Hampton,,,https://www.linkedin.com/in/lucy-hampton-2a154647/?originalSubdomain=uk,Social Media Account Director,Social Media Account Director,,Social Media Account Director,Innocean Worldwide Europe,Innocean Worldwide UK,,Innocean Worldwide UK,Same job,FALSE,TRUE,FALSE,,https://www.linkedin.com/in/lucy-hampton-2a154647/,
5fvUdwrAiq6EeZQvNZEY,VUA3pF4mUJ74lP5utWof,jmlahaye1@gmail.com,Jean-Marc Lahaye,,,https://www.linkedin.com/in/jeanmarclahaye/,Founder and CEO,Founder and CEO at Histoires Digitales (AHD),,Founder and CEO at Histoires Digitales (AHD),Histoires Digitales,Histoires Digitales (AHD),,Histoires Digitales (AHD),Same job,FALSE,TRUE,FALSE,,https://www.linkedin.com/in/jeanmarclahaye/,https://www.linkedin.com/in/jeanmarclahaye/
7um0GG9YHmQEOryYmfIP,Kc7Myppw6c9eCeu0gRYE,amanda@helpgood.com,Amanda Lehner,,,https://www.linkedin.com/in/amandalehner/,,Senior Strategist and Co-Owner,,Senior Strategist and Co-Owner,HelpGood,HelpGood,,HelpGood,Same job,FALSE,TRUE,FALSE,,https://www.linkedin.com/in/amandalehner/,https://www.linkedin.com/in/amandalehner/
dAFXBJdRejBUAnvVHrun,eso5PN67RlRxFq1ikgUS,michael@helpgood.com,Michael Bellavia,,,https://www.linkedin.com/in/michaelbellavia/,,CEO,,CEO,HelpGood,HelpGood,,HelpGood,Same job,FALSE,TRUE,FALSE,,https://www.linkedin.com/in/michaelbellavia/,https://www.linkedin.com/in/michaelbellavia/
TFJXThwaqBwLXgI8o6qQ,DGCZ5CWYfP4YtIjKNvYy,jake.potter@colt.net,Jake Potter,,,https://www.linkedin.com/in/jake-potter/,Social Media Manager,Global Social Media Manager,,Global Social Media Manager,Colt Technology Services Group Limited,Colt Technology Services,,Colt Technology Services,Same job,FALSE,TRUE,FALSE,,https://www.linkedin.com/in/jake-potter/,https://www.linkedin.com/in/jake-potter/
1JM20wAA98eed4OPCQQW,czFYgl3bVyymvUGPKJPZ,sallwardt@kaneresidential.com,Sarah Allwardt,,,https://www.linkedin.com/in/sarahallwardt/,,Strategic Digital Marketing Manager,,Strategic Digital Marketing Manager,Kane Residential,Kane Residential,,Kane Residential,Same job,FALSE,TRUE,FALSE,,https://www.linkedin.com/in/sarahallwardt/,
HkjRI4wmfpVFujesn1eg,c3gY1YcTW3hqLASsAuEL,hpocorobba@2u.com,Heather Pocorobba,,,https://www.linkedin.com/in/heatherrenaep/,,Social Media Manager,,Social Media Manager,2U,2U,,2U,Same job,FALSE,TRUE,FALSE,,https://www.linkedin.com/in/heatherrenaep/,
ngmOdjf6IpGwUodowW9X,AI1Kv2FaUCnTa6iUHHK5,oliver.steward@reed.com,Oliver Steward,,,https://www.linkedin.com/in/oliver-steward-9902543b/,,,Head of Marketing and Communications,Head of Marketing and Communications,Reed Online Ltd,,Reed in Partnership,Reed in Partnership,Same job,FALSE,TRUE,FALSE,,https://www.linkedin.com/in/oliver-steward-9902543b/,
b0RNLn5WJ5bcTwUWNMRE,uwHY3ZYkYYg8JY7Y63j1,isaac.holt@everystoryagency.com,Isaac Holt,,,https://www.linkedin.com/in/isaac-holt-0115ab183/,,Chief Executive Officer,,Chief Executive Officer,everystoryagency.com,Every Story Matters,,Every Story Matters,Same job,FALSE,TRUE,FALSE,,https://www.linkedin.com/in/isaac-holt-0115ab183/,
KorjYwYQgMO7hYUFKiUh,nyqOiMqMrHT7ZB2UKqPu,asher@agencywithin.com,Asher Chester,,,https://www.linkedin.com/in/asherchester/,,,Head of Integrated Media,Head of Integrated Media,Agency Within,,WITHIN,WITHIN,Same job,FALSE,TRUE,FALSE,,https://www.linkedin.com/in/asherchester/,
KwccABGrYbPg3oB1xUKm,r714hykdC3wgi3bwsL6U,florin@soleadify.com,Florin Tufan,,,https://www.linkedin.com/in/florin-tufan-3b0b66173/,,Co-Founder,,Co-Founder,soleadify.com,Soleadify,,Soleadify,Same job,FALSE,TRUE,FALSE,,https://www.linkedin.com/in/florin-tufan-3b0b66173/,
hONr37a4EznrwFj9LlYC,0axiAfS2AmOSkg7xgm1p,h.houghton@ohpartners.com,Hillary Houghton,,,https://www.linkedin.com/in/hillary-houghton-819b2768/,,Founder,,Founder,OH Partners,Social HQ,,Social HQ,Changed company,TRUE,TRUE,FALSE,,https://www.linkedin.com/in/hillary-houghton-819b2768/,
zHJqXZGDnsBoyNTOzDsN,3GUFiyVASmVP66ekQrxr,m.lydon@ohpartners.com,Madelyn Lydon,,,https://www.linkedin.com/in/madelynlydon/,,Content Strategy Manager,,Content Strategy Manager,OH Partners,OH Partners,,OH Partners,Same job,FALSE,TRUE,FALSE,,https://www.linkedin.com/in/madelynlydon/,
J1H0byprMMb0wgiMTwpY,FSb8OJdV0g7z1BZvlCku,rrichards@augustineagency.com,Rafael Richards,,,https://www.linkedin.com/in/rafaelrichards/,,Director Digital and Social,,Director Digital and Social,Augustine,Augustine,,Augustine,Same job,FALSE,TRUE,FALSE,,https://www.linkedin.com/in/rafaelrichards/,
lbv0z2WyDaVHIz33agS2,KWysJJ6m1jKa8ELDOozx,bmcdonald@augustineagency.com,Beatriz McDonald,,,https://www.linkedin.com/in/beatrizmcdonald/,,Social Media and Content Manager,,Social Media and Content Manager,Augustine,Augustine,,Augustine,Same job,FALSE,TRUE,FALSE,,https://www.linkedin.com/in/beatrizmcdonald/,
Rca7h6HFklxrtaSOHNmb,X7kzWhNAKoqcTYNMkQ6i,derek@thewoodagency.com,Derek Bryant,,,https://www.linkedin.com/in/derek-bryant-35a57524/,,Social Media Director,,Social Media Director,The Wood Agency,The Wood Agency,,The Wood Agency,Same job,FALSE,TRUE,FALSE,,https://www.linkedin.com/in/derek-bryant-35a57524/,
aK0LSZ6mxcfzY3qYMbUd,sQOAIwkOQlJrRPhgVHzQ,jorge@mediajetmarketing.com,Jorge Cevallos,,,https://www.linkedin.com/in/jorge-cevallos-a8ba5753/,Marketing Director,Marketing Director,,Marketing Director,mediajetmarketing.com,Media Jet Marketing,,Media Jet Marketing,Same job,FALSE,TRUE,FALSE,,https://www.linkedin.com/in/jorge-cevallos-a8ba5753/,https://www.linkedin.com/in/jorge-cevallos-a8ba5753
4n1qTcTn0NOamuSHVbAJ,NY05dqHCcdnKfIZDfqm5,alexandra.sanders@mytheresa.com,Alexandra Sanders,,,https://www.linkedin.com/in/alexandra-sanders-593b68ab/?originalSubdomain=de,Social Media Manager,Social Media Manager,,Social Media Manager,My Theresa,mytheresa.com,,mytheresa.com,Same job,FALSE,TRUE,FALSE,,https://www.linkedin.com/in/alexandra-sanders-593b68ab/,https://www.linkedin.com/in/alexandra-sanders-593b68ab/
cbFLcErIKORDyZnIIjBm,tkMnaW7Ai0ckWXYpOqAd,katie.fee@redlightmanagement.com,Katie Fee,,,https://www.linkedin.com/in/kaitlinf/,Social Media Manager,Senior Social Media Manager / Digital Strategist,,Senior Social Media Manager / Digital Strategist,Red Light Management,Red Light Management,,Red Light Management,Same job,FALSE,TRUE,FALSE,,https://www.linkedin.com/in/kaitlinf/,https://www.linkedin.com/in/kaitlinf
nt4eUXnlpFLXYnZs6Pne,JorMXCD85m6kPw2mK7WK,jennifer.bird@redlightmanagement.com,Jennifer Bird,,,https://www.linkedin.com/in/jenbirdistheword/,Head of Digital Strategy,Head of Digital Strategy,,Head of Digital Strategy,Red Light Management,Red Light Management,,Red Light Management,Same job,FALSE,FALSE,FALSE,,https://www.linkedin.com/in/jenbirdistheword/,https://www.linkedin.com/in/jenbirdistheword
UAVZ2hrF2ygMAltFzGmE,G11QT6yhk2z5WCvcCLDQ,j.duque@eslgaming.com,Jaime Duque Cevallos,,,https://www.linkedin.com/in/jaducev/,Editorial Content Manager,Freelance Content Manager,,Freelance Content Manager,ESL,Various,,Various,Changed company,TRUE,TRUE,FALSE,,https://www.linkedin.com/in/jaducev/,https://www.linkedin.com/in/jaducev/
HXe8FkY1udOpsQbelNcc,IOMe2D5ktcWKzcobtPGW,mackenzie@helpgood.com,Mackenzie Weber,,,https://www.linkedin.com/in/mackenzieweber/,Strategist + Marketing Manager,Strategist + Marketing Manager,,Strategist + Marketing Manager,HelpGood,HelpGood,,HelpGood,Same job,FALSE,FALSE,FALSE,,https://www.linkedin.com/in/mackenzieweber/,https://www.linkedin.com/in/mackenzieweber
4I1ywcd08iaLiHgsb2jC,xjXOhyxrZcdJqC3BDr20,mateus@cloud9.gg,Mateus Gravatá Portilho,,,https://www.linkedin.com/in/mateus-gravat%C3%A1-portilho-947529150/,Senior Social Media Manager,Senior Social Media Manager,,Senior Social Media Manager,Cloud9,"Cloud9 Esports, Inc.",,"Cloud9 Esports, Inc.",Same job,FALSE,TRUE,FALSE,,https://www.linkedin.com/in/mateus-gravat%C3%A1-portilho-947529150/,https://www.linkedin.com/in/mateus-gravat%C3%A1-portilho-947529150
JuRsvETvVlvK2WFoXAby,9HghMXWAjXs1iK3AQlSa,janet@cloud9.gg,Janet Kim,,,https://www.linkedin.com/in/janet-kim-6060a3148/,Social Media Manager,,Social Media Manager,Social Media Manager,Cloud9,,"Cloud9 Esports, Inc.","Cloud9 Esports, Inc.",Same job,FALSE,TRUE,FALSE,,https://www.linkedin.com/in/janet-kim-6060a3148/,https://www.linkedin.com/in/janet-kim-6060a3148
XflG3R6yINXzVA5uBRBm,KoafWyRGnzGLrL3mhHfQ,stuartmhardy@gmail.com,Stuart Hardy,,,https://www.linkedin.com/in/stuart-hardy-b3808162/,Social Media Manager,Social Media Specialist,,Social Media Specialist,Dealer Inspire Inc.,Dealer Inspire,,Dealer Inspire,Same job,FALSE,TRUE,FALSE,,https://www.linkedin.com/in/stuart-hardy-b3808162/,https://www.linkedin.com/in/stuart-hardy-b3808162/
JxNkIiNQomX8sY8aPJNL,tDHNhtL6NTTkKFL6uAxr,jlrarancibia@gmail.com,Jorge La Rosa Arancibia,,,https://www.linkedin.com/in/jorgelarosa/,Digital Marketing Strategist,Social Media Manager,,Social Media Manager,Cheil Worldwide,Cheil Worldwide,,Cheil Worldwide,Same job,FALSE,TRUE,FALSE,,https://www.linkedin.com/in/jorgelarosa/,https://www.linkedin.com/in/jorgelarosa/
ezj056IsQieqCYSHkneE,sswWKGx1eXUgGWXCw9AF,anna.orzelski@quandoo.com,Anna Orzelski,,,https://www.linkedin.com/in/anna-orzelski-9899b5110/,Social Media Community Manager,Social Media Community Manager,,Social Media Community Manager,Quandoo GmbH,Quandoo,,Quandoo,Same job,FALSE,TRUE,FALSE,,https://www.linkedin.com/in/anna-orzelski-9899b5110/,https://www.linkedin.com/in/anna-orzelski-9899b5110
1q4OaS1GPUHfxgZAcoKN,SDzlge5M576y3kRtm09i,thecrew@thecrewcommunication.com,Thecrew Communication,,,https://www.linkedin.com/in/john-crew-communication/,Director,Director,,Director,The Crew Communication,The Crew Communication,,The Crew Communication,Same job,FALSE,FALSE,FALSE,,https://www.linkedin.com/in/john-crew-communication/,www.linkedin.com/in/john-crew-communication
9s1FYxnvVtA1XGAcbi6I,N60GPqInOyN79pUWJq5H,crichardson@nickelinstitute.org,Clare Richardson,,,https://www.linkedin.com/in/clare-richardson-9a074b/,"Director, Communications & Member Services",Interim Project Manager,"Director, Communications & Member Services","Director, Communications & Member Services",Nickel Institute,BDO International & American Chamber of Commerce to the European Union (AmCham EU),Nickel Institute,Nickel Institute,Same job,FALSE,FALSE,FALSE,,https://www.linkedin.com/in/clare-richardson-9a074b/,www.linkedin.com/in/clare-richardson-40556564
SSut3O6UMBAmWF7i5Zts,sKh5fnsbY8kqU52hFQeY,garcia@innocean.eu,Sara García González,,,https://www.linkedin.com/in/sara-garc%C3%ADa-gonz%C3%A1lez-a6369428/,Media Executive,Media Executive,,Media Executive,Innocean Worldwide Spain,Innocean Worldwide Spain,,Innocean Worldwide Spain,Same job,FALSE,FALSE,FALSE,,https://www.linkedin.com/in/sara-garc%C3%ADa-gonz%C3%A1lez-a6369428/,www.linkedin.com/in/sara-garc�a-gonz�lez-a6369428
q2hcPmAd9g0A5eKF3pca,OhyH7XYiZdEtmGcLtN3w,virginia@brieffin.com,Virginia Zuloaga,,,https://www.linkedin.com/in/virginiazuloaga/,Founder,Founder,,Founder,"Brieffin Consulting, Sl","Brieffin Consulting, SL",,"Brieffin Consulting, SL",Same job,FALSE,FALSE,FALSE,,https://www.linkedin.com/in/virginiazuloaga/,www.linkedin.com/pub/virginia-zuloaga/54/566/b47
HFN0YwLgZ6Ga2llSrtYC,FpQUGELjCcXalwZGF56y,ghauben@prophets.be,Gert Hauben,,,https://www.linkedin.com/in/gerthauben/,Social Media & Community Manager,Social media & community manager,,Social media & community manager,Prophets,Prophets,,Prophets,Same job,FALSE,FALSE,FALSE,,https://www.linkedin.com/in/gerthauben/,www.linkedin.com/in/gerthauben
TrFLSz7y34qEF3HAbWVD,qJSYQV7uZaby5bfBhDvZ,a.ditrolio@cheil.com,Alejandro Di Trolio,,,https://www.linkedin.com/in/ditrolio/,Executive Creative Director,Executive Creative Director,,Executive Creative Director,Cheil Worldwide,Cheil Worldwide,,Cheil Worldwide,Same job,FALSE,FALSE,FALSE,,https://www.linkedin.com/in/ditrolio/,www.linkedin.com/in/ditrolio
s6cxDbYYpCrmzJmBopBc,JPQGPCFw7Oq9ai88TH0j,sylvie.verbeke@bozar.be,Sylvie Verbeke,,,https://www.linkedin.com/in/sylvie-verbeke-36350a43/,Communication & Marketing Expo,Communication & Marketing Expo,Communication & Marketing Expo,Communication & Marketing Expo,Bozar,BOZAR,BOZAR,BOZAR,Same job,FALSE,FALSE,FALSE,,https://www.linkedin.com/in/sylvie-verbeke-36350a43/,www.linkedin.com/pub/sylvie-verbeke/43/50a/363
NBLxekPgJkdSJapMW5Uu,NFiuqdln47NLqIxUhzdp,sandrine.demolin@bozar.be,Sandrine Demolin,,,https://www.linkedin.com/in/sandrine-demolin-4149aa17/,Head of Communication & Marketing,Head Of Communication & Marketing,,Head Of Communication & Marketing,Bozar,BOZAR,,BOZAR,Same job,FALSE,FALSE,FALSE,,https://www.linkedin.com/in/sandrine-demolin-4149aa17/,www.linkedin.com/in/sandrine-demolin-4149aa17
Bff5AO82n7iOMUOUV9Cs,otgEaTvrIVKItiWgKgIR,justien.dewil@walibi.com,Justien Dewil,,,https://www.linkedin.com/in/justiendewil/,Public Relations & Social Media Officer,Public Relations & Social Media Officer,,Public Relations & Social Media Officer,Walibi Belgium,Walibi Belgium,,Walibi Belgium,Same job,FALSE,FALSE,FALSE,,https://www.linkedin.com/in/justiendewil/,www.linkedin.com/in/justiendewil
ZBpyeF7ULpmF7PZEfJ6b,hqAbvgFs291Rao5klmE2,scheduling@acuityscheduling.com,Katie Brinkley,,,https://www.linkedin.com/in/katiebrinkley/,Digital Marketing Strategist | Founder,"Social Media + Digital Marketing, Social Media Advertising & PR Services for Denver-Based Businesses",,"Social Media + Digital Marketing, Social Media Advertising & PR Services for Denver-Based Businesses",Next Step Social Communications,Next Step Social Communications,,Next Step Social Communications,Same job,FALSE,TRUE,FALSE,,https://www.linkedin.com/in/katiebrinkley/,https://www.linkedin.com/in/katiebrinkley/
YxxmwPXLw58HtX6PgH6P,sFwcazjeyR97PibmKJii,zach@westwayct.org.uk,Zachariah  Kozlowski-Best,,,https://www.linkedin.com/in/zkozlowskibest/,Marketing and Communications Officer at Westway Community Transport,Marketing and Communications Officer,,Marketing and Communications Officer,Westway CT,Westway Community Transport,,Westway Community Transport,Same job,FALSE,TRUE,FALSE,,https://www.linkedin.com/in/zkozlowskibest/,https://www.linkedin.com/in/zkozlowskibest/
1AU39YWoNdeXaIeLUYad,G5EXFHCvlWsp7u5NG0N0,connor@virtualroots.ca,Connor Macleod,,,https://www.linkedin.com/in/connor-a-macleod/?originalSubdomain=ca,Social Media Coordinator,Social Media Coordinator,,Social Media Coordinator,virtualroots.ca,Virtual Roots,,Virtual Roots,Same job,FALSE,TRUE,FALSE,,https://www.linkedin.com/in/connor-a-macleod/,www.linkedin.com/in/connor-a-macleod
4MSe1uuUVCNEYH1EOMXc,ROvH45ZfurML43unKgt0,tjirian@oaggao.ca,Taline Jirian,,,https://www.linkedin.com/in/talinejirian/?originalSubdomain=ca,"Deputy Director, Marketing And Development","Deputy Director, Marketing and Development",,"Deputy Director, Marketing and Development",The Ottawa Art Gallery (Oag),The Ottawa Art Gallery (OAG),,The Ottawa Art Gallery (OAG),Same job,FALSE,FALSE,FALSE,,https://www.linkedin.com/in/talinejirian/,www.linkedin.com/in/talinejirian
