name,firstName,lastName,title,account,email,LinkedInURL
Yifei,,,,,,https://linkedin.com/in/yifei-huang-28915547
Jacob,,,,,,https://linkedin.com/in/jacobquist
Hem,,,,,,https://linkedin.com/in/hemwadhar
arthur van hoff,,,,,avh@jauntvr.com,https://linkedin.com/in/aavanhoff
paul twohey,,,,,,https://linkedin.com/in/twohey
john giannandrea,,,,,,https://linkedin.com/in/johngiannandrea
tom glocer,,,,,,https://linkedin.com/in/tom-glocer-66729
peeyush rai,,,,,,https://linkedin.com/in/peeyushrai
kamakshi sivaramakrishnan,,,,,,https://linkedin.com/in/kamakshisivaramakrishnan
john fenwick,,,,,,https://linkedin.com/in/jfenwick
heidi zak,,,,,heidispector@gmail.com,https://linkedin.com/in/heidizak
sherk chung,,,,,sherkchung@gmail.com,https://linkedin.com/in/sherkchung
matthias ruhl,,,,,,https://linkedin.com/in/matthiasruhl
nat friedman,,,,,nat@xamarin.com,https://linkedin.com/in/natfriedman
lukasz strozek,,,,,strozek@gmail.com,https://linkedin.com/in/strozek
jim payne,,,,,jpayne@twitter.com,https://linkedin.com/in/jpayne
khurrum malik,,,,,trihoo@gmail.com,https://linkedin.com/in/malik
srinivasan seshadri,,,,,,https://linkedin.com/in/srinivasanseshadri
hsiao ping tseng,,,,,,https://linkedin.com/in/hsiao-ping-tseng-a7802544
raj de datta,,,,,,https://linkedin.com/in/rdedatta
jen dolson,,,,,,https://linkedin.com/in/jen-dolson-151ab858
michael pao,,,,,mpao@greylock.com,https://linkedin.com/in/paomichael
david hall,,,,,,https://linkedin.com/in/dlwhall
divya jain,,,,,,https://linkedin.com/in/divyajain1
bill gossman,,,,,,https://linkedin.com/in/bill-gossman-963a332
michael hart,,,,,,https://linkedin.com/in/michaelhart1
dennis woodside,,,,,dennis.woodside@gmail.com,https://linkedin.com/in/dennis-woodside-341302
paul butler,,,,,,https://linkedin.com/in/pmbutler
joe polastre,,,,,,https://linkedin.com/in/polastre
ertan dogrultan,,,,,,https://linkedin.com/in/ertand
anant gupta,,,,,anant914@gmail.com,https://linkedin.com/in/anantgupta1
justin kan,,,,,kan@atrium.co,https://linkedin.com/in/justinkan
matt pakes,,,,,,https://linkedin.com/in/mpakes
serge belongie,,,,,,https://linkedin.com/in/sergebelongie
dan quine,,,,,,https://linkedin.com/in/danquine
sujay jaswa,,,,,,https://linkedin.com/in/sujayjaswa
sachin kansal,,,,,sachin.kansal@uber.com,https://linkedin.com/in/sachinkansal
tom hale,,,,,tomeghale@gmail.com,https://linkedin.com/in/tomeghale
jason child,,,,,jason@opendoor.com,https://linkedin.com/in/iw3dlyw7
mike dickey,,,,,,https://linkedin.com/in/mike-dickey-58533
james beldock,,,,,,https://linkedin.com/in/jbeldock
rishi bhargava,,,,,,https://linkedin.com/in/bhargavarishi
dan karp,,,,,,https://linkedin.com/in/dankarp
vlad blumen,,,,,,https://linkedin.com/in/vladimirblumen
adil wali,,,,,,https://linkedin.com/in/adilwali
noam lovinsky,,,,,noaml@thumbtack.com,https://linkedin.com/in/noaml
scott mccaskill,,,,,,https://linkedin.com/in/scottmccaskill
don mathis,,,,,,https://linkedin.com/in/donmathis
mitchell h finer phd,,,,,,https://linkedin.com/in/mitchellhfiner
fred cheng,,,,,,https://linkedin.com/in/fred-cheng-955b7554
david hart,,,,,,https://linkedin.com/in/davehart2
hayes metzger,,,,,,https://linkedin.com/in/hayes-metzger-3607905
jigar shah,,,,,,https://linkedin.com/in/jigarshahdc
jason rosenthal,,,,,jason@lytro.com,https://linkedin.com/in/jasonprosenthal
varsha rao,,,,,varsharao@gmail.com,https://linkedin.com/in/varsharao
sam jadallah,,,,,,https://linkedin.com/in/samjadallah
sam shank,,,,,sam@hoteltonight.com,https://linkedin.com/in/samshank
pete hunt,,,,,floydophone@gmail.com,https://linkedin.com/in/pwhunt
kayvon beykpour,,,,,kayvzb@gmail.com,https://linkedin.com/in/kayvon-beykpour-2b264b4
anthony soohoo,,,,,asoohoo@gmail.com,https://linkedin.com/in/anthonysoohoo
weihan wang,,,,,wang.weihan@gmail.com,https://linkedin.com/in/weihan
keith simmons,,,,,keith.simmons@gmail.com,https://linkedin.com/in/keith-simmons-6833693
ashwin ram,,,,,,https://linkedin.com/in/ashwinram
christien rioux,,,,,,https://linkedin.com/in/christienrioux
allen bonde,,,,,,https://linkedin.com/in/allenbonde
joseph mrak,,,,,,https://linkedin.com/in/joseph-mrak-0054b
benjamin stabler,,,,,ben@kespry.com,https://linkedin.com/in/benjamin-stabler-63174245
mike bidgoli,,,,,,https://linkedin.com/in/mikebid
michael hatfield,,,,,,https://linkedin.com/in/michael-hatfield-45a7554
omar bohsali,,,,,,https://linkedin.com/in/omarbohsali
kieran harty,,,,,,https://linkedin.com/in/kieranharty
paul rademacher,,,,,,https://linkedin.com/in/paulrademacher
madison bell,,,,,,https://linkedin.com/in/madisonbell
sue decker,,,,,,https://linkedin.com/in/sue-decker
alan kipust,,,,,,https://linkedin.com/in/alankipust
gabor angeli,,,,,gabor@eloquent.ai,https://linkedin.com/in/gabor-angeli-468ab6a
andrew jessup,,,,,,https://linkedin.com/in/andrewjessup
claire vo,,,,,,https://linkedin.com/in/clairevo
adam wolff,,,,,,https://linkedin.com/in/adamwolff
camille fournier,,,,,skamille@gmail.com,https://linkedin.com/in/camille-fournier-9011812
jocelyn mangan,,,,,jmangan@opentable.com,https://linkedin.com/in/jocelynmangan
brian adams,,,,,,https://linkedin.com/in/badams
tim nichols,,,,,,https://linkedin.com/in/timnichols2
dave cotter,,,,,,https://linkedin.com/in/davecotter1
joe mellin,,,,,mellin.joe@gmail.com,https://linkedin.com/in/joemellin
jeremy rishel,,,,,,https://linkedin.com/in/jeremyrishel
mathew spolin,,,,,,https://linkedin.com/in/mspolin
michael baglio,,,,,,https://linkedin.com/in/mbaglio
srini kakkera,,,,,,https://linkedin.com/in/srinikakkera
tony tung,,,,,,https://linkedin.com/in/tony-tung-16359a3
michael akilian,,,,,michael@claralabs.com,https://linkedin.com/in/akilian
bruce arthur,,,,,,https://linkedin.com/in/brucearthur
mike olson,,,,,,https://linkedin.com/in/olsonmiked
jeff schultz,,,,,jeffrey.e.schultz@gmail.com,https://linkedin.com/in/jeschultz
maisy samuelson,,,,,,https://linkedin.com/in/maisy
adil syed,,,,,adil.syed@snap.com,https://linkedin.com/in/adilsyed
bob komin,,,,,bkomin@gmail.com,https://linkedin.com/in/bobkomin
blake cutler,,,,,,https://linkedin.com/in/blake-cutler-40741626
nadim hossain,,,,,nadimhossain@yahoo.com,https://linkedin.com/in/nadimhossain
jocelyn neff,,,,,,https://linkedin.com/in/jocelynneff
suresh seshadri,,,,,,https://linkedin.com/in/suresh-seshadri-9054771
michael harris,,,,,,https://linkedin.com/in/mvharris
aaron sheedy,,,,,,https://linkedin.com/in/ajsheedy
jason creadore ??,,,,,,https://linkedin.com/in/creadore
rod begbie,,,,,,https://linkedin.com/in/cluefulsoftwareengineer
christopher russell,,,,,,https://linkedin.com/in/gnorizo
pankaj gupta,,,,,,https://linkedin.com/in/pankajatlinkedin
kyle vigen,,,,,,https://linkedin.com/in/kyle-vigen-60b1769
tim fletcher,,,,,,https://linkedin.com/in/tim-fletcher-3889a2
will zhou,,,,,will.zhou1@gmail.com,https://linkedin.com/in/wizhou
lewis chung,,,,,,https://linkedin.com/in/lewis-chung-9b821b17
rj walsh,,,,,rjwalsh88@gmail.com,https://linkedin.com/in/rjwalsh
paras jhaveri,,,,,,https://linkedin.com/in/parasjhaveri
dan lenoski,,,,,,https://linkedin.com/in/dan-lenoski-72067
dilawar syed,,,,,dilawar@freshdesk.com,https://linkedin.com/in/dilawarsyed
ian fette,,,,,,https://linkedin.com/in/ianfette
pierre ettori,,,,,,https://linkedin.com/in/pettori
nick tornow,,,,,,https://linkedin.com/in/nick-tornow-06228b
jack lo,,,,,jackljlo@gmail.com,https://linkedin.com/in/jack-lo-a395
vlad gorelik,,,,,,https://linkedin.com/in/vlad-gorelik-b48a7
daniel kluesing,,,,,,https://linkedin.com/in/kluesing
anna do,,,,,,https://linkedin.com/in/annado
ken steele,,,,,,https://linkedin.com/in/ken-steele-20b8411
josh elman,,,,,,https://linkedin.com/in/joshe
elise bergeron,,,,,elise.bergeron@snowflake.com,https://linkedin.com/in/elise-bergeron-aa2b3b
puneet goel,,,,,,https://linkedin.com/in/goelpuneet
peter morelli,,,,,pmorelli@lyft.com,https://linkedin.com/in/peterfmorelli
jade wang,,,,,,https://linkedin.com/in/jadeqwang
luv kothari,,,,,,https://linkedin.com/in/lkothari
shrey gupta,,,,,,https://linkedin.com/in/shreyg19
shashank gupta,,,,,,https://linkedin.com/in/guptashashank
pedro martins,,,,,pedro.tudela@gmail.com,https://linkedin.com/in/pedromartins
lindsay ullman,,,,,lullman@google.com,https://linkedin.com/in/lindsayu
jaikumar ganesh,,,,,,https://linkedin.com/in/jaikumarganesh
shun chen,,,,,,https://linkedin.com/in/shunc
kate hastings,,,,,,https://linkedin.com/in/katehastings
shashikant khandelwal,,,,,,https://linkedin.com/in/kshashi
chad depue,,,,,chad.depue@snap.com,https://linkedin.com/in/depue
xing chen,,,,,xing@thumbtack.com,https://linkedin.com/in/xingchen
uday kiran medisetty,,,,,,https://linkedin.com/in/udaykiran
brian larson,,,,,blarson@gmail.com,https://linkedin.com/in/brian-larson-43904010
austin shoemaker,,,,,,https://linkedin.com/in/austin-shoemaker-12788a1
boris sofman,,,,,bsofman@gmail.com,https://linkedin.com/in/bsofman
wendi liu,,,,,,https://linkedin.com/in/wendiliu
belsasar lepe,,,,,,https://linkedin.com/in/belsasar-lepe-975a203
kevin weil,,,,,,https://linkedin.com/in/kevinweil
andrew cameron,,,,,,https://linkedin.com/in/andrewcamer0n
kelly stirman,,,,,kelly.stirman@gmail.com,https://linkedin.com/in/kellystirman
sanat kamal bahl,,,,,,https://linkedin.com/in/sanatkamal
cindy alvarez,,,,,,https://linkedin.com/in/cindyalvarez
tim ruddick,,,,,,https://linkedin.com/in/timruddick
anjali naik,,,,,,https://linkedin.com/in/anjalijindal
clemens mewald,,,,,,https://linkedin.com/in/clemensmewald
david pitman,,,,,,https://linkedin.com/in/davepitman
josh schwarzapel,,,,,,https://linkedin.com/in/joshschwarzapel
jack ball,,,,,,https://linkedin.com/in/jack-ball-1b7186
shane moriah,,,,,shanemoriah@gmail.com,https://linkedin.com/in/shanemoriah
annie tang,,,,,,https://linkedin.com/in/annie-tang-72806728
prem kumar pabbisetty,,,,,,https://linkedin.com/in/premkumarpabbisetty
george li,,,,,,https://linkedin.com/in/george-li-9b946655
brendan howes,,,,,,https://linkedin.com/in/brendan-howes-6b31131
skye lee,,,,,skye@pear.vc,https://linkedin.com/in/blueskyes
bill dallas,,,,,,https://linkedin.com/in/billdallas
tim koch,,,,,,https://linkedin.com/in/tim-koch-a910608a
paul chapman,,,,,,https://linkedin.com/in/paulrchapman
manuel bronstein,,,,,,https://linkedin.com/in/manuelbronstein
brian crist,,,,,,https://linkedin.com/in/briancrist
david roth,,,,,david@appfirst.com,https://linkedin.com/in/davidbrianroth
dorion carroll,,,,,,https://linkedin.com/in/dorioncarroll
jenny wang,,,,,jennywang01@college.harvard.edu,https://linkedin.com/in/jwang15
kris efland,,,,,,https://linkedin.com/in/kefland
rinki sethi,,,,,,https://linkedin.com/in/rinkisethi
blake barnes,,,,,,https://linkedin.com/in/barnesblake
kris rasmussen,,,,,kris@figma.com,https://linkedin.com/in/kristopherrasmussen
brian lawler,,,,,,https://linkedin.com/in/bplawler
brian stevens,,,,,addvin@gmail.com,https://linkedin.com/in/brianmarkstevens
iolanthe stronger,,,,,,https://linkedin.com/in/lanthe
robert baesman,,,,,,https://linkedin.com/in/rbaesman
sarah kurien newman,,,,,sarah@whisper.ai,https://linkedin.com/in/sarah-newman-b179a83
jonathan perlow,,,,,,https://linkedin.com/in/jdperlow
eric young,,,,,,https://linkedin.com/in/ericcyoung
mike chan,,,,,,https://linkedin.com/in/mike-chan-b5036110
naveed sherwani,,,,,,https://linkedin.com/in/naveed-sherwani-2a789
carter brokaw,,,,,carter.brokaw@guardian.co.uk,https://linkedin.com/in/carterbrokaw
jason shah,,,,,jshah07@gmail.com,https://linkedin.com/in/jasonyogeshshah
katy keim,,,,,,https://linkedin.com/in/katykeim
mike slawson,,,,,,https://linkedin.com/in/mike-slawson-6901221
rick fulton,,,,,tarrasq@gmail.com,https://linkedin.com/in/rafulton
jenny sohn,,,,,,https://linkedin.com/in/jenny-sohn-65684ba
olly downs,,,,,,https://linkedin.com/in/ollydowns
chris grzegorczyk,,,,,,https://linkedin.com/in/chris-grzegorczyk-42b6ab4
steve richards,,,,,,https://linkedin.com/in/steve-richards-637a426
sergei tsarev,,,,,,https://linkedin.com/in/sergeitsarev
luke hammock,,,,,,https://linkedin.com/in/lukehammock
john page,,,,,,https://linkedin.com/in/johnppage
chrix finne,,,,,chrix@confluent.io,https://linkedin.com/in/chrix
megan s,,,,,megan.schoendorf@gmail.com,https://linkedin.com/in/meganschoendorf
ehsan saeedi,,,,,,https://linkedin.com/in/ehsansaeedi
hongxia zhong,,,,,,https://linkedin.com/in/hongxiazhong
jonathan huang,,,,,,https://linkedin.com/in/gnauhnoj
vinod valloppillil,,,,,,https://linkedin.com/in/vinodvalloppillil
ricardo zilleruelo ramos,,,,,,https://linkedin.com/in/rzilleruelo
brian wilt,,,,,,https://linkedin.com/in/brianwilt
anirudh ramanathan,,,,,anirudh@rockset.com,https://linkedin.com/in/anirudhrx
brandon yang,,,,,,https://linkedin.com/in/bcyang
rod mcelrath,,,,,,https://linkedin.com/in/rod-mcelrath-2ab2694
tim james,,,,,tim.james@gmail.com,https://linkedin.com/in/timjames
sanjay sarathy,,,,,,https://linkedin.com/in/sanjaysarathy
linda nguyen,,,,,,https://linkedin.com/in/linda0
kathryn koehler,,,,,,https://linkedin.com/in/kakoehler
akta mehta,,,,,,https://linkedin.com/in/aktamehta
meagan herfkens hency,,,,,,https://linkedin.com/in/mherf
dmitriy ryaboy,,,,,,https://linkedin.com/in/dmitriy-ryaboy
ann watson,,,,,watson4150@gmail.com,https://linkedin.com/in/ann-watson-5404a48
omar seyal,,,,,omarseyal@gmail.com,https://linkedin.com/in/omarseyal
brandon ly,,,,,,https://linkedin.com/in/brandon-ly-b8236344
tawana murphy burnett,,,,,,https://linkedin.com/in/tawanaburnett
paul nangeroni,,,,,,https://linkedin.com/in/paulnangeroni
dustin picasso,,,,,dustin@ironcladapp.com,https://linkedin.com/in/dpicasso
vijay karunamurthy,,,,,vjkaruna@gmail.com,https://linkedin.com/in/vjkaruna
steven jacobs,,,,,,https://linkedin.com/in/stevenkjacobs
rajiv bhatia,,,,,,https://linkedin.com/in/bhatiarajiv
durlin hickok,,,,,,https://linkedin.com/in/durlin-hickok-b428123
eric price,,,,,,https://linkedin.com/in/ericsethprice
john beck,,,,,,https://linkedin.com/in/johnjbeckiii
vatsal b,,,,,,https://linkedin.com/in/vatsal
jason montgomery brown,,,,,,https://linkedin.com/in/jasonmontgomerybrown
dick brouwer,,,,,,https://linkedin.com/in/dikbrouwer
sanjiv sanghavi,,,,,,https://linkedin.com/in/sanjivsanghavi
saekoo lee,,,,,,https://linkedin.com/in/saekoolee
ranna z,,,,,,https://linkedin.com/in/rannazhou
navjot singh,,,,,navjot@papayapay.com,https://linkedin.com/in/navjot-singh-09895120
peter deng,,,,,,https://linkedin.com/in/peterxdeng
shravya kidambi gupta,,,,,,https://linkedin.com/in/shravyagupta
mia mabanta,,,,,mia.mabanta@gmail.com,https://linkedin.com/in/miamabanta
rajat paharia,,,,,rajat@bunchball.com,https://linkedin.com/in/rajatrocks
victoria grand,,,,,victoriag@fb.com,https://linkedin.com/in/victoria-grand-ab944234
henry c,,,,,,https://linkedin.com/in/daizhuo
joff redfern,,,,,,https://linkedin.com/in/mejoff
jiong wang,,,,,,https://linkedin.com/in/jiongwang
marcus ericsson,,,,,,https://linkedin.com/in/mericsson1
yin wang,,,,,,https://linkedin.com/in/yin-wang-20a31061
chris williams,,,,,,https://linkedin.com/in/pureform
chris faught,,,,,,https://linkedin.com/in/chrisfaught
dragomir anguelov drago,,,,,,https://linkedin.com/in/dragomiranguelov
jeff tsui,,,,,tsui.jeff@gmail.com,https://linkedin.com/in/jefftsui
jessica ross,,,,,jessica.ross@stitchfix.com,https://linkedin.com/in/jessicapross
nisha masharani,,,,,nmasharani@gmail.com,https://linkedin.com/in/nmasharani
ramana rao,,,,,,https://linkedin.com/in/ramanarao
eve phillips,,,,,evephillips@gmail.com,https://linkedin.com/in/evephillips
sameep tandon,,,,,,https://linkedin.com/in/sameeptandon
jeremiah oconnor,,,,,,https://linkedin.com/in/jeremiah-o-connor-4a55aa40
annika crowley,,,,,,https://linkedin.com/in/annikamatta
anders brown,,,,,,https://linkedin.com/in/andersbrown
elisabeth diana,,,,,,https://linkedin.com/in/elisabeth-diana-10524b2
clara liang,,,,,clara.liang@jivesoftware.com,https://linkedin.com/in/cliang
allan lin,,,,,allanlin@gmail.com,https://linkedin.com/in/allanlin
anne stern,,,,,,https://linkedin.com/in/sternanne
adam berenzweig,,,,,,https://linkedin.com/in/madadam
jyotika prasad,,,,,,https://linkedin.com/in/jyotika-prasad-4a46b82
curtis northcutt,,,,,,https://linkedin.com/in/cgnorthcutt
adam borelli,,,,,adam.borelli@gmail.com,https://linkedin.com/in/adamborelli
vladan djeric,,,,,,https://linkedin.com/in/vladandjeric1
matthew glotzbach,,,,,matthew@quizlet.com,https://linkedin.com/in/mglotzbach
evan reiser,,,,,,https://linkedin.com/in/evanreiser
alex rainert,,,,,arainert@gmail.com,https://linkedin.com/in/arainert
yee lee,,,,,,https://linkedin.com/in/yeeguy
shanah zamost,,,,,,https://linkedin.com/in/shanahzamost
daphne luong,,,,,daphne@247-inc.com,https://linkedin.com/in/daphnehluong
peter lee,,,,,,https://linkedin.com/in/peterinlee
jody kelman,,,,,,https://linkedin.com/in/jodykelman
dan olsen,,,,,,https://linkedin.com/in/danolsen98
russ dsa,,,,,,https://linkedin.com/in/russelldsa
jessica jenkins,,,,,,https://linkedin.com/in/jessjenk
christina cacioppo,,,,,,https://linkedin.com/in/ccacioppo
bradley younggren,,,,,,https://linkedin.com/in/younggren
ruchi varshney,,,,,rvarshney@hearsaycorp.com,https://linkedin.com/in/rvarshney
nagu rangan,,,,,,https://linkedin.com/in/nagurangan
diana adair,,,,,dadair@medallia.com,https://linkedin.com/in/dianaadair
conrad chan,,,,,conradchan@gmail.com,https://linkedin.com/in/conradchan
eric nielsen,,,,,,https://linkedin.com/in/ericnielsenphd
haider sabri,,,,,,https://linkedin.com/in/haidersabri
cole goeppinger,,,,,,https://linkedin.com/in/cole-goeppinger-910113
vincent lim,,,,,vincelimsf@gmail.com,https://linkedin.com/in/vincelimsf
dannie herzberg,,,,,,https://linkedin.com/in/dannieherzberg
will yee,,,,,liewyel@gmail.com,https://linkedin.com/in/yeewill
greg w greeley,,,,,,https://linkedin.com/in/greg-w-greeley
bryan irace,,,,,,https://linkedin.com/in/bryanirace
vincent pieribone,,,,,,https://linkedin.com/in/pieribone
ashley kramer,,,,,,https://linkedin.com/in/ashleyekramer
manu lakkur,,,,,,https://linkedin.com/in/manulakkur
matthew w,,,,,,https://linkedin.com/in/matthewworby
sebastian lobo,,,,,,https://linkedin.com/in/sebastianlobo
adam berlew,,,,,aberlew@att.net,https://linkedin.com/in/adamberlew
pete foley,,,,,,https://linkedin.com/in/petefoley2
jeff judkins,,,,,,https://linkedin.com/in/1jeffjudkins
malcolm lockhart,,,,,,https://linkedin.com/in/mwl
douwe osinga,,,,,,https://linkedin.com/in/douweosinga
erin santana,,,,,,https://linkedin.com/in/erin-santana-a651663
tal shaked,,,,,tal.shaked@gmail.com,https://linkedin.com/in/tshaked
kang chen,,,,,,https://linkedin.com/in/kangchen
abhishek gupta,,,,,,https://linkedin.com/in/abhishekg1
shahan parshad,,,,,,https://linkedin.com/in/shahanparshad
nam nguyen,,,,,,https://linkedin.com/in/namnnguyen
bruce falck,,,,,bruce.falck@turn.com,https://linkedin.com/in/brucefalck
brett van zuiden,,,,,,https://linkedin.com/in/brettcvz
bela figueira,,,,,,https://linkedin.com/in/belafigueira
greg schott,,,,,,https://linkedin.com/in/greg-schott-b27416
aleksey sanin,,,,,,https://linkedin.com/in/alekseyvsanin
larissa muramoto,,,,,,https://linkedin.com/in/larissamuramoto
anmol bhasin,,,,,,https://linkedin.com/in/abhasin
david scadden,,,,,,https://linkedin.com/in/david-scadden-344b61a9
juliet rothenberg,,,,,,https://linkedin.com/in/julietrothenberg
brandy thomas,,,,,,https://linkedin.com/in/brandy-thomas-038881
anna richardson white,,,,,,https://linkedin.com/in/annarichardsonwhite
byron milligan,,,,,byronner@gmail.com,https://linkedin.com/in/byron-milligan-8147b129
doug mooney,,,,,,https://linkedin.com/in/dougmooney
chip boyle,,,,,,https://linkedin.com/in/chip-boyle-337a4a
kelsey dang,,,,,,https://linkedin.com/in/kelseydang
navneet kapur,,,,,,https://linkedin.com/in/navneet-kapur-2864292a
dave merkel,,,,,dave.merkel@expel.io,https://linkedin.com/in/davemerkel
fred wulff,,,,,,https://linkedin.com/in/fredwulff
kara yu,,,,,lele.yu@gmail.com,https://linkedin.com/in/karayu
julia neidert,,,,,,https://linkedin.com/in/julia-neidert
raj doshi,,,,,,https://linkedin.com/in/rajrdoshi
chris caren,,,,,,https://linkedin.com/in/chriscaren
vincent chen,,,,,,https://linkedin.com/in/vincentsunnchen
anish das sarma,,,,,,https://linkedin.com/in/anishdassarma
frank chen,,,,,,https://linkedin.com/in/frankchn
saguna goel,,,,,,https://linkedin.com/in/sagunagoel
varun mani,,,,,,https://linkedin.com/in/varunmani
stephanie berner,,,,,,https://linkedin.com/in/stephanieberner
dhruv jain,,,,,,https://linkedin.com/in/dhrjain
emeline wu,,,,,,https://linkedin.com/in/emelinewu
ajay dankar,,,,,,https://linkedin.com/in/ajay-dankar-079a57
ben mitchell,,,,,,https://linkedin.com/in/benjamindmitchell
mike jahr,,,,,,https://linkedin.com/in/mjahr
rong ou,,,,,,https://linkedin.com/in/rongou
ali reza adl tabatabai,,,,,,https://linkedin.com/in/aliadl
teresa kersten,,,,,,https://linkedin.com/in/teresakersten
parakram khandpur,,,,,,https://linkedin.com/in/parakramkhandpur
raj mukherjee,,,,,,https://linkedin.com/in/rajatism
seiji y,,,,,,https://linkedin.com/in/seiji-y-a630897
starry peng,,,,,,https://linkedin.com/in/starrypeng
arun agarwal,,,,,,https://linkedin.com/in/arun-agarwal-4355256
beatrice pang,,,,,beatrice.pang@gmail.com,https://linkedin.com/in/beatricepang
eldar sadikov,,,,,,https://linkedin.com/in/eldarsadikov
thomas chippas,,,,,,https://linkedin.com/in/chippas
ritik malhotra,,,,,ritik@berkeley.edu,https://linkedin.com/in/ritikmalhotra
ilya brown,,,,,ilya.brown@gmail.com,https://linkedin.com/in/ilyabrown
jason toff,,,,,jasontoff@gmail.com,https://linkedin.com/in/jasontoff
andrew burks,,,,,,https://linkedin.com/in/andrewburks
adam kell,,,,,,https://linkedin.com/in/adamkell
alex esterkin,,,,,,https://linkedin.com/in/alexesterkin
jennifer carr smith,,,,,jennifer.carr-smith@jcrew.com,https://linkedin.com/in/jennifercarrsmith
elad yoran,,,,,,https://linkedin.com/in/eladyoran
ryan donahue,,,,,ryan@ryandonahue.com,https://linkedin.com/in/ryandonahue
tricia lee,,,,,,https://linkedin.com/in/tricial
cris luiz pierry,,,,,,https://linkedin.com/in/pierry
daniel hammond,,,,,,https://linkedin.com/in/danielrhammond
peter hazlehurst,,,,,,https://linkedin.com/in/phazlehurst
russell schwager,,,,,,https://linkedin.com/in/russell-schwager-656b34
kumar chellapilla,,,,,,https://linkedin.com/in/kumarchellapilla
timothy shey,,,,,,https://linkedin.com/in/timshey
ahsan malik,,,,,,https://linkedin.com/in/amalik49
benny wong,,,,,bdotdub@gmail.com,https://linkedin.com/in/bennywong
maria zhang,,,,,,https://linkedin.com/in/mariazhangvpe
lance martin,,,,,rlance.martin@gmail.com,https://linkedin.com/in/lance-martin-64a33b5
colin king,,,,,,https://linkedin.com/in/colinking1
prab kumar,,,,,,https://linkedin.com/in/prabk
mark pendergrast,,,,,,https://linkedin.com/in/markpendergrast
shuo chen,,,,,,https://linkedin.com/in/shuonan-chen
dobromir montauk,,,,,,https://linkedin.com/in/dmontauk
collin otis,,,,,,https://linkedin.com/in/collinotis
christian legnitto,,,,,christianl@fb.com,https://linkedin.com/in/clegnitto
gregory dorso,,,,,,https://linkedin.com/in/gregorydorso
aaron brown,,,,,,https://linkedin.com/in/aaronrossbrown
melanie collins,,,,,,https://linkedin.com/in/melanie-collins-0959019
glen stone,,,,,,https://linkedin.com/in/glendstone
michelle meng hsiung kiang,,,,,,https://linkedin.com/in/mhkiang
samir goel,,,,,samir@figma.com,https://linkedin.com/in/samirkgoel
matthew perry,,,,,,https://linkedin.com/in/matthew-w-perry
philip zeyliger,,,,,,https://linkedin.com/in/philipzeyliger
looi qin en,,,,,,https://linkedin.com/in/looiqinen
chris law,,,,,,https://linkedin.com/in/chrislaw
mari baker,,,,,,https://linkedin.com/in/maribaker
michael bennett,,,,,,https://linkedin.com/in/mikebennett01
sam klepper,,,,,,https://linkedin.com/in/samklepper
daniel kerns,,,,,,https://linkedin.com/in/kernsdaniel
sakthi chandra,,,,,,https://linkedin.com/in/sakthichandra
braden hess,,,,,,https://linkedin.com/in/bradenhess
chris purdy,,,,,,https://linkedin.com/in/chris-purdy-b14a102
stephen williams,,,,,,https://linkedin.com/in/sawprofile
david allison,,,,,dja@bird.co,https://linkedin.com/in/davidjallison
nahom workie,,,,,,https://linkedin.com/in/nworkie
adam conway,,,,,,https://linkedin.com/in/adammconway
patrick li,,,,,patrickli3@gmail.com,https://linkedin.com/in/patrickli
eric winsborrow,,,,,,https://linkedin.com/in/eric-winsborrow
tyler ralston,,,,,,https://linkedin.com/in/tylerralston
brian wong,,,,,brian@kiip.me,https://linkedin.com/in/wongbrian
james dyett,,,,,,https://linkedin.com/in/jamesdyett
michael neuberger,,,,,,https://linkedin.com/in/michael-neuberger-026502
kevin varadian,,,,,,https://linkedin.com/in/kevinvaradian
chau tong,,,,,,https://linkedin.com/in/chau-tong-2aa4441
frances haugen,,,,,,https://linkedin.com/in/franceshaugen
guillermo spiller,,,,,,https://linkedin.com/in/gspiller
jooeun lim,,,,,,https://linkedin.com/in/jooeunl
pauline chen,,,,,,https://linkedin.com/in/ypaulinechen
brad lassey,,,,,blassey@mozilla.com,https://linkedin.com/in/lassey
tanooj luthra,,,,,,https://linkedin.com/in/tanoojluthra
umesh mahajan,,,,,,https://linkedin.com/in/umeshmahajan
dan klein,,,,,,https://linkedin.com/in/dan-klein
don hoffman,,,,,,https://linkedin.com/in/dhoffman
ron benson,,,,,,https://linkedin.com/in/ronbenson
matt mahan,,,,,,https://linkedin.com/in/mattmahan1
joseph marrama,,,,,,https://linkedin.com/in/joseph-marrama-63ba6a35
ed chan,,,,,echan@box.com,https://linkedin.com/in/edchan2
michael mcclay,,,,,mmcclay@gmail.com,https://linkedin.com/in/mmcclay
stephen deasy,,,,,sdeasy@groupon.com,https://linkedin.com/in/stephendeasy
yiping fan,,,,,,https://linkedin.com/in/yiping-fan-84b83b1
mark peters,,,,,,https://linkedin.com/in/markepeters
sharat akasapu,,,,,,https://linkedin.com/in/sharat-akasapu
cody ebberson,,,,,,https://linkedin.com/in/codyebberson
carla newmeyer cooper,,,,,,https://linkedin.com/in/carla-newmeyer-cooper-843a591
shane kinder,,,,,,https://linkedin.com/in/shanekinder
kevin chung,,,,,,https://linkedin.com/in/thekevinchung
rob jagnow,,,,,,https://linkedin.com/in/robjagnow
xinan wu,,,,,,https://linkedin.com/in/wuxinan
markus de shon,,,,,,https://linkedin.com/in/markus-de-shon-096889
scott jones,,,,,scott@sideview.com,https://linkedin.com/in/4scottjones
sameet agarwal,,,,,,https://linkedin.com/in/sameet-agarwal
nathaniel keller,,,,,,https://linkedin.com/in/nbkeller
yvonne wei chou,,,,,,https://linkedin.com/in/yvchou
wendy cismoski,,,,,,https://linkedin.com/in/wendy-cismoski-a20a73
aaron hoyos,,,,,aaron.hoyos@gmail.com,https://linkedin.com/in/aaronhoyos
luu tran,,,,,,https://linkedin.com/in/luutran
marc delingat,,,,,,https://linkedin.com/in/delingat
peipei yu,,,,,,https://linkedin.com/in/peipeicyu
manisha sahasrabudhe,,,,,,https://linkedin.com/in/msahasrabudhe
aj frank,,,,,alexanderjfrank@gmail.com,https://linkedin.com/in/ajfrank
brent hamby,,,,,,https://linkedin.com/in/brenthamby
barbara holzapfel,,,,,,https://linkedin.com/in/barbaraholzapfel
byron ellis,,,,,,https://linkedin.com/in/byellis
adam kovacevich,,,,,akovacevich@google.com,https://linkedin.com/in/adamkovacevich
gibu thomas,,,,,gthomas@walmart.com,https://linkedin.com/in/gibuthomas
miten sitapara ms mba cciso cism crisc ccsk,,,,,,https://linkedin.com/in/mitensitapara
jack krawczyk,,,,,,https://linkedin.com/in/jack--k
angela gu,,,,,angelagu93@gmail.com,https://linkedin.com/in/anggu
derek andersen,,,,,,https://linkedin.com/in/derekandersen
meena ramachandran,,,,,,https://linkedin.com/in/meenaramachandran
daniel daum,,,,,,https://linkedin.com/in/danieldaum
chris halim,,,,,,https://linkedin.com/in/chrishalim
misha tucker,,,,,,https://linkedin.com/in/mishatucker
ke yang,,,,,,https://linkedin.com/in/ke-yang-b247b99
adam soroca,,,,,,https://linkedin.com/in/adamsoroca
jung kim,,,,,,https://linkedin.com/in/junuki
pete bonee,,,,,,https://linkedin.com/in/petebonee
mark long,,,,,,https://linkedin.com/in/markvlong
robin opie,,,,,,https://linkedin.com/in/robinopie
chase feiger md,,,,,chaseevanfeiger@gmail.com,https://linkedin.com/in/chasefeiger
david ingerman,,,,,,https://linkedin.com/in/davidingerman
chuck voyles,,,,,,https://linkedin.com/in/chuckvoyles
percy wadia,,,,,,https://linkedin.com/in/percywadia
scott eckert,,,,,,https://linkedin.com/in/eckertscott
jaime fink,,,,,,https://linkedin.com/in/jaimefink
mark gilbert,,,,,mgilbert@hearsaycorp.com,https://linkedin.com/in/markgil
robby stein,,,,,,https://linkedin.com/in/robbystein
zainab ghadiyali,,,,,,https://linkedin.com/in/zainabg
hugo haas,,,,,,https://linkedin.com/in/whugoh
ben de bont,,,,,,https://linkedin.com/in/bendebont
jason garoutte,,,,,jason@yespath.com,https://linkedin.com/in/garoutte
mudasser zaheer,,,,,mudasser.zaheer@hp.com,https://linkedin.com/in/mudasserzaheer
spiros xanthos,,,,,spirosx@gmail.com,https://linkedin.com/in/spiros
troy molander,,,,,,https://linkedin.com/in/troy-molander-163369
giora engel,,,,,giorae@apiseq.ai,https://linkedin.com/in/giorae
madeeha g,,,,,,https://linkedin.com/in/madeehaghori
lindsey wall,,,,,,https://linkedin.com/in/lindseywall
silky arora,,,,,,https://linkedin.com/in/silkyar
erik onnen,,,,,,https://linkedin.com/in/eonnen
thomas kim,,,,,,https://linkedin.com/in/thomas-kim-874452
brion spensieri,,,,,,https://linkedin.com/in/brion-spensieri-13613210
laura chambers,,,,,,https://linkedin.com/in/chamberslaura
joe xavier,,,,,,https://linkedin.com/in/joexavier
john murcott,,,,,,https://linkedin.com/in/johnmurcott
atul kakkar,,,,,kakkara@gmail.com,https://linkedin.com/in/atulkakkar
steven francia,,,,,,https://linkedin.com/in/stevefrancia
stacie faggioli,,,,,wang.stacie@gmail.com,https://linkedin.com/in/stacie-faggioli-0820912
taylor lamme,,,,,taylor.lamme@gmail.com,https://linkedin.com/in/taylor-lamme-17282211
joe chernov,,,,,,https://linkedin.com/in/jchernov
anantha kancherla,,,,,,https://linkedin.com/in/ananthakancherla
douglas sinclair,,,,,,https://linkedin.com/in/douglas-sinclair-b499b73
tim piastrelli,,,,,,https://linkedin.com/in/tpiastrelli
ben kwon,,,,,,https://linkedin.com/in/ben-kwon-4762781
robby bryant,,,,,,https://linkedin.com/in/robby-bryant
sharon stovezky,,,,,,https://linkedin.com/in/sharon-stovezky-33133648
nina guo,,,,,,https://linkedin.com/in/ninaguo
andrew frame,,,,,andrewframe@me.com,https://linkedin.com/in/andrewframe
dave perras,,,,,,https://linkedin.com/in/dave-perras
ramanujam jagannath,,,,,,https://linkedin.com/in/jaganra
varun parmar,,,,,,https://linkedin.com/in/vparmar
