clientContactID,contactDataID,Email,Full Name,First Name,Last Name,LinkedIn URL from QA,"Title
from CRM","Title
from ProxyCrawl","Title
manually gotten for import to contactData",contact_title,"Company
from CRM","Company
from ProxyCrawl","Company
manually gotten for import to contactData",contact_company,Job Changed?,Job Changed?,Enriched Data Changed?,QA gave wrong URL,Correct LinkedIn URL,LinkedIn URL Final,LinkedIn URL in CRM
1Ut20GI0Q8ku3ymLpvln,oScNiFLoW3MIzrFze6QP,chris.cernek@chase.com,Chris Cernek,,,,,,,Executive Director,,,,Chase,,,,,,https://www.linkedin.com/in/chris-cernek-85942b13,
24sZdkEMOf6zmxwg6s0c,Lr8Fq7AYrg6pdrrZDQVK,cameron@psglending.com,Cameron Lawson,,,,,,,Vice President Operations,,,,PSG Lending,,,,,,https://www.linkedin.com/in/cameron-lawson-184b8629,
3Gq96LaGpNisn7igS2EA,EOFHeDSUcWCrQLtLKJ1s,bschneiderman@bylinebank.com,Barry Scheiderman,,,,,,,Vice President,,,,Byline Bank,,,,,,https://www.linkedin.com/in/barry-schneiderman-7a89598,
3WeYvbJT2Lizhh8SIbT2,IABMxpLXuNRxQWRhgC1Z,david.moehring@unionbank.com,David Moehring,,,,,,,Vice President-Commercial Mortgage Division,,,,"MUFG Union Bank, N. A.",,,,,,https://www.linkedin.com/in/dave-moehring-a92079b,
46ZKuPMmzRroYZY3gqGO,BOlJDsvmxhaIBfgmh10a,eric.calder@drep.com,Eric Calder,,,,,,,,,,,,,,,,,https://www.linkedin.com/in/eric-calder-5246a32,
4D0QbnoQWtEQtHndUfKT,1RoP3NWMGo199hMGLXRq,dgoldberg@wilshirequinn.com,Dan Goldberg,,,,,,,Director of Origination,,,,"Wilshire Quinn Capital, Inc.",,,,,,https://www.linkedin.com/in/danhgoldberg,
5UvVs5UJBY6m94VMVcIj,gdZMCxoEkCHk7SjWnIrk,boris@cvest.com,Boris Zhuravel,,,,,,,,,,,,,,,,,https://www.linkedin.com/in/boris-zhuravel-8aa853,
6HbizYjmsNWljImh9JoD,82jhkKtchM6tRQ4YvEVI,brian.parrott@bankatcity.com,Brian Parrott,,,,,,,First Vice President,,,,City National Bank,,,,,,https://www.linkedin.com/in/brian-parrott-93819415,
6wWQKzBAsYZs5Kipd9tb,RLTW6CBohYXRF8PtWW2C,cdimino@hirshmark.com,Carisa Dimino,,,,,,,Originations Associate,,,,Hirshmark Capital,,,,,,https://www.linkedin.com/in/carisadimino,
6xjHggHc3fm9rC5tn54R,SDqxwCc7feJkyAApYHqC,daniel.korn@huntcompanies.com,Daniel Korn,,,,,,,FHA Originations Analyst,,,,Hunt Real Estate Capital,,,,,,https://www.linkedin.com/in/danielkorn,
79DLi0T2Ytm0Fqd7obhA,YTH0WjN1YwGVIx25wFxH,dsemmer@walkerdunlop.com,Dave Semmer,,,,,,,Senior Director Capital Markets,,,,Walker & Dunlop,,,,,,https://www.linkedin.com/in/dave-semmer-48b5565,
7YUveDAqZGjqO1JfzRxf,0GpeABZlYzp5QqBL7IQH,aglick@maximcapitalgroup.com,Adam Glick,,,,,,,President,,,,Maxim Capital Group,,,,,,https://www.linkedin.com/in/adam-glick-89a3a922,
7pFbKgNciDFJXnNORY1t,vpMxa2UQPuzuqqf1C6u7,andrew.kim@thorofarecapital.com,Andrew Kim,,,,,,,Director,,,,Thorofare Capital,,,,,,https://www.linkedin.com/in/andrew-kim-68723242/,
7r8HLcuKNIPWcvbNONel,T5UuLN7OCOSzWNEWBBPC,elia.griffith@trustone.org,Elia Griffith,,,,,,,Commercial Lending Officer,,,,TruStone Financial,,,,,,https://www.linkedin.com/in/elia-griffith-70b11510/,
8AdpDc9zP0qUK4VRKuSN,YyNecaBB42UugVKEM68q,cstephens@bluestonegrp.com,Chris Stephens,,,,,,,CRE Loan Originator,,,,Bluestone Group,,,,,,https://www.linkedin.com/in/christopher-stephens-486162b0/,
8y0vK2eQcA2IdfJiJBaY,cnbzMMmIhaYwNfk2GN2w,brown.small@provident.bank,Brown Small,,,,,,,Vice President,,,,The Provident Bank,,,,,,https://www.linkedin.com/in/brown-small-01674a19,
9vy6LlJYANRaGyXyvS6s,ywn9BkvcEbhslFTwjx3b,dfarquhar@myrepublicbank.com,Duncan Farquhar,,,,,,,VP Commercial Real Estate Lender,,,,"Republic Bank - PA, NJ, & NY",,,,,,https://www.linkedin.com/in/duncanfarquhar/,
A0ToUvE671DC3WUMn4GQ,qhLYxpEfaEbv8kEZR3qI,Aaron.Binion@centerstatebank.com,Aaron Binion,,,,,,,Senior Vice President,,,,Private Bank of Buckhead & Decatur,,,,,,https://www.linkedin.com/in/aaron-binion-ba206237/,
AYxP0XHz4BLwqLHFC8kW,g5A9MFyBn1Cz7d1KBwsW,ehayes@aplusfcu.org,Emily Hayes,,,,,,,AVP Commercial Credit,,,,A+ Federal Credit Union,,,,,,https://www.linkedin.com/in/emily-hayes-295ab24b,
AqgBwetQ29MpS80jLlXb,g5O6QJyiCnc2WDzAl1ka,by@dwightcap.com,Brian Yee,,,,,,,,,,,,,,,,,https://www.linkedin.com/in/brian-yee-22461557/,
AxlMqGzca5pI0uFU6ApT,zhawRPLYi4Vo1PdY8qgJ,bjohnson@avidcommercial.com,Brian Johnson,,,,,,,Vice President-Commercial Lending,,,,Avid Commercial,,,,,,https://www.linkedin.com/in/brian-johnson-a435914,
BVsmpQZBp41SfVEZGJVI,hWnY1wGDkTln9m0FL2Gd,bob.rodie@firstmidwest.com,Bob Rodie,,,,,,,"Senior Vice President, Commercial Real Estate",,,,First Midwest Bank,,,,,,https://www.linkedin.com/in/bobrodie,
CEysuwZUaFyFoRDawRcU,PhsylgKd5JIglp7eYSBc,asassine@clghedgefund.com,Anthony Sassine,,,,,,,Executive Managing Director,,,,"CLG Hedge Fund,LLC/Beal Bank",,,,,,https://www.linkedin.com/in/anthony-sassine-b689b117/,
CThgIfI5iqZYaNRss5bn,pMPoTgniJzeYifOTJ1Am,dwilliams@meadowsbank.com,Denny Williams,,,,,,,NORTHERN NEVADA REGIONAL PRESIDENT,,,,Meadows Bank,,,,,,https://www.linkedin.com/in/denny-williams-97795019/,
CW8CiEN8RyhRYIUVC5J6,AgUpntdZvDaDbozL8MEL,ddoberstein@foxcu.org,Dawn Doberstein,,,,,,,Vice President Commercial Lending,,,,Fox Communities Credit Union,,,,,,https://www.linkedin.com/in/dawn-doberstein-147a4914/,
CZirhM5vv8BqTtfaqQw6,7jL3OEKdDV4TyR9TCrKO,chris@hardmoneybankers.com,Chris Haddon,,,,,,,Principal,,,,"Hard Money Bankers, LLC",,,,,,https://www.linkedin.com/in/chrishaddon,
Do67GPX0762m8wSlbtWb,iXeJaS8mvus5SpltlEtN,dharrington@leebank.com,David Harrington,,,,,,,,,,,,,,,,,https://www.linkedin.com/in/davidharrington9513/,
EN6JsXQA9ZY6Mc5N0wqx,vF09l14MbBHAA4x5Njae,aocain@robinsfcu.org,Amy O'Cain,,,,,,,City President,,,,PeoplesSouth Bank,,TRUE,,,,https://www.linkedin.com/in/amy-o-cain-968074a5/,
EODFN3PHakrulwvqaul6,nNDzVYuXc5egRAPaej5c,alaina.guthrie@centerstatebank.com,Alaina Guthrie,,,,,,,,,,,,,,,,,https://www.linkedin.com/in/alaina-guthrie-26b2052/,
EbGsEfArXrUqXKsddjVh,v7tScYvegDWTGu0O0UCM,brian.martin@amerisbank.com,Brian Martin,,,,,,,Mortgage Banker,,,,Ameris Bank,,,,,,https://www.linkedin.com/in/martinbrianm/,
EtsAqHoLz9kLo6KpA75J,c1nRYXisMQu0mw7r5Zn9,dfriedman@c3cp.com,Dan Friedman,,,,,,,Vice President,,,,C-III Capital Partners,,,,,,https://www.linkedin.com/in/danielbfriedman/,
F5Hb0SDtQMEriLcGoplE,a1glCPjzryCT3iemZ6vy,erutenberg@inlandmtg.com,Eugene Rutenberg,,,,,,,Sr. VP of Origination,,,,"Inland Mortgage Capital, LLC",,,,,,https://www.linkedin.com/in/eugenerutenberg/,
FU30FB1NykexPuLd5K9h,jHRCc0tfm2vFlYLt3pzb,bobn@inspiruscu.org,Bob Niles,,,,,,,Sr. VP of Origination,,,,"Inland Mortgage Capital, LLC",,,,,,https://www.linkedin.com/in/eugenerutenberg/,
Fa4O6S8rcLkffjTpz9oV,S7ws62YZ3rErArN4bNPM,btruscott@bloomfieldcapital.com,Brent Truscott,,,,,,,Partner,,,,Bloomfield Capital,,,,,,https://www.linkedin.com/in/brenttruscott/,
Fhi6PWQumy5Z0tQ4L6WH,CIVWichcks49Vdc6fq3h,abrum@adroccap.com,Avi Brum,,,,,,,Principal,,,,"Adroc Capital, LLC",,,,,,https://www.linkedin.com/in/avi-brum-4a730a24/,
Fp2uZ9KiBPtywpXh16ah,44kRpzzMXu7jAuXF32Ol,Eduardo@Kawa.com,Eduardo Milhem,,,,,,,Originations,,,,Kawa Capital Management,,,,,,https://www.linkedin.com/in/eduardo-milhem-24b23395/,
GZGuOoKhM8twd0XGEATn,HPMDZ7PTvQBYOizdVOId,aabajian@clearpathfcu.org,Angel Abajian,,,,,,,Commercial Loan Officer,,,,CLEARPATH FEDERAL CREDIT UNION,,,,,,https://www.linkedin.com/in/angel-abajian/,
Ghc5ZyuLry0OFrqPGPy2,rIkE2Ouapi6hlqMegNFq,DWeingarten@lgisgroup.com,Daniel Weingarten,,,,,,,VP - Underwriting,,,,LGIS Group,,,,,,https://www.linkedin.com/in/daniel-weingarten-ccim-7b64b917/,
H05ILOjXNDzJfBlHXBVt,USOv6ww2RxqlkzOTd76j,blake.snyder@statebt.com,Blake Snyder,,,,,,,,,,,,,TRUE,,,,https://www.linkedin.com/in/blake-snyder-b3808a3/,
HAYpTRbMufAaZKi2aCMs,0xw9pdDrKsc3XBfiYrrd,cdunn@servisfirstbank.com,Cheryl Dunn,,,,,,,Commercial Banker,,,,"Commercial Banker, ServisFirst Bank",,,,,,https://www.linkedin.com/in/cheryl-dunn-49a43758/,
HBd8oXW19y7PF1bhhISf,gc06u4LC4raGJ3uQFTUA,fderosa@empirenb.com,Frank DeRosa,,,,,,,Vice President,,,,Empire National Bank,,,,,,https://www.linkedin.com/in/frank-derosa-0608b259/,
JspwZgr9bJ80cO3cCEYm,5XjIkANDDAcuv4Rrxvux,andrew.molnar@townebank.net,Andrew Molnar,,,,,,,Senior Vice President - Commercial Real Estate,,,,TowneBank,,,,,,https://www.linkedin.com/in/andrew-molnar-76185676/,
KLRv7RNp5TuZJTBbCqwA,FyIF1uulTqzzfx0UuQf4,eric.latimer@deltacommunitycu.com,Eric Latimer,,,,,,,Managing Director - Commercial Lending,,,,Delta Community Credit Union,,,,,,https://www.linkedin.com/in/eric-latimer-50a36614/,
KOO9wn9vEh0SRWRz4Ns3,wHdTZIB2kXmKE7KZTuVp,bmazzotta@signatureny.com,Brian Mazzotta,,,,,,,Senior Vice President Group Director,,,,Signature Bank,,,,,,https://www.linkedin.com/in/brian-mazzotta-4a17897/,
KdXuVDeq9uohTI2fQxdH,190gkvVKWxk1wzZnS9Nr,chrislee@bankofclarendon.com,Chris Lee,,,,,,,"Vice President, SBA Business Development Officer",,,,Bank of the West,,,,,,https://www.linkedin.com/in/chrisleebotw2017/,
KlIXViq2tzGf7eMN4sIb,s62ZFIyMFXoIz3JsMsGa,coby.adkins@southcentralbank.com,Coby Adkins,,,,,,,City Executive / Commercial Lender,,,,South Central Bank,,,,,,https://www.linkedin.com/in/coby-adkins-0056486/,
LPiHDwCF1wHrv3XMv1fK,rBWrtjkyQWvqy00N8Ncf,angus.mcdonald@liveoak.bank,Angus McDonald,,,,,,,EVP - Head of Merchant Banking,,,,Live Oak Bank,,,,,,https://www.linkedin.com/in/angus-mcdonald-cfa-97260210/,
LRM2PbRxh5Wojdxsxdjs,Po4f54MN6QsFdcwNBmnz,Delonda.Belanger@53.com,Delonda Belanger,,,,,,,Vice President Commercial Real Estate,,,,Fifth Third Bank,,,,,,https://www.linkedin.com/in/delonda-belanger-216149a/,
LoNslJ5t03SA9MzMtVLT,2bxqP6rXcxEY7EIf5ZzK,alange@abpcapital.com,Alexander Lange,,,,,,,Loan Origination Manager,,,,ABP Capital,,,,,,https://www.linkedin.com/in/aflange/,
M6JjN954H8klNs945S7E,n3VxGhu7o39Cne1unOty,cashflow@ceofactory.biz,Harold Looney,,,,,,,Founder/Chief Steward,,,,Wellthy International,,,,,,https://www.linkedin.com/in/haroldflooneyjr/,
MPR7SloC2avFBUC8DtKf,HRoZWOCBK2wngcQ0J2PY,bmathewson@northavenue.com,Ben Mathewson,,,,,,,Vice President,,,,North Avenue Capital,,,,,,https://www.linkedin.com/in/mathewson/,
MUanU6zzSKdOVX0htY8Z,pKK0ahuF51yoysrXxkVu,cbarham@capstarbank.com,Chris Barham,,,,,,,"National Net Lease Income Property Lender, Senior Vice President",,,,CapStar Bank,,,,,,https://www.linkedin.com/in/chris-barham-a93b4263/,
MfzHJwKprPSbfGFf7sKa,3cxKcW6b4L8qlspvrAP5,banksonp@fnb-corp.com,Preston Bankson,,,,,,,Relationship Manager,,,,F.N.B. Corporation,,,,,,https://www.linkedin.com/in/preston-bankson/,
NeF70V7kVXVfmRQKWAe3,sDHGIiDGcNkxMyrFOsaX,barry@redwoodmortgage.com,Barry Judis,,,,,,,Senior Account Executive,,,,Redwood Mortgage,,,,,,https://www.linkedin.com/in/barryjudis/,
ODpKZHRp2yBmQosxYoRZ,OxittJQKqatjF9cpueNx,arun.singh@metlife.com,Arun Singh,,,,,,,"Vice President, Southeast Region, MetLife Real Estate",,,,MetLife,,,,,,https://www.linkedin.com/in/arunsinghcfa/,
OuOo4iAYlM5UagE1r1Cv,FBVbblBCOHYwm3bsRLVo,david_rabban@keybank.com,David Rabban,,,,,,,Senior Production Analyst,,,,KeyBank Real Estate Capital,,,,,,https://www.linkedin.com/in/davidrabban/,
Pf8hncdK2bC4QveQwax9,SgwQeItYxZCRuDBmYDTM,bflury@cortenrealestate.com,Brandon Flury,,,,,,,Vice President,,,,Corten Real Estate Partners,,,,,,https://www.linkedin.com/in/matt-kattler-cfa-9010399/,
RKeA8TIoO7yV0A7RU0zp,9XHIi56NwVejEoaezQYZ,davidc.lin@eastwestbank.com,David Lin,,,,,,,Relationship Manager,,,,East West Bank,,,,,,https://www.linkedin.com/in/david-lin-a2249618/,
ROahJxVPAnuRGiwXBjK6,vB2vgEsFqMHzqBp3U0ke,cohara@flushingbank.com,Chris O'Hara,,,,,,,Client Manager,,,,Chase,,,,,,https://www.linkedin.com/in/christopher-o-hara-64843424/,
RYPJ0CNNmGtVtgCP8cdy,69sqcGYEimHov9EqRaYj,agriffin@choiceone.com,Aaron Griffin,,,,,,,Commercial Lender | AVP,,,,Choice One Bank,,,,,,https://www.linkedin.com/in/aaron-griffin-0b6266a0/,
RhnsaBFhnUDuJikTPpdc,HjAQ55KkgEhKk6F7qKIG,corley.audorff@pgim.com,Corley Audorff,,,,,,,Vice President,,,,PGIM Real Estate,,,,,,https://www.linkedin.com/in/corley-audorff-9a88525/,
SjsFxmZZBd5XkA2Eu4FU,vZbqWk06K6fnK61KlGR0,Bryan.Martinez@visiolending.com,Bryan Martinez,,,,,,,Sr. Account Executive,,,,Visio Lending,,,,,,https://www.linkedin.com/in/bryan-martinez-b05a77154/,
SrQMzqjxM9vh3thr5Ogu,eDiHsYVlanfadSy3Xuhk,dana.campbell@colonybank.com,Dana Campbell,,,,,,,"Vice-President, Business Development Officer",,,,Colony Bank,,,,,,https://www.linkedin.com/in/danacampbell1/,
TUT8qYncYEVf9Mf69u7N,NRYSVz2FpZCHmhLxpMca,crista.kolin@flagstar.com,Crista Kolin,,,,,,,"VP, Sr. Business Banking Relationship Officer",,,,Flagstar Bank,,,,,,https://www.linkedin.com/in/crista-kolin-1541a18/,
TbS9cxMVjp3eCKZDCjFf,7aifIzIVoZut4NrQYaB6,dpopp@arvest.com,Donna Popp,,,,,,,"Vice President, Commercial Relationship Manager",,,,Arvest Bank,,,,,,https://www.linkedin.com/in/donna-popp-mba-a918499/,
ocOgCK1mGrTZFDn0FNQZ,7aifIzIVoZut4NrQYaB6,dpopp@ffb.com,Donna Popp,,,,,,,"Vice President, Commercial Relationship Manager",,,,Arvest Bank,,TRUE,,,,https://www.linkedin.com/in/donna-popp-mba-a918499/,
UFL03fVotakaBhjlyyKY,TzeDEZp2sA8BXj4qZRF8,dbennett@pcm-funding.com,Deb Bennett,,,,,,,Financial Sales Consultant,,,,PNC Bank,,,,,,https://www.linkedin.com/in/deb-bennett-2a45958a/,
UGQgIbedvlvZOAS75Odl,sawhYzKIfSlniJGvMvQy,bruce.shanks@ffbt.com,Bruce Shanks,,,,,,,Assistant Vice President,,,,First Farmers Bank & Trust,,,,,,https://www.linkedin.com/in/bruce-shanks-7411298/,
Uxe1AU5yOqvrt7JUWAas,YCKV0HL5Yr7wMtjBMNwj,bkbailey@mainsourcebank.com,Brian Bailey,,,,,,,SVP Business Banking Relationship Manager,,,,First Horizon Bank,,,,,,https://www.linkedin.com/in/brian-bailey-514b5576/,
UzzYpib6Z3k28NW0mYWj,ouES6kYmbORaKTEjGs9R,dafisher@macu.com,Dale Fisher,,,,,,,Senior Commercial Real Estate Loan Officer,,,,Mountain America Credit Union,,,,,,https://www.linkedin.com/in/dale-fisher-8aaa6066/,
VB9ENebAawghnPyepiAj,DzFUCtdwA2p28Yn6mutZ,ddarby@corebankok.com,David Darby,,,,,,,Member,,,,Midtown Financial Acquisition,,,,,,https://www.linkedin.com/in/david-darby-4b012524/,
VD0MdBIlkc92uPa8MyfJ,IJJ2MxRqvS02b6Eyl2K7,erattner@squaremilecapital.com,Elliot Ratner,,,,,,,Managing Director,,,,Square Mile Capital Management,,,,,,https://www.linkedin.com/in/elliot-rattner-3475905/,
VNqxpgek7tRNiBz6A7aB,0ljmG2W1ARMbOMP1579z,brian@stronghill.com,Brian Simmons,,,,,,,Managing Director - Lending,,,,Stronghill Capital,,,,,,https://www.linkedin.com/in/brian-britton-simmons/,
WdQ3393yXkwUsPHLFk9j,AkiYzvTDzG6QPyCAkcKr,donny.turnbow@cbsbank.net,Donny Turnbow,,,,,,,City President/ First Vice President,,,,CB&S Bank,,,,,,https://www.linkedin.com/in/donny-turnbow-64390242/,
Wm4reskzUVXsJ1dT2b4U,G3FQ5QKZoVzXGOcpRP3i,ahinze@wisconsinbankandtrust.com,Alex Hinze,,,,,,,Assistant Vice President - Commercial Relationship Manager,,,,Wisconsin Bank & Trust,,,,,,https://www.linkedin.com/in/alex-hinze-crc-4559b248/,
X7A0pAwArKFpueLSOGKR,9F8hZdFmPeoJo8e4LW1b,bmilde@allegiantrec.com,Ben Milde,,,,,,,Managing Director,,,,TPG Global,,,,,,https://www.linkedin.com/in/benjamin-milde-1b032b87/,
XIRx8EaNsKeigLgzdB4A,u1JsJBMgtjzqxwZqa2gs,eainbinder@cherrywood.com,Ed Ainbinder,,,,,,,EVP/National Production Cherrywood Mortgage LLC,,,,Cherryood Mortgage LLC,,,,,,https://www.linkedin.com/in/edainbinder/,
XQ3XoZt5qzGYoIszGoA7,SKZlR6XgJyL2qGSVH6PO,bschwartzer@baraboobank.com,Brett Schwartzer,,,,,,,Vice President - Commercial Loan Officer,,,,Bank of Wisconsin Dells,,TRUE,,,,https://www.linkedin.com/in/brett-schwartzer-b209b961/,
XTfKQqXUEH60TPA1UeQa,QA1VF2iBaX3d5OD1bqEr,dushyant.ravichandran@cibc.com,Dushyant Ravi,,,,,,,Associate,,,,CIBC,,,,,,https://www.linkedin.com/in/deeravi/,
XmStnB1Vm0C52fZLgmbs,ZTqKgcnzZShLdbVj5StK,fgiuffrida@ucfunds.com,Felix,,,,,,,Commercial Real Estate Originations,,,,UC Funds,,,,,,https://www.linkedin.com/in/felix-giuffrida-823162b/,
YBLTDdlytITTisSMxQ6H,uGDbYgM5fB1qoBxQoefh,Frojas@ridgewoodbank.com,Frank Rojas,,,,,,,MFL/CRE Commercial Lending Officer,,,,Ridgewood Savings Bank,,,,,,https://www.linkedin.com/in/frank-rojas-9b389898/,
YQa4eofSUlUp0UEGLaBW,A5tCPtRpaeWPJUD6j5Iw,daniel.hutson@texasbank.com,Daniel Hutson,,,,,,,Vice President Commercial Lending,,,,TexasBank,,,,,,https://www.linkedin.com/in/daniel-hutson-1411a52a/,
YlEflfE0bsqsW8aGtQ8y,aVlM1pVJFhVWcujydOsQ,darylcohen@americanpridebank.com,Daryl Cohen,,,,,,,Vice President,,,,American Pride Bank,,,,,,https://www.linkedin.com/in/daryl-cohen-76ab3326/,
Z1urLRRePolPQwkIRc5c,ZBGVm0hNz9ylavzn6MYm,elliot@hequities.com,Elliot Horowitz,,,,,,,Managing Member,,,,H Equities,,,,,,https://www.linkedin.com/in/elliot-horowitz-22610619/,
aJF1MuNc6oZ08TQlaoBd,hrw1pGYPd87A6Igf9Jfv,Anya.Nabiev@natixis.com,Anya Nabiev,,,,,,,,,,,,,,,,,https://www.linkedin.com/in/anya-nabiev-cfa-01b239/,
aofb1YTAV9oOvlWk9SZb,Kftz5CgpE2hUvKbOcKkZ,davidp@cubsllc.org,David Polevoy,,,,,,,"Executive Vice President, Commercial Lending",,,,Credit Union Business Services (CUBS),,,,,,https://www.linkedin.com/in/davidpolevoy/,
b6AndPzkswznmrjQdMVj,ETCUT9ARUrRSFLqVZ9M3,EDjecki@investorsbank.com,Elias Djecki,,,,,,,Assistant Vice President / CRE Underwriter / Portfolio Manager,,,,Investors Bank,,,,,,https://www.linkedin.com/in/elias-djecki-a0166119/,
bGuuQHR6zTT0ymducrAW,tkNr4qZCpeXkrwqYirDr,bgoff@firstchatham.com,Bobby Goff,,,,,,,Vice President-Business Development Officer,,,,First Bank of the Lake,,TRUE,,,,https://www.linkedin.com/in/bobby-goff-5a9369b/,
c0x658TctuFkBpGT43sB,T9ugGYMblcvYOIk7cHIH,cfranks@fidelitybank.com,Clayton Franks,,,,,,,Oklahoma Commercial Real Estate Lending Manager,,,,Oklahoma Fidelity Bank,,,,,,https://www.linkedin.com/in/clayton-franks-23810433/,
d4g0KF1gxjTzuogza8xj,Oh3T8Sx5lvJo2rnJZU4i,creeves@coastal24.com,Charlie Reeves,,,,,,,Commercial Loan Manager,,,,Coastal Credit Union,,,,,,https://www.linkedin.com/in/charlie-reeves-56a5446/,
dBdH4r5f9cUSCFxW1fna,5Sni2e5bWvSkvgJBY9ac,cbj@synartis.net,Chris Johnston,,,,,,,,,,,,,,,,,https://www.linkedin.com/in/synartiscapitalchrisjohnston/,
dH3vRZIagW1zyDMM3lJq,XPUyVxztvT1FwbIHBSPF,dford@midhudsonre.com,Dan Ford,,,,,,,,,,,,,,,,,https://www.linkedin.com/in/danfordwashingtondc/,
dNRbrJAM1hLgpy4vWGgg,OfVLvg16ZV9tgHTiyX5V,Christopher.Micheletti@wellsfargo.com,Chris Micheletti,,,,,,,Senior Vice President - Commercial Relationship Manager,,,,Wells Fargo,,,,,,https://www.linkedin.com/in/christopher-micheletti-3a59643/,
dW01xbnumatf19wdFZID,pDoEGH6bTjA2D9atjrxJ,chenderson@ppbi.com,Corey Henderson,,,,,,,"VP, CRE and Construction Loan Officer",,,,Pacific Premier Bank,,,,,,https://www.linkedin.com/in/corey-henderson-b0914032/,
dypoYhR8bz36UUlO1EnE,llEtpfcpPIGOu8PL1A56,daniel.rawson@gryphonrecapital.com,Daniel Rawson,,,,,,,Assistant Director of Originations,,,,"Gryphon Real Estate Capital Partners, LLC",,,,,,https://www.linkedin.com/in/daniel-rawson-1a411546/,
gCht2hAGz8x4cPMgCtje,iVtVAWKz37l3gT3oX1uV,anthony.weston@growfinancial.org,Anthony Weston,,,,,,,Commercial Loan Officer,,,,Grow Financial Federal Credit Union,,,,,,https://www.linkedin.com/in/anthony-weston-bb485773/,
hWcgWO4uCSHOdml1d5gq,IORL6oLUuUotZQsI8iRo,chunt@loancore.com,Chapin Hunt,,,,,,,Managing Director,,,,Jeffries LoanCore,,,,,,https://www.linkedin.com/in/chapin-hunt-9131bb42/,
hicBDSGR9yZ2SoqOEbO2,i8STtpnuaGkD18MkT4Hk,apeterson@sundancebay.com,Andrew Peterson,,,,,,,,,,,,,,,,,https://www.linkedin.com/in/andrewspeterson/,
hr47SzvOcuz0BrW4x3Am,HJcYY9yoeg6xSl1V25fX,bryan.closset@financeofamerica.com,Bryan Closset,,,,,,,Account Executive,,,,Finance of America Commercial,,,,,,https://www.linkedin.com/in/bryan-closset-0277096/,
i7Hlr7m9rS2XCljeu8Vf,uiEPEBYavRIWjoiQMGCe,evan.williams@capitalone.com,Evan Williams,,,,,,,Loan Originations - Affordable Housing,,,,Capital One Multifamily,,,,,,https://www.linkedin.com/in/evan-williams-9880aa7/,
iN7lgxg7rmimuhlGgGY0,tsz3y6H6Fu3z4s5QzMzG,EG@realexcapital.com,Elie Gross,,,,,,,Managing Director,,,,The Realex Capital Corporation,,,,,,https://www.linkedin.com/in/eliegross/,
jTY6cwZdcoYlDqNIW5RS,ekOkWpwqEcrJ4moiZC5n,charles.boone@bankofthewest.com,Charlie Boone,,,,,,,,,,,,,,,,,https://www.linkedin.com/in/charlie-boone-763701/,
k2UqT5d4Gjycq9Yd4I4l,z92J09i0FUn4aCSpHBov,awilson@dime.com,Anthony Wilson,,,,,,,"Assitant Vice President, Branch Manager",,,,Dime Community Bank,,,,,,https://www.linkedin.com/in/anthony-r-wilson-22592984/,
krCEhVeF8pTOSG0wZueH,k3cBP2Imu1F8JrEEkvzX,DLaLonde@firstmerchants.com,Darren LaLonde,,,,,,,Market President and Commercial Team Leader-Western Wayne,,,,First Merchants Corporation,,,,,,https://www.linkedin.com/in/darren-r-lalonde-3ba73b84/,
lKDqqxlOjLQAH2mD8zWP,kPtJd6L6SRkA0hEeBMXM,bryan.olund@bankwithmutual.com,Bryan Olund,,,,,,,Business Banker,,,,Northwest Bank,,TRUE,,,,https://www.linkedin.com/in/bryan-olund-b4091129/,
ld5MkoS17KhTePsBnSa7,1ls8GrZ6HBAx2yOAimpE,cpicket@starwood.com,Craig Picket,,,,,,,,,,,,,,,,,https://www.linkedin.com/in/craig-picket-3a326410/,
lrFogmGAjNRybpAGbzJ9,yA7xzL5YWLVmDK8ACbMd,amy.james@wellsfargo.com,Amy James,,,,,,,Business Relationship Manager,,,,Wells Fargo,,,,,,https://www.linkedin.com/in/amy-james-88abb6b7/,
ndYcFjpnLohzd6DmD3If,IC7VDZTp8pJgD5k3MC7q,austin.pena@blackstone.com,Austin Pena,,,,,,,,,,,,,,,,,https://www.linkedin.com/in/f-austin-pe%C3%B1a-3356638/,
o47ZtsLR7AXcSgERBD5J,widbmzqYIAcsXZwVuhbe,fornelas@axosbank.com,Fred Ornelas,,,,,,,Business Development Manager,,,,Axos Bank,,,,,,https://www.linkedin.com/in/fred-ornelas-0a531614/,
o4k0Xf7Ov6qMPJWDRH7Z,8ST6D8Ag8Zk9e3grFK5H,dillon.renn@kinecta.org,Dillon Renn,,,,,,,,,,,,,,,,,https://www.linkedin.com/in/dillon-renn-81413a3/,
oZ9ntW2zAPw119w2kuWf,kmAodw6C6hNM3VDOKUxE,Brian.Kopakin@growfinancial.org,Brian Kopakin,,,,,,,Commercial Loan Officer,,,,Grow Financial Federal Credit Union,,,,,,https://www.linkedin.com/in/briankopakin/,
onVt6eR4kmBda6S9EI2a,vHMxeflbaUnSfvhA0ifH,dthompson@monroefederal.com,Doug Thompson,,,,,,,V.P. Commercial Banking,,,,MONROE FEDERAL SAVINGS AND LOAN ASSOCIATION,,,,,,https://www.linkedin.com/in/doug-thompson-mba-a7b766b/,
p2diqTDVyGaixTeq0Ulw,cIxVqYsDtWGotL5FCHz5,candice.loupee@blackrock.com,Candice Loupee,,,,,,,Vice President,,,,BlackRock,,,,,,https://www.linkedin.com/in/candice-loupee-37a9645/,
pPDRCBsGAjOaVzxRAaTv,1naWW4xVL4vo2eJh8FKm,christopher.gregg@leumiusa.com,Christopher Gregg,,,,,,,National Head of Real Estate,,,,Bank Leumi USA,,,,,,https://www.linkedin.com/in/christopherpgregg/,
q56KwMmJrbfEebc9VI70,uCD8BGUxcdf9nf1xjUyy,ben.silver@rialtocapital.com,Ben Silver,,,,,,,Associate,,,,Rialto Capital Management,,,,,,https://www.linkedin.com/in/bensilvernyc/,
qlqTszvPxSKkj3KJroxu,y2AomRB15NJgxx1x1J3H,blopez@cofsbank.com,Bill Lopez,,,,,,,Construction Lending Specialist,,,,Colorado Federal Savings Bank,,,,,,https://www.linkedin.com/in/bill-lopez-31875531/,
rc0uhm9vgmUKcEugPq9m,jbdiOufKgQmZZ6BauJwu,alliu@dkpartners.com,Alan Liu,,,,,,,Investment Professional,,,,Davidson Kempner Capital Management,,,,,,https://www.linkedin.com/in/alan-liu-589b6b162/,
swPhgm1WTC4Vt5340tQ6,mzTjX448uNffICTuvFue,aaron@myliftloans.com,Aaron Fausel,,,,,,,Head Of Originations,,,,1WestCommercial,,,,,,https://www.linkedin.com/in/aaron-fausel-60522578/,
t1zycWjaRtbPQK54WBCU,G7I86qwRCUoO1yQTtsjT,daniel.graca@man.com,Dan Graca,,,,,,,Vice President,,,,Man GPM,,,,,,https://www.linkedin.com/in/danielgraca/,
tUwyuGUlTVwEptvbdasn,GbupJVFpcut3FNGOg1jC,db@geolo.com,Duff Bedrosian,,,,,,,Acquisitions,,,,Geolo Capital,,,,,,https://www.linkedin.com/in/duff-bedrosian-474973a4/,
th5wCUNv8IXlI3KzNRkc,ZRBEd1UiWcmtWMk6Qnbf,fcipriano@upstatebank.com,Frank Cipriano,,,,,,,Executive Vice President and Chief Lending Officer,,,,The Upstate Bank NA,,,,,,https://www.linkedin.com/in/frank-cipriano-ctp-18a1053b/,
tpZcvqMt82dOSgxDEHEF,TWiBDwcvVpEtT6hET3vr,christopher.massie@suncoastcreditunion.com,Chris Massie,,,,,,,Commercial Lender,,,,Suncoast Credit Union,,,,,,https://www.linkedin.com/in/christopher-massie-05901041/,
ttjWKLMdWY00GPdpOceb,opIQSmZXPhPWVLjlzdtG,dmarca@castellanre.com,Daniella Marca,,,,,,,Vice President - Debt & Originations,,,,Castellan Capital,,,,,,https://www.linkedin.com/in/daniella-marca-0a248530/,
tz0VhA12x4yhXJzITnOL,yzduFqd9HqHyt7i1JhyA,dkirma@arbor.com,Derek,,,,,,,Vice President,,,,Arbor Realty Trust,,,,,,https://www.linkedin.com/in/derek-kirma-93455233/,
uTpGiXmXHoV6MpLqDQhb,WFU9vj245C7O3w1iaMp8,bhill-allison@banksouth.com,Bethany Hill,,,,,,,Commercial Relationship Manager,,,,BankSouth,,,,,,https://www.linkedin.com/in/bethany-hill-allison-58807516/,
ubnIcbmKtjNAoclnbznO,8o8dvMOAIVFYgiQUa1di,carolyn_c_nazdin@keybank.com,Carolyn Nazdin,,,,,,,"Senior Vice President, Mortgage Banker",,,,KeyBank Real Estate Capital,,,,,,https://www.linkedin.com/in/carolyn-nazdin-a21a0a136/,
ukWSiurxMEttR1rcafDF,m51KFfsAJdhWBt8YHBbS,ecunningham@cincinnatifederal.com,Ed Cunningham,,,,,,,Vice President of Commercial Lending,,,,Cincinnati Federal,,,,,,https://www.linkedin.com/in/edcunningham/,
uus0JYR5tYE7LPUARXua,l4488RZilDV5SEeM7HgS,edwin.kwon@nxtcapital.com,Eddie Kwon,,,,,,,Loan Asset Manager,,,,MetLife,,TRUE,,,,https://www.linkedin.com/in/edwin-kwon-3bb1214/,
vYW6O555RZBfXNcIjiEu,CmF7Q3vMVSak33iGAjeC,bpascarella@brentwoodbank.com,Brad Pascarella,,,,,,,AVP | Commercial Lender,,,,Brentwood Bank,,,,,,https://www.linkedin.com/in/brad-pascarella-a052a019/,
vlPWd7ioH4BGTbHiDmit,mfDSCn0ek3rIVLV8hM6e,dan.fine@chase.com,Dan Fine,,,,,,,VP / Executive Director,,,,JPMorgan Chase & Co.,,,,,,https://www.linkedin.com/in/dan-fine-15268911/,
wGZR7GCS6Zg28qMUsazx,KIxjmkEnVF88BBnB3yt8,alisha.lay@bankmw.com,Alisha Lay,,,,,,,"Business Banking Officer II, VP",,,,Bank Midwest,,,,,,https://www.linkedin.com/in/alishaodell/,
wZDodPA0LxRxokXP6o6N,z2bDgH8j0ZjRefC2s30r,doug.tilque@trustone.org,Doug Tilque,,,,,,,Vice President Commercial Lending,,,,Marathon Bank,,TRUE,,,,https://www.linkedin.com/in/doug-tilque-65018611/,
wzL9OKR6Pf2fUycN7j0I,0jUoF9X7NOUPC8xvyDtH,chenson@ufcu.org,Chad Henson,,,,,,,Commercial Loan Officer Supervisor,,,,UFCU,,,,,,https://www.linkedin.com/in/chad-henson-19048951/,
xNaEV3UdgzvtCHljIvbG,uP0YWYyxnWuuiySgTfyN,Andrew.Francini@5arch.com,Andrew Francini,,,,,,,Relationship Manager,,,,CoreVest Finance,,,,,,https://www.linkedin.com/in/andrew-francini-9643a4ba/,
yJ8Gbp1jQMXBeSGRfhqI,VbLV9tBeQmt6UupL7HE5,Alexis.Lee@bridgeig.com,Alexis Lee,,,,,,,Debt Strategy Analyst,,,,Bridge Investment Group,,,,,,https://www.linkedin.com/in/alexis-lee-240bb7126/,
yNQkvEMWKoz2e8WTLHa1,9wuvnjWzLnIVbRkTvMgF,dmiller@keysitecapital.com,Daniel Miller,,,,,,,Vice President,,,,Keysite Capital Partners,,,,,,https://www.linkedin.com/in/daniel-miller-0bab2933/,
yVwdzVpgXDfuvYWR2kH3,A4GzgcaHSpGr1Sq3Op3Z,andrew.cooper@hines.com,Andrew Cooper,,,,,,,Chief Investment Officer,,,,Hines Realty Income Fund,,,,,,https://www.linkedin.com/in/andrew-cooper-105bb2a/,
yf1J6NoSTZTEbKDrHk7Z,N7BichjAXJpVsG6B8aYt,elliot@bridgecorecapital.com,Elliot Shirwo,,,,,,,,,,,,,,,,,https://www.linkedin.com/in/elliot-shirwo-68b2b6/,
z40CYQxrJFXdJwJ0Mg93,VY4dWmJqYemadCrX6V1E,david.a.jones@desertfinancial.com,David Jones,,,,,,,Business Relationship Manager,,,,Desert Financial Credit Union,,,,,,https://www.linkedin.com/in/david-jones-77b94647/,
zDgQk1z9wi3GfRtaDLlq,LewrmhDsfZYz2qaDvYVu,ecase@kelloggccu.org,Ed Case,,,,,,,,,,,,,,,,,https://www.linkedin.com/in/ed-case-506baa11/,
