fullName,firstName,lastName,title,account,email,Linkedin,jobChanged
Liz Tao,,,,Key Bridge Capital,liz@keybridgefund.com,https://www.linkedin.com/in/elizabeth-tao-9922b575/,
Deb Bennett,,,,Prescient Capital Management,dbennett@pcm-funding.com,,
Roger Retzer,,,,PointBank,rretzer@pointbank.com,https://www.linkedin.com/in/rogerretzer/,
Frank Cipriano,,,,Upstate National Bank,fcipriano@upstatebank.com,https://www.linkedin.com/in/frank-cipriano-ctp-18a1053b/,
Gary Polao,,,,Red Star Mortgage,gpolao@redstarmortgage.com,https://www.linkedin.com/in/gary-polao-8b36608/,
Michael Mostoff,,,,Unity Capital,mmostoff@unitycapitalllc.com,https://www.linkedin.com/in/michael-mostoff/,
Seth Miller,,,,White Oak Realty Capital,seth@aegisrealty.com,https://www.linkedin.com/in/seth-miller-92082210/,TRUE
Nick Ferrarone,,,,CV Capital Funding,nferrarone@cvcapitalfunding.com,https://www.linkedin.com/in/nickferrarone/,
Michael Bachenheimer,,,,Pangea,mbachenheimer@pangeare.com,https://www.linkedin.com/in/michael-bachenheimer/,
Jim Guinaw,,,,Island Federal Credit Union,lguinaw@islandfcu.com,,
Alexis Lee,,,,Bridge Investment Group,Alexis.Lee@bridgeig.com,https://www.linkedin.com/in/alexis-lee-240bb7126/,
Zach Britton,,,,MidCap Financial,zbritton@midcapfinancial.com,https://www.linkedin.com/in/zacharybritton/,
Karim Demirdache,,,,Kohlberg Ventures Realty Capital,Karim@kvrealtycap.com,https://www.linkedin.com/in/kdemirda//,
Kerati Apilakvanichakit,,,,Socotra Capital,kerati@socotracapital.com,https://www.linkedin.com/in/kerati-apilakvanichakit-6434427a/,
Megan Green,,,,Red Oak Capital,Megan@Redoakcapitalgroup.com,https://www.linkedin.com/in/megan-green-206633181/,TRUE
Andrew Kim,,,,Thorofare Capital,andrew.kim@thorofarecapital.com,https://www.linkedin.com/in/andrew-kim-68723242/,
Alan Liu,,,,Davidson Kempner,alliu@dkpartners.com,https://www.linkedin.com/in/alan-liu-589b6b162/,
Chris Haddon,,,,Hard Money Bankers,chris@hardmoneybankers.com,https://www.linkedin.com/in/chrishaddon,
Jack Miller,,,,Gelt Financial,jackmiller@geltfinancial.com,https://www.linkedin.com/in/hjackmiller/,
Dan Goldberg,,,,Wilshire Quinn Capital,dgoldberg@wilshirequinn.com,https://www.linkedin.com/in/danhgoldberg/,
Tom Belsanti,,,,Money360,tombelsanti@money360.com,https://www.linkedin.com/in/thomas-belsanti-12ba806/,
Jonathan Kalikow,,,,Gamma Real Estate Lending,jkalikow@gammare.com,https://www.linkedin.com/in/jonathan-kalikow-2430257/,
Greg Schecher,,,,Keystone Bridge Capital,gschecher@keystonebridgecapital.com,https://www.linkedin.com/in/greg-e-schecher-289755/,
David Lin,,,,EastWest Bank,davidc.lin@eastwestbank.com,https://www.linkedin.com/in/david-lin-a2249618/,
Terry Baydala,,,,Pembrook Group,tbaydala@pembrookgroup.com,https://www.linkedin.com/in/terry-baydala-11313411/,
Shai Romirowsky,,,,Evergreen Private Finance,shai@evergreenprivatefinance.com,https://www.linkedin.com/in/shairomirowsky/,
Mark Froot,,,,Acorn Street Capital,mark.froot@acornstreetcap.com,https://www.linkedin.com/in/markfroot/,
Mike Galante,,,,Edgewood Capital Advisors,Mike@edgewoodcapital.com,https://www.linkedin.com/in/michael-galante-9250b034/,
Brent Truscott,,,,Bloomfield Capital,btruscott@bloomfieldcapital.com,https://www.linkedin.com/in/brenttruscott/,
Tom Ferrell,,,,Edgewood Capital Advisors,tferrell@edgewoodcapital.com,https://www.linkedin.com/in/tferrell/,
Andrew Peterson,,,,Sundance Bay Debt Strategies,apeterson@sundancebay.com,https://www.linkedin.com/in/andrewspeterson/,
Jeffrey Bleaman,,,,Scottsdale Fund,jeff@scottsdalefund.com,https://www.linkedin.com/in/jeffrey-bleaman-176948b9/,
Kristin Rick,,,,Pender Capital,kristin.rick@pendercapital.com,https://www.linkedin.com/in/kristinrick/,
Sean Rose,,,,iBorrow,sean@iborrow.com,https://www.linkedin.com/in/sean-rose-6082782b/,
Dan Friedman,,,,C-III Capital,dfriedman@c3cp.com,https://www.linkedin.com/in/dannyfriedman/,TRUE
Adam Glick,,,,Maxim Capital Group,aglick@maximcapitalgroup.com,https://www.linkedin.com/in/adam-glick-89a3a922/,
Eduardo Milhem,,,,Kawa Capital Management,Eduardo@Kawa.com,https://www.linkedin.com/in/eduardo-milhem-24b23395,
Peter Hills,,,,ACRES Capital,phills@acrescap.com,https://www.linkedin.com/in/peter-hills-92166511a/,
Bruce Shanks,,,,First Farmers Bank & Trust,bruce.shanks@ffbt.com,https://www.linkedin.com/in/bruce-shanks-7411298/,
Michael Schumacher,,,,Enact Partners,Michael@EnactPartners.com,https://www.linkedin.com/in/michaeldschumacher/,
Will Shellenberger,,,,PlainsCapital Bank,will.shellenberger@plainscapital.com,https://www.linkedin.com/in/will-shellenberger-28873b50/,TRUE
Dana Campbell,,,,Colony Bank,dana.campbell@colonybank.com,https://www.linkedin.com/in/danacampbell1/,
Andrew Cooper,,,,Hines Realty Income Fund,andrew.cooper@hines.com,https://www.linkedin.com/in/andrew-cooper-105bb2a/,
Bethany Hill,,,,BankSouth,bhill-allison@banksouth.com,https://www.linkedin.com/in/bethanyhill-allison/,
Barry Scheiderman,,,,Byline Bank,bschneiderman@bylinebank.com,https://www.linkedin.com/in/barry-schneiderman-7a89598/,
Chapin Hunt,,,,LoanCore Capital,chunt@loancore.com,https://www.linkedin.com/in/chapin-hunt-9131bb42/,TRUE
Donna Popp,,,,First Fidelity Bank,dpopp@ffb.com,linkedin.com/in/donna-popp-mba-a918499/,TRUE
Jeffrey Werdein,,,,Lake Shore Savings Bank,jeffrey.werdein@lakeshoresavings.com,https://www.linkedin.com/in/jeffrey-werdein-22b8377/,
Rafael Bolivar,,,,Community First Bank of Indiana,rbolivar@cfbindiana.com,https://www.linkedin.com/in/rafael-bolivar-80b30514/,TRUE
Oscar Segal,,,,Pacific National Bank,osegal@pnb.com,,
Scott Freese,,,,Renasant Bank,scott.freese@renasant.com,https://www.linkedin.com/in/scott-freese-93a09841/,TRUE
Corey Henderson,,,,Pacific Premier Bank,chenderson@ppbi.com,https://www.linkedin.com/in/corey-henderson-b0914032/,
Randy Appledorn,,,,Opus Bank,rappeldorn@opusbank.com,https://www.linkedin.com/in/randyappeldorn/,TRUE
David Rabban,,,,Keybank,david_rabban@keybank.com,https://www.linkedin.com/in/davidrabban/,
Janette O'Brien,,,,Keybank,janette_o'brien@keybank.com,,
Derek Kirma,,,,Arbor Commercial Mortgage,dkirma@arbor.com,https://www.linkedin.com/in/derek-kirma-93455233/,
Nathan Sackett,,,,Columbia Bank (Northwest),nathan.sackett@therightbank.com,https://www.linkedin.com/in/nathansackett/,
Seth Weiner,,,,Capital One,seth.wiener@capitalone.com,https://www.linkedin.com/in/seth-weiner-19189a185/,TRUE
Barry Judis,,,,Redwood Mortgage,barry@redwoodmortgage.com,https://www.linkedin.com/in/barryjudis/,
Tom Treacy,,,,John Hancock Life,ttreacy@jhancock.com,https://www.linkedin.com/in/thomas-treacy-9b9439113/,
Dan Graca,,,,Man Group,daniel.graca@man.com,https://www.linkedin.com/in/danielgraca/,TRUE
Kailey Burke,,,,Colony Northstar,kburke@clny.com,https://www.linkedin.com/in/kailey-burke-7698b459/,
­Joel Klonoff,,,,Colony Northstar,jklonoff@clny.com,https://www.linkedin.com/in/joel-klonoff-6317295b/,TRUE
Cameron Romoff,,,,Colony Northstar,cromoff@clny.com,https://www.linkedin.com/in/cameron-romoff-53ab52101/,
Taylor Watson,,,,The Piedmont Bank,Taylor.Watson@piedmont.bank,https://www.linkedin.com/in/taylor-watson-0a0a00187/,TRUE
Preston Bankson,,,,First National Bank,banksonp@fnb-corp.com,https://www.linkedin.com/in/preston-bankson,
Jessica Sepulveda,,,,SB One Bank,jsepulveda@SBOne.bank,https://www.linkedin.com/in/jessica-sepulveda-46860780/,
Patrick Matchett,,,,First Foundation Bank,pmatchett@ff-inc.com,https://www.linkedin.com/in/patrick-matchett-29398582/,
Susan Mackey,,,,Banner Bank,susan.mackey@bannerbank.com,https://www.linkedin.com/in/susan-mackey-3648341/,
James Barnett,,,,Banner Bank,James.Barnett@bannerbank.com,https://www.linkedin.com/in/james-barnett-iii/,
Scott Sillers,,,,TBK Bank,ssillers@tbkbank.com,https://www.linkedin.com/in/scott-sillers-89857143/,
Michael Cotler,,,,Continental Casualty Company,mcotler@loews.com,https://www.linkedin.com/in/michael-cotler-a288481/,TRUE
Tyson Blackburn,,,,Quorum Federal Credit Union,Commercial@quorumfcu.org,https://www.linkedin.com/in/tysonblackburn/,
Doug Tilque,,,,TruStone Credit Union,doug.tilque@trustone.org,https://www.linkedin.com/in/doug-tilque-65018611/,TRUE
Louis Cipriani,,,,Select Bank,louisc@selectbank.com,https://www.linkedin.com/in/louis-cipriani-36a71a148//,
Jon Wiegand,,,,Extensia Financial,jwiegand@extensiafinancial.com,https://www.linkedin.com/in/jonwiegand/,
Bobby Goff,,,,First Chatham Bank,bgoff@firstchatham.com,https://www.linkedin.com/in/bobby-goff-5a9369b/,TRUE
David Jones,,,,Desert Financial Credit Union,david.a.jones@desertfinancial.com,https://www.linkedin.com/in/david-jones-77b94647,
Dan Rindfleisch,,,,Baraboo State Bank,drindfleisch@baraboobank.com,,
Todd Patterson,,,,First Fidelity Bank,tpatterson@ffb.com,https://www.linkedin.com/in/todd-patterson-5930846/,TRUE
Kris Hollingshead,,,,HomeStreet Bank,kris.hollingshead@homestreet.com,https://www.linkedin.com/in/kris-hollingshead-a777826b/,TRUE
Chuck Carillo,,,,HomeStreet Bank,chuck.carrillo@homestreet.com,https://www.linkedin.com/in/chuck-carillo-3208a49/,TRUE
Jeff Wagner,,,,North American Savings Bank,jwagner@nasb.com,https://www.linkedin.com/in/jeff-wagner-61a6177,
Lucas Olsen,,,,SBA Complete,lolson@firstbanksba.com,https://www.linkedin.com/in/lucas-olson-a2311084/,
Craig Picket,,,,Starwood Mortgage Capital,cpicket@starwood.com,,
Wagner Garces,,,,Eagle Bank,WGarces@eaglebankcorp.com,,
Josh Hofer,,,,First Dakota National Bank,jhofer@firstdakota.com,https://www.linkedin.com/in/josh-hofer-9157726/,
Rob Triplett,,,,Old National Bank,Rob.Triplett@oldnational.com,https://www.linkedin.com/in/robtriplett/,
Neal Casey,,,,UBS,neal.casey@ubs.com,https://www.linkedin.com/in/nealcasey/,
Francis Reyes,,,,UBS,francis.reyes@ubs.com,https://www.linkedin.com/in/francis-reyes-9293024a,
Tobi Abereoje,,,,Basis Investment Group,tabereoje@basisinvgroup.com,https://www.linkedin.com/in/tobi-abereoje-5858239/,
Indira Maharaj,,,,Valley National Bank,Imaharaj@valley.com,https://www.linkedin.com/in/indira-maharaj-46458840/?trk=public_profile_browsemap_mini-profile_title,
Loren Bedolla,,,,River City Bank,Loren.bedolla@rivercitybank.com,https://www.linkedin.com/in/lorenbedolla/,
Teanna Timmons,,,,American First Credit Union,ttimmons@amerfirst.org,https://www.linkedin.com/in/teannatimmons/,
Roger Schnorr,,,,Old Second Bancorp,RSchnorr@oldsecond.com,https://www.linkedin.com/in/roger-schnorr-70771712,
Brian Simmons,,,,Stronghill Capital,brian@stronghill.com,https://www.linkedin.com/in/brian-britton-simmons/,
Serban Popescu,,,,Royal Business Bank,spopescu@rbbusa.com,https://www.linkedin.com/in/serban-popescu-94a89a15/,
Tom Mazlo,,,,Wells Fargo Commercial Mortgage,thomas.mazlo@wellsfargo.com,https://www.linkedin.com/in/tom-mazlo-483102b/,
Angel Abajian,,,,Clearpath Federal Credit Union,,https://www.linkedin.com/in/angel-abajian/,
James Rohrbach,,,,Eli Partners,james.rohrbach@gmail.com,https://www.linkedin.com/in/jamesrohrbach/,
Toni Steele,,,,Google,tonisteele@google.com,https://www.linkedin.com/in/tonisteele/,
Creighton Bildstein,,,,PlattPointe Capital,creighton@plattpointe.com,https://www.linkedin.com/in/bildstein/,
Ilya Gamer,,,,Crowdstreet,ilya.gamer@crowdstreet.com,https://www.linkedin.com/in/ilyagamer/,
Dan Ford,,,,MidHudson,dford@midhudsonre.com,https://www.linkedin.com/in/danfordwashingtondc/,
Joe Thomas,,,,Guaranty Bank and Trust,joet@gnty.com,https://www.linkedin.com/in/jeremy-thomas-a98a9074/,
Gus Katsadouros,,,,Osprey Capital,gk@ospreycre.com,https://www.linkedin.com/in/gus-katsadouros-a98148aa,
Brianne Lee,,,,Osprey Capital,blee@ospreycre.com,https://www.linkedin.com/in/brianne-lee-7371b072/,
Kyle Christensen,,,,Wishire Finance Partners,KChristensen@wiIshirefp.com,https://www.linkedin.com/in/kyle-k-christensen-66816a32/,
Raul Perez,,,,Brevet Capital,rperez@brevetcapital.com,https://www.linkedin.com/in/raul-perez-2b686347/,
Kristy Ollendorf,,,,Clearinghouse CDFI,KristyO@ccdfi.com,https://www.linkedin.com/in/kristy-ollendorff-6304185/,
Brian Sagert,,,,Clearinghouse CDFI,brians@ccdfi.com,https://www.linkedin.com/in/brian-a-sagert-mba-5159162a/,
Elliot Horowitz,,,,H Equities,elliot@hequities.com,https://www.linkedin.com/in/elliot-horowitz-22610619/,
Mike Blumenkranz,,,,Newport Commercial Capital,info@newportcommercialcapital.com,https://www.linkedin.com/in/michael-blumenkranz-0aa27b107/,
Steve Martin,,,,BOLOUR Associates,steve@bolourassociates.com,https://www.linkedin.com/in/steveallenmartin/,
Walker Brown,,,,Ladder Capital,walker.brown@laddercapital.com,https://www.linkedin.com/in/walker-brown-7ba1504/,
Loren Berger,,,,Argentic,lberger@argenticmgmt.com,https://www.linkedin.com/in/loren-berger-b7b613/,
Loren Biller,,,,Bedrock Capital Associates,lbiller@bedrockca.com,https://www.linkedin.com/in/lorenbiller,
Billy Meyer,,,,"Columbia Pacific Advisors, LLC",billym@columbiapacific.com,https://www.linkedin.com/in/billy-meyer-35b8bb38/,
Brad Shain,,,,"Columbia Pacific Advisors, LLC",brads@columbiapacific.com,,
Duff Bedrosian,,,,Geolo Capital,db@geolo.com,https://www.linkedin.com/in/duff-bedrosian,
Anya Nabiev,,,,Natixis,Anya.Nabiev@natixis.com,https://www.linkedin.com/in/anya-nabiev-cfa-01b239,
Matthew Hoysa,,,,Barings,matthew.hoysa@barings.com,https://www.linkedin.com/in/matthew-hoysa-9648756/,
Phil Wharton,,,,Twining Properties,philip.wharton@twiningproperties.com,https://www.linkedin.com/in/philipwharton,
Jilliene Helman,,,,RealtyMogul,jilliene@realtymogul.com,https://www.linkedin.com/in/jillienehelman/,
Mike Christl,,,,California Private Lenders,mike@cplenders.com,https://www.linkedin.com/in/hardmoneyking/,
Joe Cohen,,,,xj9r,jc@xj9r.com,https://www.linkedin.com/in/josephcohen2/,TRUE
Aaron Fausel,,,,LiftForward,aaron@myliftloans.com,https://www.linkedin.com/in/aaron-fausel-60522578/,TRUE
Cameron Lawson,,,,PSG Lending,cameron@psglending.com,https://www.linkedin.com/in/cameron-lawson-184b8629,
Chris Johnston,,,,Synartis Capital Management,cbj@synartis.net,https://www.linkedin.com/in/synartischrisjohnston,
Sloan Saunders,,,,Cedar Hill Holdings,sloan@cedarhillholdings.com,https://www.linkedin.com/in/sloansaunders,TRUE
Carisa Dimino,,,,Hirshmark Capital,cdimino@hirshmark.com,https://www.linkedin.com/in/carisadimino/,
Michael Fey,,,,Hirshmark Capital,mfey@hirshmark.com,https://www.linkedin.com/in/michael-fey-a02387173,
Elliot Shirwo,,,,BridgeCore,elliot@bridgecorecapital.com,https://www.linkedin.com/in/elliot-shirwo-68b2b6/,
Scott Steinel,,,,Emerald Creek Capital,SSteinel@emeraldcreekcapital.com,https://www.linkedin.com/in/scott-steinel-37b490106,
Daniel Miller,,,,Keysite Capital Partners,dmiller@keysitecapital.com,https://www.linkedin.com/in/daniel-miller-0bab2933/,
Kevin Perrotta,,,,NRE Capital Partners,kevin@nrecp.com,https://www.linkedin.com/in/kevin-perrotta,
Jeremy Baum,,,,Lane Capital Partners,jbaum@lanecp.com,https://www.linkedin.com/in/jeremybaum/,TRUE
Steven Fischler,,,,New Gables Capital,Steven@NewGablesCapital.com,https://www.linkedin.com/in/steven-fischler-0236276/,TRUE
Yoni Miller,,,,QuickLiquidity,team@quickliquidity.com,https://www.linkedin.com/in/ayonimiller/,
Nick Etherington,,,,Taylor Derrick Capital,nick@taylorderrick.com,https://www.linkedin.com/in/nicketherington,
Kevin Prince,,,,West Bay Capital,kprince@westbayllc.com,https://www.linkedin.com/in/kevin-prince-387b5645/,
Jeff Kocher,,,,NexBank,jeff.kocher@nexbank.com,https://www.linkedin.com/in/jeffrey-kocher-71398415/,TRUE
Sean Namvar,,,,EquiMax,sean@emaxloan.com,https://www.linkedin.com/in/sean-namvar-b7a23313/,
Marcus Goodwin,,,,RRA Capital,mgoodwin@rracapital.com,https://www.linkedin.com/in/marcus-goodwin/,
Ty Vilhauer,,,,RRA Capital,TVilhauer@rracapital.com,https://www.linkedin.com/in/tyvil/,
Jessica Lyons,,,,Archway Fund,jessica@archwayfund.com,https://www.linkedin.com/in/lyonsnj/,
Marissa Wilbur,,,,Archway Fund,marissa@archwayfund.com,https://www.linkedin.com/in/marissawilbur,
Stephen Counts,,,,Envoy,scounts@envoynnn.com,https://www.linkedin.com/in/stephen-c-counts-5a062417/,TRUE
Matt Grodin,,,,Alcova Capital,mgrodin@alcovacap.com,https://www.linkedin.com/in/matthew-grodin-453a83/,
Tyler Steindorf,,,,TownshipCapital,tsteindorf@townshipinc.com,https://www.linkedin.com/in/tyler-steindorf-83292192/,
Kevin Murphy,,,,FCP - Structured Investments,kmurphy@fcpdc.com,https://www.linkedin.com/in/kevin-murphy-595080b/,
Megan Clower,,,,Pearlmark,mclower@pearlmark.com,https://www.linkedin.com/in/megan-clower-7a517337/,
Jack Youngworth,,,,Arbor Commercial Mortgage,jyoungworth@arbor.com,https://www.linkedin.com/in/jackyoungworth/,
Jordan Scheiman,,,,Garrison Investment Group,jscheiman@garrisoninv.com,https://www.linkedin.com/in/jordan-scheiman-9b491b6/,TRUE
Jon Strain,,,,Juniper Capital Partners,jon@junipercptl.com,https://www.linkedin.com/in/jonathan-m-strain-46b7b9a/,TRUE
Dennis Onabajo,,,,Juniper Capital Partners,dennis@jreia.com,,
Eugene Rozovsky,,,,Lightstone,erozovsky@lightstonegroup.com,https://www.linkedin.com/in/eugene-rozovsky-3342339,
Jonathan Fhima,,,,Lightstone,jfhima@lightstonegroup.com,https://www.linkedin.com/in/jonathan-fhima-a9346593/,
Kevin Murphy,,,,FCP,kmurphy@fcpdc.com,https://www.linkedin.com/in/kevin-murphy-595080b/,
Jon Cruz,,,,Icon Realty Capital,jcruz@iconrecapital.com,https://www.linkedin.com/in/jon-cruz-3042aa9a/,
Felix,,,,UC Funds,fgiuffrida@ucfunds.com,https://www.linkedin.com/in/felix-giuffrida-823162b/,
Joe Ryu,,,,Ares,jryu@aresmgmt.com,https://www.linkedin.com/in/joseph-ryu-cfa-1679463b/,TRUE
Zi Chong,,,,EverWest Real Estate Partners,zisen.chong@everwest.com,https://www.linkedin.com/in/zisenchong/,
Patrick Lim,,,,MetLife Real Estate,patrick.lim@metlife.com,https://www.linkedin.com/in/limpatrick/,
Chris Stephens,,,,Bluestone Capital Group,cstephens@bluestonegrp.com,https://www.linkedin.com/in/christopher-stephens-486162b0,
Thomas Growney,,,,SG Capital Partners,tgrowney@sgcp.com,https://www.linkedin.com/in/thomas-growney-83166777,
Dinesh Sakhrani,,,,SG Capital Partners,dsakhrani@sgcp.com,https://www.linkedin.com/in/dsakhrani1/,
Zach Hoffman,,,,Related Group,zachary.hoffman@related.com,https://www.linkedin.com/in/zachphoffman/,
Rachel Hunter,,,,Apollo Global Management,rhunter@apollolp.com,https://www.linkedin.com/in/rachel-hunter-90377a20,
Austin Pena,,,,Blackstone,austin.pena@blackstone.com,https://www.linkedin.com/in/f-austin-pe%C3%B1a-3356638/,
Candice Loupee,,,,Blackrock,candice.loupee@blackrock.com,https://www.linkedin.com/in/candice-loupee-37a9645/,
John Rhim,,,,Pacific Holdings,jrhim@pacificholdings.com,,
Jeffrey Fine,,,,Goldman Sachs,jeffrey.fine@gs.com,https://www.linkedin.com/in/jeff-fine-605451,TRUE
Paul Fine,,,,KKR,paul.fine@kkr.com,https://www.linkedin.com/in/paul-fine-3b3633161/,
David Schonbraun,,,,SL Green,david.schonbraun@slgreen.com,,
Elliot Ratner,,,,Square Mile Capital Management,erattner@squaremilecapital.com,https://www.linkedin.com/in/elliot-rattner-3475905,
Sonya Gonzalez,,,,Thrive Lending,sonya@thrivelend.com,https://www.linkedin.com/in/sonya-gonzalez-106962b6/,TRUE
Brandon Flury,,,,Corten Real Estate Partners,bflury@cortenrealestate.com,https://www.linkedin.com/in/brandon-flury-735b35123/,TRUE
Josh Soffe,,,,FJM Senior Lending,josh.soffe@fjmgt.com,https://www.linkedin.com/in/joshsoffe/?originalSubdomain=uk,TRUE
Emily Hayes,,,,A+ Federal Credit Union,ehayes@aplusfcu.org,https://www.linkedin.com/in/emily-hayes-295ab24b/,
Jason Albritton,,,,LGE Community Credit Union,jasonal@lgeccu.org,linkedin.com/in/jason-albritton-3b54714/,
Luke Lehman,,,,BankFive,luke.lehman@bankfive.com,https://www.linkedin.com/in/luke-lehman-86264146/,
Rod Greene,,,,Entegra Bank,rgreene@entegrabank.com,https://www.linkedin.com/in/rod-greene-3291a726/,
Laura Haynes,,,,Stock Yards Bank,laura.haynes@syb.com,https://www.linkedin.com/in/laura-haynes-13973213/,
Holly Wagner,,,,Eastman Credit Union,HWagner@ecu.org,https://www.linkedin.com/in/holly-wagner-74716a128/,
Dawn Doberstein,,,,Fox Communities Credit Union,ddoberstein@foxcu.org,https://www.linkedin.com/in/dawn-doberstein-147a4914/,
Suzanne Gillies,,,,One AZ Credit Union,SGillies@oneazcu.com,,
Maria Botelho,,,,Pawtucket Credit Union,maria.botelho@pcu.org,https://www.linkedin.com/in/maria-botelho-2a171b43/,
Donna Popp,,,,Arvest Bank,dpopp@arvest.com,https://www.linkedin.com/in/donna-popp-mba-a918499/,
Kirby Holman,,,,Croghan Colonial Bank,kholman@croghan.com,https://www.linkedin.com/in/kirby-holman-75921832/,
Jody Porter,,,,Pinnacle Bank,jodyporter@pinnaclebank.com,https://www.linkedin.com/in/jody-porter-846a0b1b/,
Avi Brum,,,,Adroc Capital LLC,abrum@adroccap.com,https://www.linkedin.com/in/avi-brum-4a730a24/,
Nina Rohrer,,,,Columbia Bank (NJ),nrohrer@columbiabankonline.com,https://www.linkedin.com/in/nina-a-rohrer-9a852023/,
Michael Stone,,,,Georgia's Own CU,mdstone@georgiasown.org,https://www.linkedin.com/in/michael-stone-8a780141/,
Steve Van Rensselaer,,,,Atlantic Federal Credit Union,svanrensselaer@atlanticfcu.com,https://www.linkedin.com/in/steve-van-rensselaer-8a48b32/,
Corley Audorff,,,,PGIM,corley.audorff@pgim.com,https://www.linkedin.com/in/corley-audorff-9a88525/,
Kevin Muesenfechter,,,,Gershman Mortgage,kmuesenfechter@gershman.com,https://www.linkedin.com/in/kevinmuesenfechter/,
Matt Bird,,,,INTRUST Bank,matt.bird@intrustbank.com,https://www.linkedin.com/in/matt-bird-5b419687/,
Peter Draaisma,,,,Fifth Third Bank,peter.draaisma@53.com,https://www.linkedin.com/in/peter-draaisma-392986b2/,
Mike Vitale,,,,Sterling National Bank,mvitale@snb.com,https://www.linkedin.com/in/michael-vitale-850964ba/,
Spenser Cardenas,,,,Bridge Invest,spenser@bridgeinvest.com,https://www.linkedin.com/in/spenser-cardenas-803750148/,
Brian Yee,,,,Dwight Capital,by@dwightcap.com,https://www.linkedin.com/in/brian-yee-22461557/,
Paul Fitzsimmons,,,,X-Caliber Capital,paul.fitzsimmons@x-calibercap.com,https://www.linkedin.com/in/paul-j-fitzsimmons/,
Christopher Gregg,,,,Bank Leumi,christopher.gregg@leumiusa.com,https://www.linkedin.com/in/christopherpgregg/,
Carolyn Nazdin,,,,Keybank,carolyn_c_nazdin@keybank.com,https://www.linkedin.com/in/carolyn-nazdin-a21a0a136/,
Jeremy Howard,,,,Cadence Bank,jeremy.howard@cadencebank.com,https://www.linkedin.com/in/jeremywhoward/,
Taylor Calloway,,,,AllianceBernstein,taylor.callaway@alliancebernstein.com,https://www.linkedin.com/in/taylorcallaway/,
Victor Streicher,,,,TBG Funding LLC,victor@thebatterygroup.com,https://www.linkedin.com/in/victor-streicher-0a05b8140/,
Matthew Jackson,,,,Security Service Federal Credit Union,MJackson@ssfcu.org,https://www.linkedin.com/in/aaronleek/,
Daniel Korn,,,,Hunt Real Estate Capital - HUD/Bridge to HUD,daniel.korn@huntcompanies.com,https://www.linkedin.com/in/danielkorn/,
Joe Jurczak,,,,Housing and Healthcare Finance LLC,jjurczak@hhcfinance.com,https://www.linkedin.com/in/joe-jurczak-10a90018/,
Doug Thompson,,,,Monroe Federal,dthompson@monroefederal.com,https://www.linkedin.com/in/doug-thompson-mba-a7b766b/,
Chris Massie,,,,Suncoast Credit Union,christopher.massie@suncoastcreditunion.com,https://www.linkedin.com/in/christopher-massie-05901041/,
Robert Hernandez,,,,SCE Federal Credit Union,roberth@scefcu.org,https://www.linkedin.com/in/robert-hernandez-1117b6a/,TRUE
Mike Stone,,,,Berkshires Bank,mstone@berkshirebank.com,https://www.linkedin.com/in/michael-stone-0b46678/,
Sagar Patel,,,,United Community Bank,sagar_patel@ucbi.com,https://www.linkedin.com/in/sagarbpatel1/,
Mark Ricketson,,,,HomeTrust Bank,mark.ricketson@htb.com,https://www.linkedin.com/in/mark-ricketson-b7a5786/,
Steven Jemal,,,,S3 Capital,steven@s3cap.com,https://www.linkedin.com/in/steven-f-jemal-290ab482/,
Andrew Yakubovich,,,,S3 Capital,andrew@s3cap.com,https://www.linkedin.com/in/andrew-yakubovich-93575a61/,
Bob Rodie,,,,First Midwest Bank,bob.rodie@firstmidwest.com,https://www.linkedin.com/in/bobrodie/,
David Polevoy,,,,CUBS,davidp@cubsllc.org,https://www.linkedin.com/in/davidpolevoy/,
Ben Mathewson,,,,North Avenue Capital,bmathewson@northavenue.com,https://www.linkedin.com/in/mathewson/,
Shivan Perera,,,,AVANA Capital,shivan@avanacapital.com,https://www.linkedin.com/in/shivanperera/,
John Kim,,,,Bank of Hope,john.kim@bankofhope.com,https://www.linkedin.com/in/john-kim-98608874/,
Yair Tilson,,,,Gryphon Real Estate Capital Partners,yair.tilson@gryphonrecapital.com,https://www.linkedin.com/in/yairtilson/?originalSubdomain=il,
Michelle Knupp,,,,S&T Bank,michelle.knupp@stbank.com,https://www.linkedin.com/in/michelle-knupp-49075975/,
Megan Davies,,,,Broadmark Realty Capital,megan@broadmark.com,https://www.linkedin.com/in/megan-davies-5a2a3797/,
Richard Carr,,,,Community Preservation Corporation,rcarr@communityp.com,https://www.linkedin.com/in/richardtcarrjr/,
Charlie Boone,,,,Bank of the West,charles.boone@bankofthewest.com,https://www.linkedin.com/in/charlie-boone-763701/,
Aaron Binion,,,,CenterState Bank,Aaron.Binion@centerstatebank.com,,
Stephen St John,,,,CenterState Bank,sstjohn@centerstatebank.com,https://www.linkedin.com/in/stephen-st-john-a80a3315/,
Scott Kalkofen,,,,JP Morgan Chase,scott.kalkofen@chase.com,https://www.linkedin.com/in/scott-kalkofen-20878857/,
Chris Micheletti,,,,Wells Fargo,Christopher.Micheletti@wellsfargo.com,https://www.linkedin.com/in/christopher-micheletti-3a59643/,
Heather Osterweil,,,,Truliant Federal Credit Union,heather.osterweil@truliantfcu.org,https://www.linkedin.com/in/heatherosterweil/,
Wade Susini,,,,The Dominion Group,Wade@thedominiongroup.com,https://www.linkedin.com/in/wade-susini-cfe-6907158/,
Joe Speiser,,,,Joe Speiser,Ask Tim,,
Michael Laurencelle,,,,Pinnacle Financial Partners,michael.laurencelle@pnfp.com,https://www.linkedin.com/in/michael-laurencelle-b8496922/?locale=de_DE,TRUE
Bill Lopez,,,,Colorado Federal Savings Bank,blopez@cofsbank.com,https://www.linkedin.com/in/bill-lopez-31875531/,
Kevin Leonard,,,,Ready Capital,kevin.leonard@readycapital.com,https://www.linkedin.com/in/kevin-leonard-020022b/,
Matt Mueller,,,,"Triumph Capital Partners, LLC",MMueller@triumph.capital,https://www.linkedin.com/in/matt-mueller-8bb0917/,
Chad Henson,,,,University Federal Credit Union,chenson@ufcu.org,https://www.linkedin.com/in/chad-henson-19048951/,
Dushyant Ravi,,,,CIBC,dushyant.ravichandran@cibc.com,https://www.linkedin.com/in/deeravi/,
Gene Kim,,,,Yam Capital,gkim@yamcapital.com,https://www.linkedin.com/in/gene-kim-3114a216/,
Ryan Murananka,,,,Yam Capital,rmuranaka@yamcapital.com,https://www.linkedin.com/in/ryan-muranaka-64a92045/,
Brian Mazzotta,,,,Signature Bank,bmazzotta@signatureny.com,https://www.linkedin.com/in/brian-mazzotta-4a17897/,
Tom Lawlor,,,,Morgan Stanley,Thomas.Lawlor@morganstanley.com,https://www.linkedin.com/in/tomlawlor/,
Genna Zaiman,,,,Silver Point Capital,gzaiman@silverpointcapital.com,https://www.linkedin.com/in/genna-zaiman-54697a59/,
Daniel Rawson,,,,Gryphon Real Estate Capital Partners,daniel.rawson@gryphonrecapital.com,https://www.linkedin.com/in/daniel-rawson-1a411546/,
Michael Medvin,,,,AIG,michael.medvin@aig.com,https://www.linkedin.com/in/michael-medvin-6a767a7/,
Michael Trotter,,,,TCF Bank,MTrotter@tcfbank.com,https://www.linkedin.com/in/michael-trotter-08036510/,
Stephen Rudow,,,,AGM Financial Services Inc.,srudow@agmfinancial.com,https://www.linkedin.com/in/stephen-rudow-2890a613/,
Ron Stillings,,,,1st National Bank (Cincinnati),rstillings@bankwith1st.com,https://www.linkedin.com/in/ron-stillings-17631512b/,
Daryl Cohen,,,,American Pride Bank,darylcohen@americanpridebank.com,https://www.linkedin.com/in/daryl-cohen-76ab3326/,
Chris Lee,,,,Bank of Clarendon,chrislee@bankofclarendon.com,,
Brad Pascarella,,,,Brentwood Bank,bpascarella@brentwoodbank.com,https://www.linkedin.com/in/bradpascarella/,
Anthony Wilson,,,,Dime Community Bank,awilson@dime.com,https://www.linkedin.com/in/anthony-r-wilson-22592984/,
Bob Peck,,,,Emigrant Bank,peckr@emigrant.com,https://www.linkedin.com/in/robert-peck-03303322/,
Mary Willimason,,,,First Landmark Bank,mwilliamson@firstlandmark.com,https://www.linkedin.com/in/mary-saad-williamson-1b80b83a/,
Roch Schmitz,,,,First National Bank of Nebraska,rschmitz@fnni.com,https://www.linkedin.com/in/rochschmitz/,
Crista Kolin,,,,Flagstar Bank,crista.kolin@flagstar.com,https://www.linkedin.com/in/crista-kolin-1541a18/,
Scott Willis,,,,Heritage Bank,scott.willis@heritagebank.com,https://www.linkedin.com/in/scott-willis-39529b13/,
Don Hansen,,,,Union National Bank,unbsales@unbelgin.com,https://www.linkedin.com/in/don-hansen-05b90456/,TRUE
Nick Lemke,,,,Adventure Credit Union,nickl@adventurecu.org,https://www.linkedin.com/in/nick-lemke-3a624b92/,
Sam Dardha,,,,TriCity National Bank,S.Dardha@tcnb.com,https://www.linkedin.com/in/sam-dardha-78102b82/,
Mark Truax,,,,MutualBank,Mark.Truax@bankwithmutual.com,https://www.linkedin.com/in/mark-truax-89779737,TRUE
Jamie Langham,,,,Planters First Bank,jlangham@bankpfb.com,,
Arnaud Vanderbeken,,,,,arnaud.vanderbeken@gmail.com,,
Jason Weber,,,,Lantzman Lending,jason@lantzmanlending.com,https://www.linkedin.com/in/jason-weber-a28b1a16b/,
James Schaeffer,,,,Investors Bank,jschaeffer@myinvestorsbank.com,https://www.linkedin.com/in/james-schaeffer-76257682/,
Dan Baker,,,,Keybank,daniel_j_baker@keybank.com,https://www.linkedin.com/in/daniel-baker-a424618,
Jonathan Block,,,,The Westmoore Group,jblock@westmooregroup.com,https://www.linkedin.com/in/jonathan-block-6613481b/,
Spencer Weaver,,,,5 Arch Funding,spencer.weaver@5arch.com,https://www.linkedin.com/in/spencerweaver/,
Maureen Van Uden,,,,Androscoggin Bank,mvanuden@androscogginbank.com,https://www.linkedin.com/in/maureen-van-uden-20105b16/,
Alisha Lay,,,,Bank Midwest,alisha.lay@bankmw.com,https://www.linkedin.com/in/alishaodell,
Omar Melon,,,,Citizens Bank,,,
David Darby,,,,COREBANK,ddarby@corebankok.com,https://www.linkedin.com/in/david-darby-4b012524/,TRUE
Scott Freitag,,,,Eastern Savings Bank,sfreitag@easternsavingsbank.com,https://www.linkedin.com/in/scott-freitag-415a1a18,
Chris O'Hara,,,,Flushing Bank,cohara@flushingbank.com,https://www.linkedin.com/in/christopher-o-hara-64843424,
Randy Zorro,,,,Luther Burbank,RZorro@lbsavings.com,https://www.linkedin.com/in/randy-zorro-9503a6130/,
William Mohnacs,,,,Parke Bank,wmohnacs@parkebank.com,https://www.linkedin.com/in/bill-mohnacs-a9b0136,
Coby Adkins,,,,South Central Bank,coby.adkins@southcentralbank.com,https://www.linkedin.com/in/coby-adkins-0056486/,
Steve Adams,,,,Continuum Capital Funding,steve@ccfbridgeloans.com,https://www.linkedin.com/in/steve-adams-0750b711?originalSubdomain=uk,TRUE
Katia Potapov,,,,Walnut Street,info@walnutstreetfinance.com,https://www.linkedin.com/in/katiapotapov/,
Matthew Marky,,,,Civic Financial Services,matthew.marky@civicfs.com,https://www.linkedin.com/in/matthew-marky-ab6215106,TRUE
Roman Arzhintar,,,,Glasscube Capital,roman@glasscubeinvestments.com,https://www.linkedin.com/in/romanarzhintar,
Rand Allred,,,,Velocity Mortgage Capital,rallred@velocitymortgage.com,https://www.linkedin.com/in/rand-allred-4b1303133,
Ed Cunningham,,,,Cincinnati Federal Savings & Loan,ecunningham@cincinnatifederal.com,https://www.linkedin.com/in/edcunningham/,
Shlomo Stern,,,,Cross River Bank,sstern@crossriverbank.com,https://www.linkedin.com/in/shlomo-stern-434b98a6/,
LeeAnn Virzi Biber,,,,Provident Bank,lvirzibiber@myprovident.com,https://www.linkedin.com/in/leeann-virzi-biber-92330b159/,
Ashton Ram,,,,US Bank,ashton.ram@usbank.com,https://www.linkedin.com/in/ashton-ram-57521b52/,
Cythnia Johnson,,,,US Bank,cythiam.johnson@usbank.com,https://www.linkedin.com/in/cynthia-johnson-52900b7b/,
Ed Case,,,,Kellogg Community Credit Union,ecase@kelloggccu.org,https://www.linkedin.com/in/ed-case-506baa11/,TRUE
Mike Ainbinder,,,,Cherrywood Commercial Lending,mdainbinder@cherrywood.com,https://www.linkedin.com/in/michael-ainbinder-473594b1,
Brian Martin,,,,Ameris Bank,brian.martin@amerisbank.com,https://www.linkedin.com/in/martinbrianm/,
Joseph Morstad,,,,Balboa Thrift and Loan,joseph@balboacre.com,https://www.linkedin.com/in/josephmorstad,
Bryant Smith,,,,JP Morgan Chase,bryant.t.smith@chase.com,https://www.linkedin.com/in/bryant-smith-91394a9,
Todd Leslie,,,,JP Morgan Chase,todd.leslie@chase.com,https://www.linkedin.com/in/todd-leslie-b5967b64,
Aaron Griffin,,,,Choice One Bank,agriffin@choiceone.com,https://www.linkedin.com/in/aaron-griffin-0b6266a0,
William Cosgrove,,,,CIBM Bank,william.cosgrove@cibmbank.com,https://www.linkedin.com/in/william-cosgrove-99073070,TRUE
Rebecca Neuman,,,,Waterford Bank,rebecca.neuman@waterfordbankna.com,https://www.linkedin.com/in/rebeccamcgovern,
Robert Marrali (Chief Lending Officer),,,,Hanover Community Bank,rmarrali@hanovercommunitybank.com,https://www.linkedin.com/in/robert-marrali-853b338,
Denny Williams,,,,Meadows Bank,dwilliams@meadowsbank.com,https://www.linkedin.com/in/denny-williams-97795019,
Darren LaLonde,,,,First Merchants Bank,DLaLonde@firstmerchants.com,https://www.linkedin.com/in/darren-r-lalonde-3ba73b84,
John Wyatt,,,,Arrow Bank,john.wyatt@arrowbank.com,https://www.linkedin.com/in/john-wyatt-05b47762,TRUE
Doris Drain,,,,United Bank of Michigan,doris.drain@unitedbank4u.com,,
Johnny Reyes,,,,Victory State Bank,jreyes@victorystatebank.com,,
Dale Fisher,,,,Mountain America Credit Union,dafisher@macu.com,https://www.linkedin.com/in/dale-fisher-8aaa6066,
Laura Millichap,,,,CRE Simple,laura@cresimple.com,https://www.linkedin.com/in/lauramillichap/,
Justin Kintz,,,,CRE Simple,justin@cresimple.com,https://www.linkedin.com/in/justinrkintz/,
Jon Finman,,,,"Capital Three Sixty, LLC",jon@capitalthreesixty.com,,
Welselly Santana,,,,Century Capital Finance,manager@centurycapitalfinance.com,,
Louis Jeffries,,,,FBC Funding,louisj@fbcfunding.com,https://www.linkedin.com/in/best-commercial-mortgages,
Michael Boggiano,,,,LendingOne,mboggiano@lendingone.com,https://www.linkedin.com/in/mikeboggianocommercialmortgage,
Kimberly Davis,,,,RCN Capital,KDavis@rcncapital.com,https://www.linkedin.com/in/kimberly-davis-b847911a8,
Joe Morello,,,,"Somerset Financial Group, Inc.",jmorello.sfg@gmail.com,https://www.linkedin.com/in/joe-morello-sfg//,
Rachael Osterloh,,,,Stallion Funding,rachael@stallionfunding.com,https://www.linkedin.com/in/rachael-osterloh-2ba81113,
Victor Streicher,,,,The Battery Group,victor@thebatterygroup.com,https://www.linkedin.com/in/victor-streicher-0a05b8140/,
Fred Ornelas,,,,Axos Bank,fornelas@axosbank.com,https://www.linkedin.com/in/fred-ornelas-0a531614,
Bill Lopez,,,,Colorado Federal Bank,blopez@cofsbank.com,https://www.linkedin.com/in/bill-lopez-31875531,
Sandeep Shanghavi,,,,People's United Financial,sandeep.sanghavi@peoples.com,https://www.linkedin.com/in/sandeep-sanghvi-53a8b746?originalSubdomain=in,
Laurie Ivy,,,,PMC Commercial Trust,l.ivy@pmctrust.com,https://www.linkedin.com/in/laurie-ivy-09a6b184/,
Scott Coleman,,,,Harvest Small Business Finance,scoleman@harvestsbf.com,https://www.linkedin.com/in/scott-coleman-3ba1371/,
Scott Weller,,,,Avenue Bank,scott.weller@avebank.com,linkedin.com/in/scott-weller-078b0649,TRUE
Garnet Reynolds,,,,BB&T,garnet.reynolds@bbandt.com,https://www.linkedin.com/in/garnet-reynolds-b789373b,TRUE
Thomas Palermo,,,,Capital Bank,tpalermo@capitalbankmd.com,https://www.linkedin.com/in/thomas-palermo-cams%C2%AE-091516105/,
Donny Turnbow,,,,CB&S Bank,donny.turnbow@cbsbank.net,https://www.linkedin.com/in/donny-turnbow-64390242,
Alaina Guthrie,,,,CenterState Bank,alaina.guthrie@centerstatebank.com,https://www.linkedin.com/in/alaina-guthrie-26b2052/,
Joseph Zizzo,,,,JP Morgan Chase,joseph.zizzo@chase.com,https://www.linkedin.com/in/joe-zizzo/,
Scott Barber,,,,JP Morgan Chase,scott.barber@chase.com,https://www.linkedin.com/in/scott-barber-7252785/,
Josh Tidwell,,,,JP Morgan Chase,joshua.m.tidwell@chase.com,https://www.linkedin.com/in/joshua-tidwell-644a0a31,TRUE
John Fanelli,,,,Citizens Bank Business Banking,,,
Wendy J Kane,,,,Citizens Bank Business Banking,,,
Brian Parrott,,,,City National Bank,brian.parrott@bankatcity.com,https://www.linkedin.com/in/brian-parrott-93819415/,
Jim Andersen,,,,Coastal States Bank,jandersen@coastalstatesbank.com,https://www.linkedin.com/in/andersenjim/,
Frank DeRosa,,,,Empire National Bank,fderosa@empirenb.com,https://www.linkedin.com/in/frank-derosa-0608b259,
Delonda Belanger,,,,Fifth Third Bank,Delonda.Belanger@53.com,https://www.linkedin.com/in/delonda-belanger-216149a/,
John Lee,,,,First American Bank,jlee@firstambank.com,https://www.linkedin.com/in/john-lee-8796b16,
Mike Upton,,,,First Internet Bank,mupton@firstib.com,linkedin.com/in/mike-upton-78987b10,
Travis Dunke,,,,Franklin Synergy Bank,travis.dumke@franklinsynergy.com,https://www.linkedin.com/in/travis-dumke-39788780/,
Melinda Bailey,,,,Franklin Synergy Bank,Melinda.Bailey@franklinsynergy.com,https://www.linkedin.com/in/melinda-bailey-816214170,
Angus McDonald,,,,Live Oak Bank,angus.mcdonald@liveoak.bank,https://www.linkedin.com/in/angus-mcdonald-cfa-97260210,
Michael Aholt,,,,Mabrey Bank,maholt@mabreybank.com,https://www.linkedin.com/in/michael-aholt-0519b566,
Tobias Halbmaier,,,,Pacific Enterprise Bank,thalbmaier@pacificenterprisebank.com,https://www.linkedin.com/in/tobias-halbmaier-72aa78,
Ross Macdonald,,,,Pacific Mercantile Bank,Ross.Macdonald@pmbank.com,https://www.linkedin.com/in/rossvmacdonald,TRUE
Jay Hyson,,,,Park National Bank,jhyson@parknationalbank.com,https://www.linkedin.com/in/jayhyson,
Brown Small,,,,Provident Bank,brown.small@provident.bank,https://www.linkedin.com/in/brown-small-01674a19,
Sherry Kinard,,,,Renasant Bank,skinard@thebrandbank.com,https://www.linkedin.com/in/sherrykinard,TRUE
Ray Burzic,,,,Republic Bank,rburzic@republicbank.com,https://www.linkedin.com/in/raymond-burzic-84a4b25/,
Duncan Farquhar,,,,Republic Bank,dfarquhar@myrepublicbank.com,https://www.linkedin.com/in/duncanfarquhar,
Jorge Alvarez,,,,Seacoast Bank,Jorge.Alvarez@SeacoastBank.com,https://www.linkedin.com/in/jorge-alvarez-b1898986/,
Michael Spencer,,,,TD Bank,michael.spencer2@td.com,https://www.linkedin.com/in/michael-spencer-5717729/,
Jerry Gauthier,,,,TD Bank,Gerard.Gauthier@td.com,https://www.linkedin.com/in/gerardjerrygauthier,
Daniel Hutson,,,,Texas Bank,daniel.hutson@texasbank.com,https://www.linkedin.com/in/daniel-hutson-1411a52a,
Billy Cann,,,,The Cecilian Bank,,,
Porsche Saunders,,,,United Security Bank,psaunders@unitedsecuritybank.com,https://www.linkedin.com/in/porsche-saunders-65874689/,
Amy James,,,,Wells Fargo,amy.james@wellsfargo.com,https://www.linkedin.com/in/amy-james-75ba80172,
Vincent Zerilli,,,,Wells Fargo,Vincent.J.Zerilli@wellsfargo.com,https://www.linkedin.com/in/vincent-zerilli-88a9139/,
Chris Micheletti,,,,Wells Fargo,Christopher.Micheletti@wellsfargo.com,https://www.linkedin.com/in/christopher-micheletti-3a59643,
Lisa Dillon,,,,WesBanco Bank,ldillon@wesbanco.com,https://www.linkedin.com/in/lisa-dillon-3453886,
Alex Hinze,,,,Wisconsin Bank & Trust,ahinze@wisconsinbankandtrust.com,https://www.linkedin.com/in/alex-hinze-crc-4559b248,TRUE
Blake Zumbrunnen,,,,Zions Bank,Blake.Zumbrunnen@zionsbank.com,https://www.linkedin.com/in/blake-zumbrunnen-0604b188/,
Chad Call,,,,Zions Bank,chad.call@zionsbank.com,,
Jeff Stone,,,,CUBG,jeff.stone@cubg.org,https://www.linkedin.com/in/jeffstonecco,
Eric Latimer,,,,Delta Community CU,eric.latimer@deltacommunitycu.com,https://www.linkedin.com/in/eric-latimer-50a36614/,
Bob Niles,,,,Inspirus Credit Union,bobn@inspiruscu.org,https://www.linkedin.com/in/bob-niles-89a26b3a,TRUE
Dominic Nguyen,,,,Nuvision Federal Credit Union,dnguyen1@nuvisionfederal.org,https://www.linkedin.com/in/dominic-nguyen-61572378?trk=pub-pbmap,TRUE
Amy O'Cain,,,,Robins FCU,aocain@robinsfcu.org,https://www.linkedin.com/in/amy-o-cain-968074a5,TRUE
Elia Griffith,,,,Trustone Federal Credit Union,elia.griffith@trustone.org,https://www.linkedin.com/in/elia-griffith-70b11510,
Martin Livermore,,,,United Federal Credit Union,mlivermore@unitedfcu.com,https://www.linkedin.com/in/martinlivermore/,
John McCurdy,,,,Xceed Financial Credit Union,jmccurdy@xfcu.org,https://www.linkedin.com/in/johnmccurdy1,
Sachin Latawa,,,,Builders Capital,sachin.latawa@builders-capital.com,https://www.linkedin.com/in/sachinlatawa,TRUE
Bryan Closset,,,,Finance of America,bryan.closset@financeofamerica.com,https://www.linkedin.com/in/bryan-closset-0277096/,
Mike MacNeil,,,,Genesis Capital,Michael.MacNeil@GenesisCapital.com,https://www.linkedin.com/in/michael-e-macneil-1a496683,
Mike Muetzel,,,,Spectrum Commercial Lending,m.muetzel@contactspectrum.com,https://www.linkedin.com/in/mike-muetzel-6175b412,
Alan Reay,,,,Atlas Hospitality,alan@atlashospitality.com,https://www.linkedin.com/in/alan-reay-549a9310,
Billy Walls,,,,Atlas Hospitality,billy@atlashospitality.com,https://www.linkedin.com/in/billy-c-walls-b73a88aa/,
Brian Johnson,,,,Avid Commercial,bjohnson@avidcommercial.com,https://www.linkedin.com/in/brian-johnson-a435914,
Janelle Johnson,,,,Carlyle Capital,janelle.j@carlylecap.com,https://www.linkedin.com/in/janelle-johnson-40627a182,
Maz Fakhimi,,,,Carlyle Capital,maz.f@carlylecap.com,https://www.linkedin.com/in/maz-fakhimi-37a453161/,
Brian Lee,,,,Civic Financial Services,brian.lee@civicfs.com,https://www.linkedin.com/in/brian-lee-2207b423/,
Brian Murphy,,,,Civic Financial Services,brian.murphy@civicfs.com,https://www.linkedin.com/in/toplender,
Nathan Aquino,,,,Civic Financial Services,Nathan.aquino@civicfs.com,https://www.linkedin.com/in/nplevisteaquino,TRUE
Tim Leber,,,,CoreVest Finance,timothy@cvest.com,https://www.linkedin.com/in/tim-leber-950b6414,
Boris Zhuravel,,,,CoreVest Finance,boris@cvest.com,https://www.linkedin.com/in/boris-zhuravel-8aa853/,
Taber Lemarr,,,,INCA Capital,taber@incacapital.com,https://www.linkedin.com/in/taber-lemarr-55029474,
Brandon Walters,,,,INCA Capital,brandon@incacapital.com,https://www.linkedin.com/in/brandon-walters-9114913/,
Samuel Kwadrat,,,,Realty Capital Finance,skwadrat@realtycapitalfinance.com,https://www.linkedin.com/in/samuel-kwadrat-97a3a4125/,
Evan Hakimi,,,,ROC Capital Holdings,evan.hakimi@roccapital.com,https://www.linkedin.com/in/evan-hakimi-4a41ba23/,
Ranajoy Sarkar,,,,ROC Capital Holdings,ranajoy@roccapital.com,https://www.linkedin.com/in/ranajoy-sarkar-329a143/,
Larbi Benslimane,,,,Lendmarq,Larbi@lendmarq.com,https://www.linkedin.com/in/larbibenslimane/,
Harold Looney,,,,Wellthy International,cashflow@ceofactory.biz,https://www.linkedin.com/in/haroldflooneyjr/,
Matthew Murphy,,,,Pacific Premier Bank,mmurphy@ppbi.com,https://www.linkedin.com/in/matthew-murphy-46abb827/?originalSubdomain=au,
Matthew Schatzle,,,,Lancewood Capital,mschatzle@lancewoodcapital.com,https://www.linkedin.com/in/matt-schatzle-62102862,
Dov Weinschneider,,,,Greystone,dov.weinschneider@greyco.com,https://www.linkedin.com/in/dov-weinschneider,
Monica Shiwratan,,,,Greystone,monica.shiwratan@greyco.com,https://www.linkedin.com/in/monicashiwratan/,
Gavin Niemi,,,,Greystone,gavin.niemi@greyco.com,https://www.linkedin.com/in/gavinniemi,TRUE
Velve Luuk,,,,Greystone,velve.luuk@greyco.com,,
Chris Barham,,,,CapStar Bank,cbarham@capstarbank.com,https://www.linkedin.com/in/chris-barham-a93b4263,
Jeff Griffith,,,,Pinnacle Bank,Jeff.Griffith@pinnbank.com,https://www.linkedin.com/in/jeffrey-griffith-04117a22/,
Matt Plowcha,,,,West Town Bank & Trust,mplowcha@westtownbank.com,https://www.linkedin.com/in/matthew-plowcha-3198504/,
Peter Paladino,,,,Layla Capital,peter@laylacapital.com,https://www.linkedin.com/in/peter-paladino-a6455b165,
Jeff Pirhalla,,,,CBRE,jeffrey.pirhalla@cbre.com,https://www.linkedin.com/in/jpirhalla,
Michael Young,,,,Red Capital Group,mpyoung@redcapitalgroup.com,https://www.linkedin.com/in/michael-young-5a032810,TRUE
Matthew McCreary,,,,Red Capital Group,mgmccreary@redcapitalgroup.com,https://www.linkedin.com/in/matthewmccreary/de/,TRUE
Rick Rennell,,,,Sabal,richard.rennell@sabal.com,https://www.linkedin.com/in/richard-j-rennell-jr-74828411/,
Thomas Marcus,,,,Sabal,thomas.marcus@sabal.com,https://www.linkedin.com/in/thomasmarcus,
Lee Swedowsky,,,,Apple Bank,lswedowsky@apple-bank.com,https://www.linkedin.com/in/leeswedowsky,
Lee Hunter,,,,CapStar Bank,lhunter@capstarbank.com,https://www.linkedin.com/in/lee-hunter-2a55478a,
Susan Dean,,,,Central Bank,sdean@centralbank.com,https://www.linkedin.com/in/susan-dean-91a778108/,
Chris Cernek,,,,JP Morgan Chase,chris.cernek@chase.com,https://www.linkedin.com/in/chris-cernek-85942b13,TRUE
Rosalia Agresti,,,,Flushing Bank,ragresti@flushingbank.com,https://www.linkedin.com/in/rosaliaagresti/,
Michael Skinner,,,,Huntington National Bank,michael.skinner@huntington.com,https://www.linkedin.com/in/michael-skinner-9152031a/,
Elias Djecki,,,,Investors Bank,EDjecki@investorsbank.com,https://www.linkedin.com/in/elias-djecki-a0166119/,
Steve Stearman,,,,Mechanics Bank,steve_stearman@mechanicsbank.com,,
Mark Olson,,,,Mechanics Bank,Mark_Olson@mechanicsbank.com,https://www.linkedin.com/in/mark-olson-66b495146/,
Clayton Franks,,,,Oklahoma Fidelity Bank,cfranks@fidelitybank.com,https://www.linkedin.com/in/clayton-franks-23810433/,
Frank Rojas,,,,Ridgewood Savings Bank,Frojas@ridgewoodbank.com,https://www.linkedin.com/in/frank-rojas-9b389898/,
Moises Lopez,,,,Salin Bank,m.lopez@salin.com,https://www.linkedin.com/in/moises-lopez-mba-42784170/,TRUE
Joe Pascarella,,,,TriState Capital Bank,jpascarella@tscbank.com,https://www.linkedin.com/in/joe-pascarella-3872722/,
David Moehring,,,,Union Bank,david.moehring@unionbank.com,https://www.linkedin.com/in/dave-moehring-a92079b/,
Ryan Campbell,,,,Wells Fargo,ryan.campbell@wellsfargo.com,https://www.linkedin.com/in/ryan-campbell-55377b58/,
Andrew Walker,,,,Wells Fargo,andrew.j.walker@wellsfargo.com,https://www.linkedin.com/in/andrew-walker-51a009176/,
Charlie Reeves,,,,Coastal FCU,creeves@coastal24.com,https://www.linkedin.com/in/charlie-reeves-56a5446/,
Dillon Renn,,,,Kinecta Federal Credit Union,dillon.renn@kinecta.org,https://www.linkedin.com/in/dillon-renn-81413a3/,
Jeff Rogers,,,,Unify Financial Credit Union,jeff.rogers@unifyfcu.com,https://www.linkedin.com/in/jeffreyjrogers/,
Vishal Hotchandani,,,,Arixa Capital,vhotchandani@arixacapital.com,https://www.linkedin.com/in/vishal-hotchandani/,TRUE
Jeff Appleton,,,,Briar Capital,jappleton@briarcapital.com,https://www.linkedin.com/in/jeffappleton/,
Elie Gross,,,,RealEx Capital,EG@realexcapital.com,https://www.linkedin.com/in/eliegross/,
Johnny Zhang,,,,Crowdfunz,johnny@crowdfunz.com,,
Daniella Marca,,,,Castellan Capital,dmarca@castellanre.com,https://www.linkedin.com/in/daniella-marca-0a248530/,
Sammy Hakimian,,,,Hakimian Capital,sammy@hakimiancapital.com,https://www.linkedin.com/in/sammy-hakimian-1437a3144/,
Daniel Nadri,,,,Hakimian Capital,daniel@hakimiancapital.com,,
Michael Hakimian,,,,Hakimian Capital,michael@hakimiancapital.com,https://www.linkedin.com/in/michael-hakimian-39840250/,
Michael Faiella,,,,LendingOne,mfaiella@lendingone.com,https://www.linkedin.com/in/michael-faiella-6867b127/,TRUE
Matt Valdez,,,,Paramount Specialty Finance,valdez@paramountfin.com,https://www.linkedin.com/in/matthewwyattvaldez/,
Luke Stone,,,,Paramount Specialty Finance,Lstone@paramountfin.com,https://www.linkedin.com/in/lukedstone/,
Josh Koperwas,,,,Watermarq,josh@watermarqre.com,https://www.linkedin.com/in/josh-koperwas-63194618/,
Zoheb Osmani,,,,Liberty SBF,zosmani@libertysbf.com,https://www.linkedin.com/in/zohebosmani/,
Justin Byun,,,,Open Bank,justin.byun@myopenbank.com,https://www.linkedin.com/in/justin-byun-84035076/,
Gisel Hillner,,,,Bank of the West,Gisel.Hillner@bankofthewest.com,https://www.linkedin.com/in/giselhillner/,
Ivan Nunez,,,,Flushing Bank,ivan.nunez@flushingbank.com,https://www.linkedin.com/in/ivan-g-nunez-0bb23420/,
Tom Cotter,,,,Modern Bank,tcotter@modernbank.com,https://www.linkedin.com/in/tommy-cotter-7618bb2b/,
Sean Silverbrook,,,,Maxim Capital Group,ssilverbrook@maximcapitalgroup.com,https://www.linkedin.com/in/sean-silverbrook-09406a107/,TRUE
Scott McLean,,,,Associated Bank,scott.mclean@associatedbank.com,https://www.linkedin.com/in/scott-mclean-3a3b786/,TRUE
Kyle Zeng,,,,EastWest Bank,Kyle.Zeng@eastwestbank.com,,
Janny Cheung,,,,EastWest Bank,Janny.Cheung@eastwestbank.com,https://www.linkedin.com/in/jennifer-cheung-8aa9771b/,
Tristan You,,,,EastWest Bank,Tristan.You@eastwestbank.com,https://www.linkedin.com/in/tristan-you-88ba8a12b/,
Austin Clay,,,,EastWest Bank,austin.clay@eastwestbank.com,https://www.linkedin.com/in/austin-clay-78b4891b/,
Matthew Osborne,,,,Eastern Bank,m.osborne@easternbank.com,https://www.linkedin.com/in/matthew-osborne-547b6b2a/,
Brian Bailey,,,,First Financial Bank,bkbailey@mainsourcebank.com,https://www.linkedin.com/in/brian-bailey-514b5576/,
Kris Hollingshead,,,,HomeStreet Bank,kris.hollingshead@homestreet.com,,
Chuck Carillo,,,,HomeStreet Bank,chuck.carrillo@homestreet.com,,
Tom Urick,,,,The National Bank of Indianapolis,tomurick@nbofi.com,https://www.linkedin.com/in/tom-urick-407a6233/,
Brendan Gale,,,,TIAA Bank,brendan.gale@tiaabank.com,https://www.linkedin.com/in/brendan-gale-3500b215/,TRUE
Jack Quaritius,,,,TIAA Bank,Jack.Quaritius@tiaabank.com,https://www.linkedin.com/in/jack-quaritius-33185825/,TRUE
Jason Lively,,,,Woodforest National Bank,jlively@woodforest.com,,
Michael Rubino,,,,Amerifund Commercial Corp,m.rubino@amerifundcorp.com,https://www.linkedin.com/in/michael-rubino-57814815/,
Jason Hull,,,,Sabal,Jason.Hull@sabal.com,https://www.linkedin.com/in/jasonhull1/,
Thomas Marcus,,,,Sabal,thomas.marcus@sabal.com,https://www.linkedin.com/in/thomasmarcus/,
Ian McCarthy,,,,Stabilis Capital,ianmccarthy@stabiliscap.com,https://www.linkedin.com/in/iomccarthy/,
Ralph Jones,,,,Korth Direct Mortgage,rjones@kdmfinancial.com,https://www.linkedin.com/in/ralph-jones-2980395/,
J.P Lauria,,,,Korth Direct Mortgage,jplauria@korthdirect.com,https://www.linkedin.com/in/jon-paul-lauria-369ab411a/,
Shai Romirowsky,,,,Outlier Capital,shai@outliercap.com,https://www.linkedin.com/in/shairomirowsky/,
Andrew Molnar,,,,Towne Bank,andrew.molnar@townebank.net,https://www.linkedin.com/in/andrew-molnar-76185676/,
Ben Silver,,,,Rialto,ben.silver@rialtocapital.com,https://www.linkedin.com/in/bensilvernyc/,
Fred Ornelas,,,,Axos Bank,fornelas@axosbank.com,https://www.linkedin.com/in/fred-ornelas-0a531614/,
Michael Cheung,,,,Axos Bank,mcheung@axosbank.com,https://www.linkedin.com/in/michael-cheung-1a405a5/,
Kevin Smith,,,,Customer's Bank,ksmith@customersbank.com,https://www.linkedin.com/in/kevin-m-smith-84b58a2/,TRUE
Mike Mitro,,,,Huntington National Bank,michael.d.mitro@huntington.com,https://www.linkedin.com/in/mike-mitro-8910549/,
Noam Ganel,,,,Silvergate Bank,nganel@silvergatebank.com,https://www.linkedin.com/in/noam-ganel-cfa-2438325/,
Blake Snyder,,,,State Bank & Trust,blake.snyder@statebt.com,https://www.linkedin.com/in/blake-snyder-b3808a3/,TRUE
Matt Boisseree,,,,Bank of America Private Bank,m.boisseree@bofa.com,,
Michael Corridan,,,,Citi,michael.corridan@citi.com,https://www.linkedin.com/in/michael-corridan-2289b616/,
Michael Zarkin,,,,Citi,michael.zarkin@citi.com,https://www.linkedin.com/in/michael-zarkin-04b17344/,
Paul Casey,,,,Circle Squared Alternative Investments,paul.casey@circlesquaredalts.com,,
Eugene Rutenberg,,,,"Inland Mortgage Capital, LLC",erutenberg@inlandmtg.com,https://www.linkedin.com/in/eugenerutenberg/,
Nick Kheny,,,,Fort Amsterdam Capital,nicholas.kheny@fortamcap.com,https://www.linkedin.com/in/nicholas-kheny/,TRUE
Luis Basaldua,,,,Amalgamated,luisbasaldua@amalgamatedbank.com,https://www.linkedin.com/in/luis-basaldua-149b65a/,
Neal Pickens,,,,BB&T,npickens@bbandt.com,https://www.linkedin.com/in/neal-pickens-770b7658/,
Roger Hayes,,,,First Commonwealth Bank,,,
Dan Fine,,,,JP Morgan Chase,dan.fine@chase.com,https://www.linkedin.com/in/dan-fine-15268911/,
Mark Reifel,,,,TCF Bank,mreifel@tcfbank.com,https://www.linkedin.com/in/mark-reifel-a3a59ab/,
John Hart,,,,US Bank,,,
Ryan Katz,,,,Deutsche Bank,ryan.katz@db.com,https://www.linkedin.com/in/ryandkatz/,
Matthew Savalas,,,,Parkview Financial,matthew@parkviewloan.com,https://www.linkedin.com/in/matthew-savalas-b4792670/,
Larry Perry,,,,Parkview Financial,larry@parkviewloan.com,https://www.linkedin.com/in/larryeperry/,
Alexander Lange,,,,ABP Capital,alange@abpcapital.com,https://www.linkedin.com/in/aflange/,
Sam Schwass,,,,Arbor Commercial Mortgage,sschwass@arbor.com,https://www.linkedin.com/in/sam-schwass-b8966864/,
Jon Schultz,,,,Onyx Equities,jschultz@onyxequities.com,https://www.linkedin.com/in/jonschultz1/,
Jiho Lee,,,,Drake Real Estate Partners,jlee@drakerep.com,https://www.linkedin.com/in/jiholee/,TRUE
Patty Lubian,,,,BankUnited,plubian@bankunited.com,https://www.linkedin.com/in/patricia-lubian-8b67b18/,
Gardner Semet,,,,BankUnited,gsemet@bankunited.com,https://www.linkedin.com/in/gardner-semet-7a920b6/,TRUE
Natalie Sproull,,,,Capital One,natalie.sproull@capitalone.com,https://www.linkedin.com/in/natalie-sproull-b9547511,
Katherine Lew,,,,CapitalSource,klew@capitalsource.com,,
Lauro Garcia,,,,Stern Brothers,lgarcia@sternbrothers.com,https://www.linkedin.com/in/lauro-garcia-6aa57a15b/,
Mary Scott,,,,Principal RE Investors,scott.mary@principal.com,https://www.linkedin.com/in/mary-scott-b2a28a161,
Eric Boyd,,,,Crossharbor Capital,eboyd@CrossHarborCapital.com,https://www.linkedin.com/in/eric-boyd-33756624/,TRUE
Ben Milde,,,,Allegiant,bmilde@allegiantrec.com,https://www.linkedin.com/in/benjamin-milde-1b032b87/,TRUE
Eddie Kwon,,,,NXT Capital,edwin.kwon@nxtcapital.com,https://www.linkedin.com/in/edwin-kwon-3bb1214,TRUE
Mark Schwartz,,,,Oz Management,mark.schwartz@ozm.com,https://www.linkedin.com/in/mark-schwartz-ab868918/,TRUE
Mike Fishbein,,,,Terra Capital Partners,mfishbein@tcp-us.com,https://www.linkedin.com/in/mikefishbein,
Arun Singh,,,,MetLife Real Estate,arun.singh@metlife.com,https://www.linkedin.com/in/arunsinghcfa,TRUE
Anthony Sassine,,,,CLG HedgeFund LLC/Beal Bank,asassine@clghedgefund.com,https://www.linkedin.com/in/anthony-sassine-b689b117,
Evan Williams,,,,Capital One,evan.williams@capitalone.com,https://www.linkedin.com/in/evan-williams-9880aa7/,
Katherine Lew,,,,CapitalSource,klew@capitalsource.com,,
Tom Whitesell,,,,CapitalSource,twhitesell@capitalsource.com,https://www.linkedin.com/in/thomas-whitesell-37b04843/,
Jason Baker,,,,CapitalSource,jbaker@capitalsource.com,https://www.linkedin.com/in/jasonbbaker/,TRUE
Eric Calder,,,,Dune Real Estate Partners,eric.calder@drep.com,,
Elaine Tao,,,,Bank of China,ltao@bocusa.com,https://www.linkedin.com/in/taolusu/,TRUE
Simon Seguss,,,,Centennial Bank,sseguss@my100bank.com,https://www.linkedin.com/in/simon-seguss-b4555710,
Ryan Campanelli,,,,HSBC,ryan.campanelli@us.hsbc.com,https://www.linkedin.com/in/ryan-campanelli-28830826/,
Michael Magner,,,,Natixis,michael.magner@natixis.com,https://www.linkedin.com/in/michael-magner-b5367b15/,TRUE
Anya Nabiev,,,,Natixis,Anya.Nabiev@natixis.com,https://www.linkedin.com/in/anya-nabiev-cfa-01b239/,
Kevin Kelly,,,,People's United Financial,kevin.kelly@peoples.com,https://www.linkedin.com/in/kellykevin,
Ward Ebbert,,,,SunTrust,ward.ebbert@suntrust.com,https://www.linkedin.com/in/ward-ebbert-bb212721/,
Tony Fineman,,,,ACORE Capital,tfineman@acorecapital.com,https://www.linkedin.com/in/tony-fineman-992b003b,TRUE
Spencer Garfield,,,,Fortress Investment Group,sgarfield@fortress.com,,
Tim Doherty,,,,iStar Financial,tdoherty@istarfinancial.com,https://www.linkedin.com/in/timothyjdoherty,
Lisa Komm,,,,LBBW,lisa.komm@lbbwus.com,https://www.linkedin.com/in/lisa-komm-3855888,
Peter Sotoloff,,,,Mack Real Estate Group,psotoloff@mackregroup.com,https://www.linkedin.com/in/peter-sotoloff-935b603,
Jason Schreiber,,,,The CIM Group,jschreiber@cimgroup.com,https://www.linkedin.com/in/jason-schreiber-1ba7041/,
Pam Gheyson,,,,Aareal Capital,pgheysen@aareal-capital.com,linkedin.com/in/pamela-gheysen-712047bb,
Greg Newman,,,,Bank of the Ozarks,greg.newman@ozk.com,https://www.linkedin.com/in/greg-newman-b187401b/de/,
Austin Pena,,,,Blackstone,austin.pena@blackstone.com,https://www.linkedin.com/in/f-austin-pe%C3%B1a-3356638/,
Jay Bailly,,,,Berkshires Bank,hbailly@berkshirebank.com,https://www.linkedin.com/in/h-jay-bailly-91716595,
Joel Reeling,,,,Farmers & Merchants Bank,joel.reeling@fmb.com,,
Kyle Roddy,,,,Farmers & Merchants Bank,kyle.roddy@fmb.com,https://www.linkedin.com/in/kyle-roddy-8737451b,
Rick Wood,,,,Financial Federal Bank,rwood@finfedmem.com,https://www.linkedin.com/in/rick-wood-b4847812,
David Harrington,,,,Lee Bank,dharrington@leebank.com,https://www.linkedin.com/in/davidharringtoninhk/?originalSubdomain=hk,TRUE
Karen boyer,,,,NBT Bank,karen.boyer@nbtbank.com,https://www.linkedin.com/in/karen-boyer-719140bb,
Tony Ayala,,,,Wells Fargo Home Mortgage,Anthony.J.Ayala@wellsfargo.com,https://www.linkedin.com/in/tony-ayala-116b711b,
Chris Micheletti,,,,Wells Fargo Home Mortgage,Christopher.Micheletti@wellsfargo.com,https://www.linkedin.com/in/christopher-micheletti-3a59643,
Randall Trickett,,,,WesBanco,rtrickett@wesbanco.com,https://www.linkedin.com/in/randalltrickett/,
Gil Espino,,,,California Credit Union,gespino@ccu.com,,
Michael Atkins,,,,Cormorant Capital,matkins@cormorant-capital.com,https://www.linkedin.com/in/michaelatkins42/,
Shalla Murrill,,,,Greater Commercial Lending,smurrill@greaterlending.com,,
Scott Proper,,,,Hingham Institution for Savings,scottproper@hinghamsavings.com,https://www.linkedin.com/in/scottproper,
Daniel Weingarten,,,,LGIS Group,DWeingarten@lgisgroup.com,https://www.linkedin.com/in/daniel-weingarten,
Alar Randmere,,,,MoFin Lending,alar@mofinloans.com,https://www.linkedin.com/in/alar-randmere-37a14744/,
Jeff Wagner,,,,North American Savings Bank,jwagner@nasb.com,https://www.linkedin.com/in/jeff-wagner-61a6177/,
Trevor Plante,,,,Grand Coast Capital Group,tplante@grandcoastcapital.com,https://www.linkedin.com/in/trevor-plante-112292tp,TRUE
Bryan Martinez,,,,Visio Lending,Bryan.Martinez@visiolending.com,https://www.linkedin.com/in/bryan-martinez-b05a77154,
Gabriel Hamani,,,,BHI,ghamani@bhiusa.com,https://www.linkedin.com/in/gabriel-hamani-906b17139,
Brian Kopakin,,,,Grow Financial FCU,Brian.Kopakin@growfinancial.org,https://www.linkedin.com/in/briankopakin/,
Anthony Weston,,,,Grow Financial FCU,anthony.weston@growfinancial.org,https://www.linkedin.com/in/anthony-weston-bb485773/,
Dan Starzyk,,,,First National Bank of Brookfield,starzykd@fnbb.com,https://www.linkedin.com/in/dan-starzyk-a2495651/,
Steve Surgent,,,,Conifer Capital LLC,ssurgent@conifercapital.com,https://www.linkedin.com/in/stevesurgent/,
Fernando Gomez,,,,TD Bank,Fernando.Gomez@td.com,https://www.linkedin.com/in/fernando-x-gomez-1045521/,
Miguel Boscan,,,,Professional Bank,MBoscan@probankfl.com,https://www.linkedin.com/in/miguel-boscan-40821a15,
Basil Barouki,,,,Wells Fargo,basil.barouki@wellsfargo.com,https://www.linkedin.com/in/basilbarouki,
Matthew Riegel,,,,Northern Trust,mr70@ntrs.com,https://www.linkedin.com/in/matthewriegel,
Carlos Yanez,,,,Rodeo Lending,cyanez@rodeolending.com,https://www.linkedin.com/in/carlitosyanez/,
Doug Roberts,,,,"Revival Capital, LLC",doug@revivalcp.com,https://www.linkedin.com/in/doug-roberts-b9064319/,
Sam Elbarouki,,,,Dividend Finance,sam.elbarouki@dividendfinance.com,https://www.linkedin.com/in/sam-elbarouki/,
Alan Dillman,,,,Voya,alan.dillman@voya.com,https://www.linkedin.com/in/alan-dillman-619b8428/de/,
Brian O'Flanagan,,,,Lucanda,brian@lucanda.com,https://www.linkedin.com/in/boflanagan,
Bing Luh,,,,ConnectOne Bank,bluh@cnob.com,https://www.linkedin.com/in/bing-luh-0a5b8647,
Muhammad Sharif,,,,Bay Mountain Capital LLC,msharif@baymountaincapital.com,https://www.linkedin.com/in/misharif/,
Nick Maas,,,,Farmers State Bank,nmaas@fsb1879.com,https://www.linkedin.com/in/nick-maas-5390438b/,
