clientContactID,contactDataID,Email,Full Name,First Name,Last Name,LinkedIn URL from QA,"Title
from CRM","Title
from ProxyCrawl","Title
manually gotten for import to contactData",Final Title,"Company
from CRM","Company
from ProxyCrawl","Company
manually gotten for import to contactData",Final Company,Job Changed?,Job Changed?,Enriched Data Changed?,QA gave wrong URL,Correct LinkedIn URL,LinkedIn URL Final,LinkedIn URL in CRM
0MWkIHuK80K6kEjLC0MU,uFKbDGBWUMCFHEtqBgm2,jan@tricircular.se,Jan,,,,,,,,,,,,,,,,,,
fQB8J7sQMzMEobfcnkFT,uFKbDGBWUMCFHEtqBgm2,danieljmurphy@yahoo.com,Daniel J. Murphy,,,,,,,,,,,,,TRUE,,,,,
qEPVQHpBA2fdZL7tLFGo,uFKbDGBWUMCFHEtqBgm2,parry@tjim.com,Richard Parry,,,,,,,,,,,,,,,,,,
1ihnrrrKwvftz6wcBRdL,9q7dUZSZe8FTaFqSHOKQ,devin@stackcommerce.com,Devin,,,,,,,"Senior Director of Partnerships, Physical (Buying + Merchandising)",,,,StackCommerce,,,,,,https://www.linkedin.com/in/devinguinn,
1lQdkooTlAh0UTUfmup6,NzSHGNwaNH6UxNisbcUg,marc.baudy@sowee.fr,Marc Baudy,,,,,,,Responsable Produits et Services,,,,Sowee,,,,,,https://fr.linkedin.com/in/marcbaudy,
5qxnmiQF8MFtBvnYv7j0,urF3NPjYAYVOkgM0MFYm,jason.ellwood@sse.com,Jason Ellwood,,,,,,,Sales Manager Brew + Press,,,,Molson Coors,,,,,,https://uk.linkedin.com/in/jason-ellwood-a9297a56,
6WUABRcsLvyzFr3V6IqQ,dPnWBRm5CGEkOD26u8Sp,kate@theyorkshiremafia.com,Kate,,,,,,,Founder and Presenter,,,,The Secret Engagement Podcast,,TRUE,,,,https://uk.linkedin.com/in/kate-hutchinson-9b7757a0,
7AfiTFKOY7j0zX3mXfaZ,hEBgCgh1PPG8iIgVM8Hx,shahzan@spartsauto.com,Shahzan,,,,,,,CEO,,,,SPARTS AUTO LIMITED,,,,,,https://uk.linkedin.com/in/shahzan-shah-b31073167,
7D5UY0aR29KEnTeYBLfB,b8A7xr5q8HoSSsxkyzfQ,york@trovepartners.com,Jeannette York,,,,,,,"Director, Financial Services Global Standards & Guidance",,,,The Institute of Internal Auditors Inc.,,,,,,https://www.linkedin.com/in/jeanette-york-11a07011,
7qNPc84zCKvjoPnmSv3e,KSTzmfKToKzKDi6PUX0P,abathla@groveis.com,Ankush Bathla,,,,,,,"Realtor, Investor",,,,Sotheby's International Realty,,TRUE,,,,https://www.linkedin.com/in/ankushbathla,
8kT6wPzm1rmT3DMs6lQY,UnkfAQXFxdKzKzqIvTyk,wise@tjim.com,Jerry Wise,,,,,,,Partner,,,,"Tokori Investments, LLC",,,,,,https://www.linkedin.com/in/jerry-wise-32423049,
ATbbu2MNPdyuBmqJsa6K,CaUJBjgkAVUziLdfo2Bl,nicktulloch@mmddistribution.com,Nick Tulloch,,,,,,,Director / Product Manager,,,,MMD Distribution,,,,,,https://uk.linkedin.com/in/nicktullochmmd,
AboFrhx17pje6TQcHVAO,CTset5Qe3MQzyqmfZa6G,phil.odwyer@vistex.com,Phil Odwyer,,,,,,,Team Leader,,,,Vistex,,,,,,https://uk.linkedin.com/in/phil-o-dwyer-443a41143,
AzY2DAjPx2u5sRyUJ9WC,W7llKiYAcvpAL5dgXSNp,ilya.taho@tradenw.org,Ilya Taho,,,,,,,International Trade Adviser,,,,Department for International Trade (DIT),,,,,,https://uk.linkedin.com/in/ilya-taho-miex-65093ab1,
BZoRs7qlYTuZ39CvUsAe,xEFMERyUed0WNOv3WoZq,esser@tqa.com,Robert E. Butman,,,,,,,Senior Investment Advisor,,,,Landings Real Estate Group,,,,,,https://www.linkedin.com/in/robert-butman-89787815,
CcAIZeOCpqaC7V180pKO,96fxmHlKxwuy7E2L0yqF,tmyers@vmfcapital.com,Thomas Myers,,,,,,,"Director, Anatomy Trains",,,,Self-employed,,TRUE,,,,https://www.linkedin.com/in/thomas-myers-aba79063,
FIOvbntEbeQndbi3gSo2,qQNi5EcxImxVxSYCHDBo,kanefulton@technation.io,Kanefulton,,,,,,,Entrepreneur Engagement Content Manager,,,,Tech Nation,,,,,,https://uk.linkedin.com/in/kanefulton,
GXMO5iW2o0rzSeoj2YLn,vYQlbk5VVLHXZqUpAeIY,sturza@bloomberg.net,Evan Sturza,,,,,,,Portfolio Manager,,,,Hudson Bay Capital Management LP,,,,,,https://www.linkedin.com/in/evan-sturza-4b12a52,
JQDH2Um4Hw3oACDT6EZ4,X3bDr3sqeCHI1ck50pdg,mmendoza@stringify.com,Michael Mendoza,,,,,,,Global Business Development & Strategic Partnerships,,,,Various tech startups and Fortune 500 companies,,TRUE,,,,https://www.linkedin.com/in/michael-mendoza-201110,
JTegAHifftpzaVs1Jk2w,9j2Ddg7pR7mQF9at0e30,ankit.sharma@talentica.com,Ankit Sharma,,,,,,,Manager Strategic Alliance - Europe,,,,Talentica Software,,,,,,https://in.linkedin.com/in/ankit-sharma-b1b11918,
LskDh3MMhpqBS7qKlOj4,Uy61XQMgdZKyfwaaI1fw,mcglynn@tjim.com,James McGlynn,,,,,,,"Owner, Bluestack Consulting Services",,,,Bluestack Consulting Services,,,,,,https://uk.linkedin.com/in/jimmcglynn,
M94HY3unYKhKNhMyi1Ca,c9f62ZCCrI9CyPBOvfEY,eb@waterfordpartners.com,Edward Bozaan,,,,,,,Managing Partner,,,,"Cleargate Capital, LLC",,TRUE,,,,https://www.linkedin.com/in/edward-bozaan-43ba9360,
MHzuyO8e4EAL3IRMZEmd,L6Po458tQOgWvJTVaSgN,sean.chiu@dexatek.com,Sean Chiu,,,,,,,Head Of UX Design,,,,Lazada Group,,TRUE,,,,https://sg.linkedin.com/in/sean-chiu-6188038,
N76tkR6XWs7Wn5CRsCpj,7OVskeL4VCxFkAq85c20,chris.gee@agilio.co.uk,Chris Gee,,,,,,,Director,,,,The Healthtech Exchange,,,,,,https://uk.linkedin.com/in/cmgee,
N9LN4pRIik1DYnFovMvU,g84fDqW027BrxYgSha6F,lawrence.morgenthal@wpginvest.com,Larry Morgenthal,,,,,,,Managing Member,,,,"Soundlink Partners, LLC",,TRUE,,,,https://www.linkedin.com/in/larry-morgenthal-939bb0b,
NNx7nK4jvIBNGYHTSidQ,4WXLQN5YHZ6JxgMfzyTz,info@westportfunds.com,Ronald Oliver,,,,,,,Training Specialist,,,,McAfee,,,,,,https://www.linkedin.com/in/ronoliver09,
O23NEtpqTNGkd9fcXrs8,1j10Ci7CVh7p1d2Cv23V,pwitheridge@groveis.com,Pip Witheridge,,,,,,,,,,,,,,,,,https://www.linkedin.com/in/pipwitheridge/,
OH5uTdK2wOB0OWmqCAQw,8gdqALitdxpqHi6yBVaV,lax@negotiate.com,David Lax,,,,,,,Managing Principal,,,,Lax Sebenius LLC,,TRUE,,,,https://www.linkedin.com/in/david-lax-725705,
PbApC4yW3dMyDzyTQKQb,7iVuvya4FrFOYBaXygBM,zneale@valuequest.com,Zoe Neal,,,,,,,Communications Assistant,,,,WPP Health Practice,,,,,,https://uk.linkedin.com/in/zoe-neal-885a66164,
PkFuSDZpHxSJKkGbLPmY,D5oRv628OkMa4QZ6QVyp,mvanmeter@vmfcapital.com,Michael Van Meter,,,,,,,"Director, Healthcare Strategy",,,,Huron,,,,,,https://www.linkedin.com/in/mvanmeter,
PwsLBqoPYiR3l35gSNFc,rKS1cWRC1lPigzKFYdql,nhart@groveis.com,Nick Hart,,,,,,,,,,,,,TRUE,,,,https://www.linkedin.com/in/nick-hart-1720092/,
RKnTEG86dmxiDs3s0Y6f,NnwJZAtXF5RvBbKVvalN,g.ciarrocca@mclink.it,Giovanni Ciarrocca,,,,,,,Avvocato,,,,Propria,,,,,,https://it.linkedin.com/in/giovanni-ciarrocca-84896b75,
SI0vDxYdhdFpJImDpb3j,EgjONr7z3fMCzFRmWPPv,sdauphin@bonaventurecapital.net,Steve Dauphin,,,,,,,Managing Director,,,,Bonaventure Capital,,,,,,https://www.linkedin.com/in/steve-dauphin-10092833,
SZjDfbiNNShCFlBNBO9h,MJaVhPCJMVCOjxbQ7jNn,nicola@qwerkity.com,Nicola Young,,,,,,,Infrastructure Hardware Buyer,,,,RM Education,,,,,,https://uk.linkedin.com/in/nicola-young-50b33a138,
SeYckAk6cA80gCAVf8Yx,344mrJlBImlwcOz0HJc2,sanjay@siliconstray.com,Sanjay,,,,,,,Founder,,,,MailMosh,,,,,,https://www.linkedin.com/in/sanjayparekh,
T9nSClVHzGxX1NsPjSIC,Ep4PJcUGT62LavvIf79n,psweet@groveis.com,Paul Sweet,,,,,,,Head of Delivery - InformedActions,,,,InformedActions,,,,,,https://www.linkedin.com/in/paul-sweet-b71b5618/,
TDZyIB4WVuQ8nBBmXm2e,fkswydXPN42GhFuSUGY0,cgreeff@groveis.com,Charl Greeff,,,,,,,Head Of Engineering,,,,OneDayOnly.co.za,,TRUE,,,,https://www.linkedin.com/in/charl-greeff-921a8741/,
TOQLG7AONUqqANDdxoKq,ZTkBuNSam2cFj3GKbLup,travis@groveis.com,Travis Wade,,,,,,,Project Manager,,,,Responsive Digital,,TRUE,,,,https://www.linkedin.com/in/travis-wade-85033024/,
To9myhhFYbpmAt9qK6aG,dhIfX2cBbJsf4ebjoKrR,matthew.rockliff@screwfix.com,Matthew Rockliff,,,,,,,Head Of Buying,,,,Toolstation,,,,,,https://uk.linkedin.com/in/matthew-rockliff-520b7917,
VjRyod2ZUFrdJHSYgQhj,kHCRVUwZShrknMVkGenx,bdm@whiteroseagencies.com,Matt,,,,,,,Business Development Manager,,,,White Rose Agencies,,,,,,https://www.linkedin.com/in/matthew-holmes-42807410b/?originalSubdomain=uk,
WQYYbwjsTqz6841Ps0iI,ZSC1XoHkWBmdSQSirpRq,aviegas@vzb.net,Alfredo Viegas,,,,,,,Managing Director,,,,"Oaktree Capital Management, L.P.",,TRUE,,,,https://www.linkedin.com/in/alfredo-viegas-6015118a,
WWd93SF7Hp38oJNqw9Wd,g3g6RMY6Vo73xjt8CGji,snyder@bigdough.com,Karl Snyder,,,,,,,Managing Director,,,,VETS Indexes,,TRUE,,,,https://www.linkedin.com/in/karl-snyder-cmt-34207163,
YRPSndfpNEQhQf4iE9W0,7GJiuyWZ5xJ7PojfheJS,ngray@valuequest.com,Edward A. Gray,,,,,,,"Manager, Financial Planning & Analysis",,,,Tufts Health Plan,,,,,,https://www.linkedin.com/in/edward-gray-369b8a3,
YUyUZPUzkvuJnObbLlv4,0qPqFmc6BSgJdO1wQHAe,rronan@trimark.com,Rory Ronan,,,,,,,Partner,,,,Kohler Ronan LLC,,,,,,https://www.linkedin.com/in/rory-ronan-9557bb42,
ZDwKn4xXCktz9IMS5om5,8ACQDxCnMHLyxfvDvYqs,david@toron.com,David Driscoll,,,,,,,Chief Executive Officer,,,,Liberty International Investment Management Inc.,,TRUE,,,,https://ca.linkedin.com/in/david-driscoll-877b2438,
a04g75HnC4MMe8Z8aHmb,5NYee18Yncg0uKlfhHRE,amanda.mcintosh@slatergordon.co.uk,Amanda Mcintosh,,,,,,,Associate Litigation Executive,,,,Slater and Gordon Lawyers (UK),,,,,,https://uk.linkedin.com/in/amanda-mcintosh-706036126,
aPPB5A0zPlpexvdSdgOK,RMsw7Amzh4Zx0BwWeM4n,jmcgraw@yankeeadvisers.com,Joseph A. McGraw,,,,,,,Member,,,,Yankee Advisers LLC,,,,,,https://www.linkedin.com/in/joseph-mcgraw-9701845,
ap2p2SExoL7mB0XKKXef,GYasxHrRT9mboG0LRpQB,david@creativeiq.co.uk,David Hymans,,,,,,,Director,,,,Creative IQ Ltd,,,,,,https://uk.linkedin.com/in/david-hymans-5484a591,
bYTg1VGGG7CncOtcnY7L,fcX9XogzVlPoHfQz00SF,john-peyton@wtcm.com,John Peyton,,,,,,,,,,,,,,,,,https://www.linkedin.com/in/john-peyton-74354b3,
cRq7pFprRt6PGqZRlahl,2LpudUaEwsK1YVw8SfUG,dpost@whartoninvestment.com,Vanessa Gibson,,,,,,,CFO,,,,Wharton Investment,,TRUE,,,,https://hk.linkedin.com/in/david-post-651b274a,
dUJBpSeeWBJxzKkKKyYF,YTWsVNv8TtL04VZXLZZ5,dmartyr@groveis.com,Dan Martyr,,,,,,,Solutions Architect,,,,Datalytyx,,TRUE,,,,https://uk.linkedin.com/in/danmartyr,
e80zvLlanKfaflumFFjT,oDl7SH0kDV1AG0BFP552,patrick@theporchpod.com,Patrick,,,,,,,Founder / CEO,,,,The Porch Pod,,,,,,https://www.linkedin.com/in/patrickscampbell,
eefyAxrwFmam0RXu0bTS,yA2Ph9DrNIQFPbhdQYZf,raj@myxupo.com,Raj,,,,,,,Executive Director,,,,Innovate From Zero,,TRUE,,,,https://uk.linkedin.com/in/rajsark,
gMxvOC26SUajV45hpKyA,grgYQ7wKgTJRhIrFfqEO,jonathan@wifiplug.co.uk,Jonathan,,,,,,,Co-Founder,,,,BattleCrate,,TRUE,,,,https://uk.linkedin.com/in/jonathan-madeley,
gUqRzns8EmFARAgwZVNu,onvpyzcxyYrgUAjn2MS6,jeffrey.wang@waterfordpartners.com,Jeffrey Wang,,,,,,,,,,,,,,,,,https://www.linkedin.com/in/jeffrey-wang-3114a29,
gcnZVS440HDiZ9r3fUo9,GuR9w4JH9Xn25lzVWoA9,marc.collinson@strix.com,Marc Collinson,,,,,,,Industrial Design Consultancy,,,,Forma,,TRUE,,,,https://uk.linkedin.com/in/marc-collinson-8234465,
godnLelZBia1feNU9yOS,QXR1SRZFpDr38nkkEmlK,avivl@youtiligent.com,Avivl,,,,,,,Chief Operations & Product,,,,YOUTILIGENT Ltd,,,,,,https://www.linkedin.com/in/levinaviv/,
h93aVq88IRRJ6rScMOWL,nTyvue4ZUKKpkhtTBEga,nimish.vora@volansys.com,Nimish Vora,,,,,,,Sales Director -- Business Development,,,,VOLANSYS Technologies,,,,,,https://www.linkedin.com/in/nimishbvora,
hgh9JhEa0CxbsEB8iUzk,WorH4t0Fqwi3i3S8SaAP,bostjan.struc@petrol.si,Boï¿½tjan ï¿½truc,,,,,,,Director of Development and Management of Sales Channels,,,,Petrol d.d.,,,,,,https://si.linkedin.com/in/bo%C5%A1tjan-%C5%A1truc-b5289028,
mWZ3sGTb61zTBSAuarOG,Hej5JQDsNJKgVBiwguex,chloe@qwerkity.com,Chloe Smith,,,,,,,Document Controller,,,,ISIS FLUID CONTROL LIMITED,,,,,,https://uk.linkedin.com/in/chlo%C3%AB-smith-2166b8149,
maeg0rBvuoozlmrTINTl,fOxGiJpFZY5Qqh69AQKS,agnieszka@space3.eu,Agnieszka,,,,,,,Head of Startup & Investor Relations,,,,Infoshare,,,,,,https://pl.linkedin.com/in/agnieszkameller,
mob6LQ1wPnpEAXKI8SY1,P2IdT1mCxK947MqOTAA7,jackm@xcaliber.com,Devin Dallaire,,,,,,,Chief Investment Officer - Alternative Risk Premia Strategies,,,,Magnetar Capital,,,,,,https://www.linkedin.com/in/devin-dallaire-31507292,
mvmdta1T8M8s4NkUmeUc,GEgT2mpzuTSY5rEt1zwn,soffian@ave.com.bn,Soffian,,,,,,,Search Engine Optimization Specialist,,,,Self employed,,TRUE,,,,https://www.linkedin.com/in/noer-fahmi-sofian-81b10a106/,
oS00h7WLL5pafYhvS2A1,haZ4dqTxPWUrVEErNQSd,yborkar@valuequest.com,Yogesh Borkar,,,,,,,"Partner & Portfolio Manager, International (Global ex US) Small Cap Equities",,,,Axiom Investors LLP,,TRUE,,,,https://www.linkedin.com/in/yogesh-borkar-cfa-33bb0a3b,
oobf84pwcB25u9OB64TI,rG3A4V5P05ofWK5SsZQx,david@wpinv.com,David Sculati,,,,,,,President,,,,"Sculati Wealth Management, LLC.",,TRUE,,,,https://www.linkedin.com/in/david-sculati-6119b95,
ovX1tt5VJZ0kQtIndEvY,IwuZgtgDEnw0gA51ksBD,jjames@oakgroupinc.com,John James,,,,,,,Owner,,,,Oak Group Inc,,,,,,https://www.linkedin.com/in/john-james-5193b414,
pJbCwE1TrTSXlr2BhcdA,YveqvnFMvDwrr9H6RePT,dennis.smith@ulh.nhs.uk,Dennis Smith,,,,,,,Procurement Advisor,,,,United Lincolnshire Hospitals NHS Trust,,,,,,https://uk.linkedin.com/in/dennis-smith-806743a,
qlFvuUS1qkI5GOnIqeDm,tuR9zdFKxdk9e1pEYi3S,simon.grainger@egton.net,Simon Grainger,,,,,,,Senior Solutions Architect,,,,Egton,,,,,,https://www.linkedin.com/in/simon-grainger-09700b124/,
reY4hAxWxhGwExANzfp3,jnuXwhNsBAK0dC1IiL84,matthew.lang@vestel-uk.com,Matthew Lang,,,,,,,Managing Director,,,,Vestel UK Ltd,,,,,,https://uk.linkedin.com/in/matthewjohnlang,
ressFtmZ9rAMN1cZT5yV,sUNKLvMYQac03g1A3PFa,rafael.kirschner@we-wash.com,Rafael Kirschner,,,,,,,Managing Director,,,,WeWash GmbH,,,,,,https://de.linkedin.com/in/rafael-kirschner-0626a229,
s4GaGvGOA1FLUf11zjYN,9wJnQscjSl5KO039e1Gb,dhaws@tjim.com,Douglas A. Haws,,,,,,,Portfolio Manager- Vice President,,,,TJIM,,,,,,https://www.linkedin.com/in/douglas-haws-75141315,
s8KJ5ZClsaOX7pi3kEL6,N7KXdKOzSM05DMibW2Sm,francois.gour@waterfordpartners.com,Francois Gour,,,,,,,Senior Advisor,,,,Frost Consulting,,TRUE,,,,https://www.linkedin.com/in/francois-gour-1974a213,
saQUyEuDLK7JKodhG54S,NT2WDlRB9FdcOV4im6Bp,charles.jameson@electrolux.com,Charles Jameson,,,,,,,Connected Serviceability Manager,,,,Electrolux,,,,,,https://www.linkedin.com/in/chjameson,
tPyYOleLHwvQh1mWB8wX,2AJ06q4cDIGOUjHLfcKW,rkohn@groveis.com,Ron Kohn,,,,,,,Product Manager,,,,Thomsons Online Benefits,,,,,,https://uk.linkedin.com/in/ronald-kohn-87847288,
us1kKmqXsJIfh62gkZCt,rA5RtlEBKddzK3s1Ev3s,coachks@gmail.com,Kerry Sullivan,,,,,,,Sales and Business Development Executive,,,,Business Development Solutions,,,,,,https://www.linkedin.com/in/kerrysullivan22,
uy0dVekv4ijL6dx91mDC,EwZ43fHphzADI6ezITf0,nira.chandran@squareglobalmarkets.com,Nira Chandran,,,,,,,,,,,,,,,,,https://uk.linkedin.com/in/nirachandran,
xGOYsBa6xOSOqKFYp9ug,ysYCGNxsoUWCysA8QlMP,katy@qwerkity.com,Katy Fahy,,,,,,,Commercial Manager,,,,Yes Please UK,,TRUE,,,,https://uk.linkedin.com/in/katy-fahy-27318364/de,
xp2e6POzOhRkGueX0Hf6,SNLmkHNhUU971M2UrNrW,david.copeland@vodafone.com,David Copeland,,,,,,,Consumer IoT @ V by Vodafone,,,,Vodafone,,,,,,https://uk.linkedin.com/in/dccopeland,
yVbmKhXsnZT8QoZAgO3K,tiqqR9wKUyxJT6FmZsVc,tom@youate.com,Tom,,,,,,,CEO/Co-Founder,,,,Ate,,,,,,https://www.linkedin.com/in/kptamas,
zLknj2QSyKLAHN03vz74,bXvvcpGJagTEyEtf64UB,sam.pilkington@sciencemuseum.ac.uk,Sam Pilkington,,,,,,,Group Creative Manager,,,,Science Museum Group,,,,,,https://uk.linkedin.com/in/pilkingtons,
zTwiKzHAKi39VfrnZkXs,TyxHXK57dvWak1za6gTG,katie@jamjarinvestments.com,Katie JamJar,,,,,,,Partner,,,,JamJar Investments,,,,,,https://uk.linkedin.com/in/katie-marrache-98207a15,
zUK4aBRNyMFRJI3rvnmj,IUucAvPX6DUqYHxySk9I,lfranko@valuequest.com,Lawrence Franko,,,,,,,V.P and Senior Global Equity Analyst,,,,"Delaware Investments, a member of the Macquarie Group",,,,,,https://www.linkedin.com/in/lawrence-franko-22084323,
