Name,first name,last naem,Title,Company Name,Email,LinkedInURL
Travis Wade,,,,,travis@groveis.com,https://www.linkedin.com/in/travis-wade-85033024/
Ankush Bathla,,,,,abathla@groveis.com,https://www.linkedin.com/in/ankushbathla
Charl Greeff,,,,,cgreeff@groveis.com,https://www.linkedin.com/in/charl-greeff-921a8741/
Dan Martyr,,,,,dmartyr@groveis.com,https://uk.linkedin.com/in/danmartyr
David Hymans,,,,,david@creativeiq.co.uk,https://uk.linkedin.com/in/david-hymans-5484a591
Edwin Tan,,,,,edwin.tan@automate.asia,
Matthew Rockliff,,,,,matthew.rockliff@screwfix.com,https://uk.linkedin.com/in/matthew-rockliff-520b7917
Nick Hart,,,,,nhart@groveis.com,https://www.linkedin.com/in/nick-hart-1720092/
Paul Sweet,,,,,psweet@groveis.com,https://www.linkedin.com/in/paul-sweet-b71b5618/
Pip Witheridge,,,,,pwitheridge@groveis.com,https://www.linkedin.com/in/pipwitheridge/
Ron Kohn,,,,,rkohn@groveis.com,https://uk.linkedin.com/in/ronald-kohn-87847288
Iacovos Papaleontiou,,,,mantox-eng.com,iacovos.papaleontiou@mantox-eng.com,
Soffian,,,,AV Electronics,soffian@ave.com.bn,https://www.linkedin.com/in/noer-fahmi-sofian-81b10a106/
Simon Grainger,,,,,simon.grainger@egton.net,https://www.linkedin.com/in/simon-grainger-09700b124/
Cora Yau,,,,,cora.yau@philex.com,
Martin Stanley,,,,,martin@cherishbrand.com,
Bo�tjan �truc,,,,,bostjan.struc@petrol.si,https://si.linkedin.com/in/bo%C5%A1tjan-%C5%A1truc-b5289028
Bread JamJar,,,,,bread@jamjarinvestments.com,
Chloe Smith,,,,,chloe@qwerkity.com,https://uk.linkedin.com/in/chlo%C3%AB-smith-2166b8149
Chris Gee,,,,,chris.gee@agilio.co.uk,https://uk.linkedin.com/in/cmgee
Ian Checkley,,,,,ian@rfe.ie,
Jason Ellwood,,,,,jason.ellwood@sse.com,https://uk.linkedin.com/in/jason-ellwood-a9297a56
Katy Fahy,,,,,katy@qwerkity.com,https://uk.linkedin.com/in/katy-fahy-27318364/de
Katie JamJar,,,,,katie@jamjarinvestments.com,https://uk.linkedin.com/in/katie-marrache-98207a15
KKTan@Gemwel,,,,,kuang@gemwel.com,
Michael Mendoza,,,,,mmendoza@stringify.com,https://www.linkedin.com/in/michael-mendoza-201110
Nicola Young,,,,,nicola@qwerkity.com,https://uk.linkedin.com/in/nicola-young-50b33a138
Matt,,,,,bdm@whiteroseagencies.com,https://www.linkedin.com/in/matthew-holmes-42807410b/?originalSubdomain=uk
Charles Jameson,,,,,charles.jameson@electrolux.com,https://www.linkedin.com/in/chjameson
Sean Chiu,,,,,sean.chiu@dexatek.com,https://sg.linkedin.com/in/sean-chiu-6188038
Nick Tulloch,,,,,nicktulloch@mmddistribution.com,https://uk.linkedin.com/in/nicktullochmmd
Gene T. Pretti,,,,"Zazove Hedged Convertible Fund, L.P.",ghosking@zazove.com,
Avivl,,,,youtiligent.com,avivl@youtiligent.com,https://www.linkedin.com/in/levinaviv/
Tom,,,,YouAte,tom@youate.com,https://www.linkedin.com/in/kptamas
Joseph A. McGraw,,,,"Yankee Clipper Fund, L.P.",jmcgraw@yankeeadvisers.com,https://www.linkedin.com/in/joseph-mcgraw-9701845
Stephen Yacktman,,,,Yacktman Asset Management Company,stephen@yacktman.com,
Russell Wilkins,,,,Yacktman Asset Management Company,russel@yacktman.com,
Ronald W. Ball,,,,Yacktman Asseet Management Company,ronald@yacktman.com,
Raj,,,,Xupo,raj@myxupo.com,https://uk.linkedin.com/in/rajsark
Mricard,,,,Witekio,mricard@witekio.com,
John Peyton,,,,Wilke/Thompson Capital Management/Wealth Management,john-peyton@wtcm.com,https://www.linkedin.com/in/john-peyton-74354b3
Nancy Archer,,,,Wilke/Thompson Capital Management/Wealth Management,nancy-archer@wtcm.com,
Nick,,,,wifiplug ltd,nick@wifiplug.co.uk,
Jonathan,,,,wifiplug ltd,jonathan@wifiplug.co.uk,https://uk.linkedin.com/in/jonathan-madeley
David Sculati,,,,White Pine Investment Company,david@wpinv.com,https://www.linkedin.com/in/david-sculati-6119b95
Marge DeMarrais,,,,"White Hollow Partners, L.P.",marge@whitehollow.com,
Vanessa Gibson,,,,Wharton Asian Equity,dpost@whartoninvestment.com,https://hk.linkedin.com/in/david-post-651b274a
Rafael Kirschner,,,,WeWash GmbH,rafael.kirschner@we-wash.com,https://de.linkedin.com/in/rafael-kirschner-0626a229
Ronald Oliver,,,,"Westport Asset Management, Inc.",info@westportfunds.com,https://www.linkedin.com/in/ronoliver09
James Schmitt,,,,Westcountry Financial,schmitt@westcountry.com,
David Liptak,,,,"West Broadway Partners, LP",jp@west-broadway.com,
Gene R. Tremblay,,,,Wellington Management Company,grtremblay@wellmanage.com,
Larry Morgenthal,,,,"Weiss, Peck & Greer",lawrence.morgenthal@wpginvest.com,https://www.linkedin.com/in/larry-morgenthal-939bb0b
John N. Breazeale,,,,Weiss Money Management,wmm@weissinc.com,
Web Summit,,,,WebSummit,info@websummit.net,
Jeffrey Wang,,,,Waterford Partners,jeffrey.wang@waterfordpartners.com,https://www.linkedin.com/in/jeffrey-wang-3114a29
Edward Bozaan,,,,Waterford Partners,eb@waterfordpartners.com,https://www.linkedin.com/in/edward-bozaan-43ba9360
Marta Svietalova,,,,Waterford Partners,marta.svietalova@waterfordpartners.com,
Francois Gour,,,,Waterford Partners,francois.gour@waterfordpartners.com,https://www.linkedin.com/in/francois-gour-1974a213
Tom Wurtz,,,,Waterford Partners,tom.wurtz@waterfordpartners.com,
Seth Washburne,,,,"Washburne Capital, LLC",wcm@clearco.com,
Tonio Calderon,,,,"Wasatch Advisors, Inc.",tonto@wasatchadvisors.com,
William Kapner,,,,Wall Street Asset Management,bkapner@yahoo.com,
Karl Snyder,,,,Wall Street Asset Management,snyder@bigdough.com,https://www.linkedin.com/in/karl-snyder-cmt-34207163
Seth Morris,,,,Wall Street Asset Management,sethmorris@hotmail.com,
Ross Kent,,,,Wall Street Asset Management,rkent@erols.com,
Daniel J. Murphy,,,,Wall Street Asset Management,danieljmurphy@yahoo.com,https://www.murphywealth.com/about/our-team/daniel-j-murphy/
Alfredo Viegas,,,,VZB Partners,aviegas@vzb.net,https://www.linkedin.com/in/alfredo-viegas-6015118a
Mustafa Zaidi,,,,VZB Partners,mzaidi@vzb.net,
Lisa,,,,vrlinker.net,lisa@vrlinker.net,
Matthew Costello,,,,voyagerportal.com,matthew@voyagerportal.com,
Nimish Vora,,,,Volansys Technologies Pvt. Ltd.,nimish.vora@volansys.com,https://www.linkedin.com/in/nimishbvora
David Copeland,,,,Vodafone,david.copeland@vodafone.com,https://uk.linkedin.com/in/dccopeland
Michael Van Meter,,,,VMF Capital,mvanmeter@vmfcapital.com,https://www.linkedin.com/in/mvanmeter
Thomas Myers,,,,VMF Capital,tmyers@vmfcapital.com,https://www.linkedin.com/in/thomas-myers-aba79063
Daria,,,,Vito Ventures,daria@vito.vc,
Phil Odwyer,,,,Vistex,phil.odwyer@vistex.com,https://uk.linkedin.com/in/phil-o-dwyer-443a41143
Matthew Lang,,,,vestel-uk.com,matthew.lang@vestel-uk.com,https://uk.linkedin.com/in/matthewjohnlang
Webexadmin,,,,Versicherungskammer Bayern,webexadmin@vkb.de,
Timo Schumann,,,,Vattenfall,timo.schumann@vattenfall.de,
Katherine Busboom Magrath,,,,ValueQuest/TA,kmagrath@valuequest.com,
Lawrence Franko,,,,ValueQuest/TA,lfranko@valuequest.com,https://www.linkedin.com/in/lawrence-franko-22084323
Zoe Neal,,,,ValueQuest/TA,zneale@valuequest.com,https://uk.linkedin.com/in/zoe-neal-885a66164
Terrence B. Magrath,,,,ValueQuest/TA,tmcgrath@valuequest.com,
Yogesh Borkar,,,,ValueQuest/TA,yborkar@valuequest.com,https://www.linkedin.com/in/yogesh-borkar-cfa-33bb0a3b
Edward A. Gray,,,,ValueQuest/TA,ngray@valuequest.com,https://www.linkedin.com/in/edward-gray-369b8a3
Evan Sturza,,,,"Ursus Capital, L.P.",sturza@bloomberg.net,https://www.linkedin.com/in/evan-sturza-4b12a52
Dennis Smith,,,,United Lincolnshire Hospitals NHS Trust,dennis.smith@ulh.nhs.uk,https://uk.linkedin.com/in/dennis-smith-806743a
As,,,,unicorn-nest.com,as@unicorn-nest.com,
Ilya Taho,,,,UK2,ilya.taho@tradenw.org,https://uk.linkedin.com/in/ilya-taho-miex-65093ab1
Cv19researchinnovation,,,,UK Research and Innovation,cv19researchinnovation@ukri.org,
Tomchen,,,,ucheer.com.tw,tomchen@ucheer.com.tw,
Support,,,,Turo,support@turo.com,
Jeannette York,,,,"Trove Utilities Restructuring Fund, LP",york@trovepartners.com,https://www.linkedin.com/in/jeanette-york-11a07011
Dana Love,,,,Trimark Investment Management,dlove@trimark.com,
Rory Ronan,,,,Trimark Investment Management,rronan@trimark.com,https://www.linkedin.com/in/rory-ronan-9557bb42
Robert Krembil,,,,Trimark Investment Management,rkrembil@trimark.com,
Theodore Dumbauld,,,,"Trident Investments, LLC",liz@tridentlp.com,
Krishnamurthy Narayanan,,,,Trident Global Investors Portfolio,sdyer@tridentglobal.com,
Jan,,,,tricircular.se,jan@tricircular.se,https://pg.linkedin.com/pub/jan-agri/0/223/b7?trk=seokp-post-author-name
Exportingforgrowth,,,,trade.gov.uk,exportingforgrowth@mobile.trade.gov.uk,
Robert E. Butman,,,,TQA Vantage Fund Ltd.,esser@tqa.com,https://www.linkedin.com/in/robert-butman-89787815
Christopher D. Towle,,,,Towle & Company,towleco@aol.com,
David Driscoll,,,,Toron Asset Management,david@toron.com,https://ca.linkedin.com/in/david-driscoll-877b2438
Richard Parry,,,,Tom Johnson Investment Management,parry@tjim.com,https://www.zoominfo.com/people/Richard/Parry
Douglas A. Haws,,,,Tom Johnson Investment Management,dhaws@tjim.com,https://www.linkedin.com/in/douglas-haws-75141315
Thomas Giles,,,,Tom Johnson Investment Management,giles@tjim.com,
James McGlynn,,,,Tom Johnson Investment Management,mcglynn@tjim.com,https://uk.linkedin.com/in/jimmcglynn
Jerry Wise,,,,Tom Johnson Investment Management,wise@tjim.com,https://www.linkedin.com/in/jerry-wise-32423049
John Shepley,,,,Tom Johnson Investment Management,shepley@tjim.com,
Edward Schrems,,,,Tom Johnson Investment Management,schrems@tjim.com,
Brian E. Divney,,,,"Timberline Financial Partners, LP",divney@timbercap.com,
Patrick,,,,theporchpod.com,patrick@theporchpod.com,https://www.linkedin.com/in/patrickscampbell
Kate,,,,The Yorkshire Mafia LTD,kate@theyorkshiremafia.com,https://uk.linkedin.com/in/kate-hutchinson-9b7757a0
Don Farris,,,,"The Victory Special Situations Fund, LP",don@farris.net,
Randy Hanebutt,,,,"The RAM Fund, L.P.",randy.hanebutt@ramllc.com,
John A. O'Hara,,,,The Rader Fund. L.P.,raderfund@worldnet.att.net,
David Clarke,,,,The OCMX,david.clarke@theocmx.com,
John James,,,,The Oak Group,jjames@oakgroupinc.com,https://www.linkedin.com/in/john-james-5193b414
David T.. Garlock,,,,"The Nnavigator Fund, L.P.",navigator@primebroker.com,
Beau Gayner,,,,"The Greyling Fund, LP",bg@hedgefunds.com,
Miriam Young,,,,Techstars Central LLC,miriam.young@techstarsassociates.com,
Founder Notifications,,,,Techstars Central LLC,founder-notifications@techstars.com,
Kanefulton,,,,Tech Nation,kanefulton@technation.io,https://uk.linkedin.com/in/kanefulton
Waynec,,,,TBAT Innovation Limited,waynec@tbat.co.uk,
Ankit Sharma,,,,TALENTICA,ankit.sharma@talentica.com,https://in.linkedin.com/in/ankit-sharma-b1b11918
Tim Tanko,,,,"Tactical International Fund, L.P.",intlstoxx@mediaone.net,
Dhonmong,,,,SVB Financial Group,dhonmong@svb.com,
Nick_soya,,,,SurfaceInk,nick_soya@surfaceink.com,
David Lax,,,,"Summa Partners, L.P.",lax@negotiate.com,https://www.linkedin.com/in/david-lax-725705
Kostas,,,,Suite5 Ltd.,kostas@suite5.eu,
Marc Collinson,,,,Strix Ltd,marc.collinson@strix.com,https://uk.linkedin.com/in/marc-collinson-8234465
Steven,,,,Steven Kear,steven@kearts.co.uk,
Jonathan Spring,,,,"Sterling Equity Partners, L.P.",redbird@mediaone.net,
Sbc Aus,,,,Startupbootcamp,sbc.aus@startupbootcamp.org,
Devin Dallaire,,,,Stafford Capital Management LLC,jackm@xcaliber.com,https://www.linkedin.com/in/devin-dallaire-31507292
Devin,,,,StackCommerce,devin@stackcommerce.com,https://www.linkedin.com/in/devinguinn
Nira Chandran,,,,SQUARE GLOBAL MARKETS LLP,nira.chandran@squareglobalmarkets.com,https://uk.linkedin.com/in/nirachandran
Laurie Cicario,,,,"Spruce Partners I, LP",laurie@sprucepartners.com,
Cd,,,,SPINPARTNERS GmbH,cd@spin.partners,
Shahzan,,,,spartsauto.com,shahzan@spartsauto.com,https://uk.linkedin.com/in/shahzan-shah-b31073167
Agnieszka,,,,space3ac,agnieszka@space3.eu,https://pl.linkedin.com/in/agnieszkameller
Marc Baudy,,,,Sowee_Officiel,marc.baudy@sowee.fr,https://fr.linkedin.com/in/marcbaudy
Steve Dauphin,,,,"Southeastern Micro-Cap Financial Services Fund, LP",sdauphin@bonaventurecapital.net,https://www.linkedin.com/in/steve-dauphin-10092833
Giovanni Ciarrocca,,,,Sotheby's - Rome,g.ciarrocca@mclink.it,https://it.linkedin.com/in/giovanni-ciarrocca-84896b75
Amanda Mcintosh,,,,Slater and Gordon,amanda.mcintosh@slatergordon.co.uk,https://uk.linkedin.com/in/amanda-mcintosh-706036126
Sanjay,,,,siliconstray.com,sanjay@siliconstray.com,https://www.linkedin.com/in/sanjayparekh
Paul,,,,siliconroundabout.tech,paul@siliconroundabout.tech,
Kerry Sullivan,,,"Pro Triathlete, Entrepeneur, Speaker, coach",Self,coachks@gmail.com,https://www.linkedin.com/in/kerrysullivan22
Sam Pilkington,,,,Science Museum,sam.pilkington@sciencemuseum.ac.uk,https://uk.linkedin.com/in/pilkingtons
