name,First Name,Last Name,Job Title,Company,Email,LinkedIn
Sita Kumar,Sita,Kumar,Owner,Nalini & Co.,sita@naliniand.co,https://www.linkedin.com/in/sita-kumar-7a760658/
Chandler Point,Chandler,Point,Human Resources Business Partner,Western Extrusions Corporation,cpoint@westernextrusions.com,https://www.linkedin.com/in/chandler-point-7946bb80/
Dale Sessions,Dale,Sessions,Design Principal,Remick + Sessions Design,dale@remicksessions.com,https://www.linkedin.com/in/dale-sessions-6a42066/
Michael Doran,Michael,Doran,Co-Founder & Owner,Sourced LLC,michael@sourcedllc.com,https://www.linkedin.com/in/michaelstevendoran/
Tom Delanoy,Tom,Delanoy,Founder,Ride509,tom@ride509.com,https://www.linkedin.com/in/tom-delanoy-aba1082/
Casey Wilhelm,Casey,Wilhelm,VP of Finance and Operations,Ride509,casey@ride509.com,
Jim Woodard,Jim,Woodard,CEO,Polar Notion,jim@polarnotion.com,https://www.linkedin.com/in/jim-woodard-58088216a/
Jim Bridges,Jim,Bridges,Owner,Castle Park Holdings LLC,jim.bridges@successed.net,https://www.linkedin.com/in/jim-bridges-890126/
Julie Morris,Julie,Morris,Co-Founder & Owner,Morris Grassfed,julie@morrisgrassfed.com,https://www.linkedin.com/in/juliefiniganmorris/
Eamonn Herlihy,Eamonn,Herlihy,Owner,Herlihy Properties,eamonnherlihy@gmail.com,https://www.linkedin.com/in/eamonnherlihy/
