clientContactID,contactDataID,Email,Full Name,First Name,Last Name,LinkedIn URL from QA,"Title
from CRM","Title
from ProxyCrawl","Title
manually gotten for import to contactData",Final Title,"Company
from CRM","Company
from ProxyCrawl","Company
manually gotten for import to contactData",Final Company,Job Changed?,Job Changed?,Enriched Data Changed?,QA gave wrong URL,Correct LinkedIn URL,LinkedIn URL Final
0O1gWk1VqOkdlULYENFB,NC5yquLnI90yliYQx6Nb,tom@ride509.com,Tom Delanoy,Tom,Delanoy,,Founder,,,Founder & Director,Ride509,,,509,,,,,,https://www.linkedin.com/in/tom-delanoy-aba1082/
4qTudavZ8K2zFfQWCVd8,RAftt8fZ1M3Rv67CduVS,dale@remicksessions.com,Dale Sessions,Dale,Sessions,,Design Principal,,,Design Principal,Remick + Sessions Design,,,Remick + Sessions Design,,,,,,https://www.linkedin.com/in/dale-sessions-6a42066/
6uOU5wNZhzyp2a75O3w7,muZLFXO9RIlfkFuljPVX,jim.bridges@successed.net,Jim Bridges,Jim,Bridges,,Owner,,,President and CEO,Castle Park Holdings LLC,,,SuccessEd,,TRUE,,,,https://www.linkedin.com/in/jim-bridges-890126/
BbuXROx9dZfAFs4nZhoh,WjxBmoL9HkAtfZcHoL9f,eamonnherlihy@gmail.com,Eamonn Herlihy,Eamonn,Herlihy,,Owner,,,Owner,Herlihy Properties,,,Herlihy Properties,,,,,,https://www.linkedin.com/in/eamonnherlihy/
EZwjcBtO1ChA76a29g3f,HZexy8XbsJId6mVldFvY,sita@naliniand.co,Sita Kumar,Sita,Kumar,,Owner,,,Digital Manufacturing Engineer,Nalini & Co.,,,Earlens Corporation,,TRUE,,,,https://www.linkedin.com/in/sita-kumar-7a760658/
X5Q4HoqLBrXDQJfS3qfm,PHBNUEaoOcKmqvSTaVBP,cpoint@westernextrusions.com,Chandler Point,Chandler,Point,,Human Resources Business Partner,,,Human Resources Business Partner,Western Extrusions Corporation,,,Western Extrusions Corporation,,,,,,https://www.linkedin.com/in/chandler-point-7946bb80/
bIUGUULb0jOdeFd87ZWK,WOn4vZgt8NPmohcrIzCZ,michael@sourcedllc.com,Michael Doran,Michael,Doran,,Co-Founder & Owner,,,Partner,Sourced LLC,,,Sourced,,,,,,https://www.linkedin.com/in/michaelstevendoran/
lwL12YaW1CS1X3IHdesp,gxZtPxjQzuyyPBqodsPI,julie@morrisgrassfed.com,Julie Morris,Julie,Morris,,Co-Founder & Owner,,,Co-Founder & Owner,Morris Grassfed,,,Morris Grassfed Beef,,,,,,https://www.linkedin.com/in/juliefiniganmorris/
mkTS4jTDQVkpeQdKUdZc,LOdX30q2r1J3FRiQlJJm,jim@polarnotion.com,Jim Woodard,Jim,Woodard,,CEO,,,Chief Problem Solver,Polar Notion,,,JimWoodard.io,,TRUE,,,,https://www.linkedin.com/in/jim-woodard-58088216a/
