{
  "hosting": [
    {
      "target": "web-dashboard",
      "public": "./web-dashboard/build",
      "ignore": [
        "firebase.json",
        "**/.*",
        "**/node_modules/**"
      ],
      "predeploy": [
        "npm --prefix ./web-dashboard run build"
      ],
      "rewrites": [
        {
          "source": "**",
          "destination": "/index.html"
        }
      ]
    }
  ],
  "functions": {
    "predeploy": "npm --prefix ./functions run build",
    "source": "functions"
  },
  "emulators": {
    "functions": {
      "port": 5001
    },
    "firestore": {
      "port": 8080
    }
  }
}
