Name,Title,Account,Email,LinkedIn,LinkedIn Detected
Stephanie Gustin,,,fisher.stephaniel@gmail.com,,https://www.linkedin.com/in/stephanie-gustin-2198298/
Brooke Rossi,,,brookevrossi@gmail.com,,https://www.linkedin.com/in/brooke-rossi-b7a85973/
William Schlaff,,Bill Schlaff,william.schlaff@jefferson.edu,,https://www.linkedin.com/in/william-schlaff-88152a48/
Kristin Van Heertum,Physician,Kristin Van Heertum,k.vanheertum@gmail.com,https://www.linkedin.com/in/kristin-van-heertum-052a3010/,https://www.linkedin.com/in/kristin-van-heertum-052a3010/
Brian Levine,Practice Director,Brian Levine,blevine@ccrmny.com,https://www.linkedin.com/in/drbrianlevine/,https://www.linkedin.com/in/drbrianlevine/
Kenan Omurtag,Assistant Professor,Kenan Omurtag,omurtagk@wustl.edu,,https://www.linkedin.com/in/kenan-omurtag-md-067279165/
Nina Resetkova,Reproductive Endocrinologist,Nina Resetkova,nresetkova@bostonivf.com,https://www.linkedin.com/in/nina-resetkova-md-mba-561593119/,https://www.linkedin.com/in/nina-resetkova-md-mba-561593119/
David Heenan,,Carolinas Fertility Institute,david.heenan@conehealth.com,,https://www.linkedin.com/in/david-heenan-54735336/
Aimee Eyvazzadeh,Fertility Specialist,Aimee Eyvazzadeh,draimee@draimee.org,,https://www.linkedin.com/in/aimee-eyvazzadeh-12715932/
Jerald Goldstein,"Fertility Specialists, Reproductive Endocrinologist, Medical Director, Ivf Specialists",Eric Forman,jgoldstein@fertilitytexas.com,https://linkedin.com/in/jerald-goldstein-m-d-515a1414,https://linkedin.com/in/jerald-goldstein-m-d-515a1414
Erica Lewis,,Conceptions,erical@conceptionsrepro.com,,https://www.linkedin.com/in/erica-lewis-7089a552/
Natalie Green,,Natalie Green,ngreen@kofinas.org,,
Candy Martinez,,Albrecht,cmartinez@albrechtwomenscare.com,,https://www.linkedin.com/in/dannette-martinez/
Carol Reese,Patient Coordinator,Kristin Holoch,creese@kumc.edu,,https://www.linkedin.com/in/carol-reese-55b78460/
Kristin Holoch,,Kristin Holoch,kholoch@kumc.edu,,
Jerald Goldstein,"Fertility Specialists, Reproductive Endocrinologist, Medical Director, Ivf Specialists",Jerald Goldstein,jgoldstein@fertilitytexas.com,https://www.linkedin.com/in/jerald-goldstein-m-d-515a1414/,https://www.linkedin.com/in/jerald-goldstein-m-d-515a1414/
Anu Kathiresan,"Reproductive Endocrinology, Infertility Specialist",Anu Kathiresan,akathiresan@infertilitytexas.com,https://www.linkedin.com/in/anu-kathiresan-39bb8a83/,https://www.linkedin.com/in/anu-kathiresan-39bb8a83/
William Schoolcraft,,Colorado Center for Reproductive Medicine,bschoolcraft@colocrm.com,,
Jon Pardew,"CEO, Ccrm Management Company",Colorado Center for Reproductive Medicine,jpardew@ccrmivf.com,,https://www.linkedin.com/in/jon-pardew-3444a212a/
Sarah Barton,,Colorado Center for Reproductive Medicine,sbarton@colocrm.com,,
R. P. Dickerson,,Colorado Center for Reproductive Medicine,rdickerson@ccrmivf.com,,https://www.linkedin.com/in/rpdickerson/
Nicole Noyes,,Dr. Nicole Noyes,nnoyes01@gmail.com,,