Name,Title,Account,Email,Linkedin
Carina Boo,Software Engineering Manager,Google,carina.boo@google.com,
Alan Zhao,Growth Analytics Manager,x.ai,alan@xai.com,
Elon Musk,CEO,Tesla,elon@tesla.com,
Alan Turing,Student,"King's College, Cambridge",a.turing@cambridge.edu,
Joseph Turner,Software Engineer,Google,j.turner@google.com,
Travis Kalanick,CEO,Uber,travis@uber.com,
Greta Thunberg,Environmental Activist,We Don't Have Time,gthunberg@wdht.com,
Satya Nadella,Executive Vice-President of Cloud and Enterprise,Microsoft,s.nadella@microsoft.com,