Name,Title,Account,Email
Margie Scheetz,Customer Success Manager,PolicyPak Software,mscheetz@policypak.com
Mirjan van der Meijden,Customer Success Advisor,HowTo Hotspot,mmeijden@howtohotspot.com
Sam Smith,Senior Customer Success Specialist,Linode,ssmith@linode.com
Susan Keefe,"Senior Director, Customer Success",Oracle,skeefe@oracle.com
Will Parsons,Senior Customer Success Manager,REalyse,wparsons@realyse.com
Alix Harris,Customer Success,Icertis,aharris@icertis.com
Ankit Aggarwal,Customer Success Manager,LeadSquared,aaggarwal@leadsquared.com
Lauren Entrekin,Head of Customer Success,Essity,lentrekin@essity.com
Heather Jeffrey,"Director, Customer Success",Nicoya Lifesciences,hjeffrey@nicoyalifesciences.com
Clare Knight,Professional Services & Customer Success,Integrate,cknight@integrate.com
Alan Zhao,Software Engineer,Google,azhao@google.com
Alan Zhao,Co-Founder,"Warmly,",alan@warmlycomma.com
Max Greenwald,CEO,"Warmly,",max@warmlycomma.com