Name,Title,Account,Email Addresses,Full LinkedIn
Jeanette Rodriguez,Vendor Relations Representative,Chubb,jeanette.rodriguez@chubb.com,https://linkedin.com/in/jeanette-rodriguez-5749a49
Terry Ezell,VP Operations,Guaranty Income Life Ins Co.,terry@gilico.com,https://linkedin.com/in/terry-ezell-27166332
Shari Botelho,Director of Operations,Abstentia Solutions,shari.botelho@absentiasolutions.com,https://linkedin.com/in/shari-botelho-83538b129/
Matt Gonder,Claims Director,BerkleyNet,m.gonder@berkleynet.com,https://linkedin.com/in/matt-gonder-aic-arm-58a2a135/
Michael Lipe,"Director, Marketing Strategy",Insperity,michael.lipe@insperity.com,https://linkedin.com/in/michael-lipe-6189105b
Jeff Romback,"Deputy Director, Policy, Planning",Michigan Association Health Plans,jromback@mahp.org,https://linkedin.com/in/jeff-romback-0168815
Christine Sundell,,Michigan Association Health Plans,csundell@mahp.org,https://linkedin.com/in/christine-sundell-a920a97
Leslie Littell,Senior Utilization Management Review Nurse,COUNTRY Financial (SNL Life Group),leslie.littell@countryfinancial.com,https://linkedin.com/in/leslie-littell-04b10738
Samantha Hall,"Divisional VP, CLTC",OneAmerica,samantha.hall@oneamerica.com,https://linkedin.com/in/samanthahallcltc
Rita Holroyd,Vp-claims,Disability Insurance Specialists,rholroyd@dispec.com,https://linkedin.com/in/rita-holroyd-6a102420
Louis Brownstone,Owner,California Long-term Care insurance,louis@cltcinsurance.com,https://linkedin.com/in/louis-brownstone-56148a6
Amjed Al-Zoubi,VP Application Systems,Amerisure,aal-zoubi@amerisure.com,https://linkedin.com/in/amjedalzoubi
Joseph Pietrandrea,VP Sales,Knights of Columbus Insurance,joseph.pietrandrea@kofc.org,https://linkedin.com/in/joseph-pietrandrea-869195a
John Woerner,,Ameriprise Financial,john.woerner@ameriprise.com,https://linkedin.com/in/john-woerner-1132153
Steve Moore,Ltc Regional Director,Pacific Life,steve.moore@pacificlife.com,https://linkedin.com/in/stevemoorepl
Linda Harris,"Supervisor, Claims Administration",Pacific Life,linda.harris@pacificlife.com,https://linkedin.com/in/linda-harris-3441a353
Veronica Cressman,VP Medical Programs,ESIS,veronica.cressman@esis.com,https://linkedin.com/in/veronica-cressman-45409590
Julie Fischer,,ESIS,julie.fischer@esis.com,https://linkedin.com/in/julie-fischer-2299157/
Sara Mulick,VP Enterprise Sales,ESIS,sara_mulick@onecallcm.com,https://linkedin.com/in/sara-mulick-07115513
Brian Zoya,"SVP, Product Management",ESIS,brian_zoya@onecallcm.com,https://linkedin.com/in/brian-zoya-62079a7
Elizabeth Wade,"Assistant VP, Strategic Outcomes",ESIS,elizabeth.wade@esis.com,https://linkedin.com/in/elizabeth-liz-wade-93764611
Ross Stedman,"Manager, Group, Individual Claims",Minnesota Life (Securian),ross.stedman@securian.com,https://linkedin.com/in/ross-stedman-4020427
Judge Rissman,Assistant Analyst,Minnesota Life (Securian),judge.rissman@securian.com,https://linkedin.com/in/judgerissman
Kyle Wilson,"Ltc, Ci Product Consultant",Minnesota Life (Securian),kyle.wilson@securian.com,https://linkedin.com/in/kyleaw
Teresa Bartlett,SVP,Sedgwick Claims Management Services,teresa.bartlett@sedgwick.com,https://linkedin.com/in/teresa-bartlett-50b09986
Kristen Kirk,,NFL,kkirk@nflpb.org,https://linkedin.com/pub/kristen-kirk/59/a53/15
Chris Kay,"Senior Vice President, Chief Innovation Officer",Humana,ckay@humana.com,https://linkedin.com/in/chkay
Lewis Bertolucci,"Digital Strategy, Innovation Leader",Humana,lbertolucci@humana.com,https://linkedin.com/in/lbertolucci
Karen Lee,"Innovation, Strategic Partnerships Leader, Humana Wellness",Humana,klee@humana.com,https://linkedin.com/in/karenmichelelee
Graham McNally,"Director, Innovation",Humana,gmcnally@humana.com,https://linkedin.com/in/graham-mcnally-b399325
Elaine Boardman,"Director of Operations, Transitions Program, Humana",Humana,eboardman@humana.com,https://linkedin.com/pub/elaine-boardman/44/849/b86
James Bafaro,Innovation,State Farm,james.bafaro@statefarm.com,https://linkedin.com/in/jamesbafaro
Jessica Shull,Innovation Manager,State Farm,jessica.shull.j42r@statefarm.com,https://linkedin.com/in/jessicalynnshull
Dar Hakimi,Innovation Director,State Farm,"dar.hakimi.cqhb@statefarm.com, 'thehakimis@gmail.com",https://linkedin.com/in/dar-hakimi-9b78a030
Erin Olander,"Innovation Manager, Go-to-market",State Farm,erin.olander@statefarm.com,https://linkedin.com/in/erin-olander-4a5b2221
Russ Hoffbauer,Claims Director,State Farm,russ.hoffbauer.a30x@statefarm.com,https://linkedin.com/in/russ-hoffbauer-9bb44477
Alessandro Vigilante,"VP, Head of US West Coast Innovation Ecosystem Research",Fidelity Investments,alessandro.vigilante@fidelity.com,https://linkedin.com/in/alessandrovigilante
Michael Choo,Social Media Voice,Paradigm Corp,michael.choo@paradigmcorp.com,https://linkedin.com/in/michael-choo-md-89b3156a
Karen Delong,EA,Paradigm Corp,karen.delong@paradigmcorp.com,https://linkedin.com/in/karen-delong-bb3267a
Julie Wilkinson,VP IT,Auto-Owners Life Insurance Co.,julie.wilkinson@auto-owners.com,https://linkedin.com/in/julie-wilkinson-67a76b10/
Christopher Neal,"Claim Specialist, Disability",Ameritas,christopher.neal@ameritas.com,https://linkedin.com/in/chris-neal-a9478665
Nate Smith,Chief Innovation Officer,Woodmen Life (subsidiary Woodmen Insurance Agency),nsmith@woodmen.org,https://linkedin.com/in/nateinc/
Denise McCauley,"SVP, Operations",Woodmen Life (subsidiary Woodmen Insurance Agency),dmccauley@woodmen.org,https://linkedin.com/in/denise-mccauley-5113465
Ted Reed,,Unum,ereed@unum.com,https://linkedin.com/in/ted-reed-31276a13
Lori Whynot,"VP, Group, Individual Benefit Operations",Unum,lwhynot@unum.com,https://linkedin.com/in/lori-whynot-22429515
Steven Zabel,"President, Closed Block Operations",Unum,szabel@unum.com,https://linkedin.com/in/steven-zabel-87b5037
Michelle Bryer,Assistant VP,Unum,mbryer@unum.com,https://linkedin.com/in/michelle-bryer-685476b0
Stephanie Perry,"Director Clinical, Vocational Services",Unum,sperry@unum.com,https://linkedin.com/in/stephanie-c-perry-5aa4a427
Sonya Soule,Administrative Assistant,Unum,ssoule@unum.com,https://linkedin.com/in/sonya-soule-a9912868
Adam Auvil,"VP, Corporate Development",Bankers Life and Casualty Company (CNO Financial company),adam.auvil@cnoinc.com,https://linkedin.com/in/adam-auvil-9b645721
John Sartore,"VP, Operations",Wilton Re,jsartore@wiltonre.com,https://linkedin.com/in/john-sartore-35b26125
Karen Smyth,,Wilton Re,ksmyth@wiltonre.com,https://linkedin.com/in/karen-smyth-b572b67
Gina Besz,"Assistant VP, Claims, Process Engineering",Penn Treaty Network (Administered by TriPlus),gbesz@penntreaty.com,https://linkedin.com/in/gina-besz-65827511a
Sharon Reed,"SVP, Insurance Operations",Penn Treaty Network (Administered by TriPlus),sreed@penntreaty.com,https://linkedin.com/in/sharonreed323
Trinnia Graham,Corporate Paralegal,One Call,trinnia_graham@onecallcm.com,https://linkedin.com/in/trinnia-graham-28130150
Sara Mulick,VP Enterprise Sales,One Call,sara_mulick@onecallcm.com,https://linkedin.com/in/sara-mulick-07115513
Brian Zoya,"SVP, Product Management",One Call,brian_zoya@onecallcm.com,https://linkedin.com/in/brian-zoya-62079a7
Brandon Culp,"Director of Product Management, Home Health, Complex Care",One Call,brandon_culp@onecallcm.com,https://linkedin.com/in/brandonhculp
Kevin Glennon,"Vp-home Health, Complex Care Services",One Call,kevin_glennon@onecallcm.com,https://linkedin.com/in/kevin-glennon-97b3bb14
Kim Radcliffe,SVP Clinical Operations,One Call,kim_radcliffe@onecallcm.com,https://linkedin.com/in/kim-radcliffe-mha-pt-5255b99
Kristin Galin,"Disability Income, Long Term Care Program Manager",Massachusetts Mutl Life Ins Co (MassMutual),kgalin@massmutual.com,https://linkedin.com/in/kristin-galin-16b47b56
Devon Wallace,"Assistant VP, Life, Annuity Claims",Massachusetts Mutl Life Ins Co (MassMutual),dwallace@massmutual.com,https://linkedin.com/in/devon-wallace-2858a5a
Emmanuel Vera,Senior Disability Claims Examiner,Massachusetts Mutl Life Ins Co (MassMutual),evera@massmutual.com,https://linkedin.com/in/emmanuel-vera-10b40b20
Julie DiCesare,"Business Development Consultant, Di, Ltc Claim Consultant",Massachusetts Mutl Life Ins Co (MassMutual),jdicesare@massmutual.com,https://linkedin.com/in/julie-dicesare-7a472788
Jill Da Silva,"EA, Operations",Massachusetts Mutl Life Ins Co (MassMutual),jdasilva@massmutual.com,https://linkedin.com/in/jsdasilva
Gopika Kannan,"Assistant VP, Cognitive Solutions, Innovation Practices",Massachusetts Mutl Life Ins Co (MassMutual),gkannan@massmutual.com,https://linkedin.com/in/gopikakannan
Patrick Cieslak,Head of DI & LTC Claims,Massachusetts Mutl Life Ins Co (MassMutual),pcieslak@massmutual.com,https://linkedin.com/in/patrick-cieslak-084b042
Jessica Calabrese,Delivery Lead,Massachusetts Mutl Life Ins Co (MassMutual),jessicacalabrese@massmutual.com,https://linkedin.com/in/jessica-calabrese-25781588
Erik Ross,"Associate VP, Nationwide Ventures",Nationwide,erik.s.ross@nationwide.com,https://linkedin.com/in/esross
J Anderson,"Management Associate, Financial Leadership Rotation Program",Nationwide,andej29@nationwide.com,https://linkedin.com/in/anderjamesbrian
Jennifer Sloey,Director Innovation,Nationwide,jennifer@nationwide.com,https://linkedin.com/in/jennifer-sloey-75bbb84a
Alan Demers,"VP, Claims Innovation",Nationwide,demersa@nationwide.com,https://linkedin.com/in/alan-demers-b059b145
Amelia Gandara,"Director of Strategic Partnerships, Nationwide Ventures",Nationwide,amelia.gandara@nationwide.com,https://linkedin.com/in/ameliagandara
Crystal Wyland,"VP, Claims",Transamerica Life Insurance Company,crystal.wyland@transamerica.com,https://linkedin.com/in/crystalwyland
Tonya Ulery,"VP Claims, Customer Service",Transamerica Life Insurance Company,tonya.ulery@transamerica.com,https://linkedin.com/in/tonya-ulery-24366554
Brad Rokosh,,Transamerica Life Insurance Company,brad.rokosh@transamerica.com,https://linkedin.com/in/brad-rokosh-1377892
Sherry Scott,Senior Claims Specialist III,Transamerica Life Insurance Company,sherry.scott@transamerica.com,https://linkedin.com/in/sherry-scott-22543024
Julie Hansen,Director of Claims,Transamerica Life Insurance Company,julie.hansen@transamerica.com,https://linkedin.com/in/julie-hansen-848280a4
Andrew Pitz,Investment Manager,Transamerica Life Insurance Company,andrew.pitz@transamerica.com,https://linkedin.com/in/andrewpitz
David Hopewell,CPO,Transamerica Life Insurance Company,david.hopewell@transamerica.com,https://linkedin.com/in/david-hopewell-93b1b517
Missy Gordon,"Principal, Consulting Actuary",Milliman,missy.gordon@milliman.com,https://linkedin.com/in/missy-gordon-81624427
Robert Eaton,Consulting Actuary,Milliman,robert.eaton@milliman.com,https://linkedin.com/in/loveactuary
Julie Stillman Pearce,Director Innovative Solutions,American Enterprise Mutual Holding,julie.pearce@americanenterprise.com,https://linkedin.com/in/julie-stillman-pearce-934b9323
Julie Larson,Programmer Analyst,American Enterprise Mutual Holding,julie.larson@ae.ventures,https://linkedin.com/in/julie-larson-9928391a
Chad Zelle,"Technology Architect, AE Ventures",American Enterprise Mutual Holding,chad@ae.ventures,https://linkedin.com/in/chad-zelle-3b265b17
Jeffrey Verrill,"EVP, Principal",RGA Reinsurance Company,jverrill@saltassociates.biz,https://linkedin.com/in/jeffrey-verrill-2a30387
Anne Ingoldsby,COO,"TriPlus Services, Inc.",aingoldsby@triplusservices.com,https://linkedin.com/in/anne-ingoldsby-16ba745
Jim DuEst,CIO,"TriPlus Services, Inc.",jduest@triplusservices.com,https://linkedin.com/in/jamesduest
Jennifer Vey,AVP Claim Management,"TriPlus Services, Inc.",jvey@triplusservices.com,https://linkedin.com/in/jennifer-vey-aa602713
Linda S. Knox,"VP, the Innovation Lab, Prudential Financial",Prudential,linda.knox@prudential.com,https://linkedin.com/in/linda-s-knox-83a8a619
David Kerr,"VP, Chief Actuary, Long Term Care, Discontinued Businesses",Prudential,david.kerr@prudential.com,https://linkedin.com/in/david-kerr-625b144
Joseph Ingream,Vp-chief Claims Officer,Prudential,joseph.ingream@prudential.com,https://linkedin.com/in/joseph-ingream-45990955
John Sieb,"VP, Planning, Analysis",Prudential,john.sieb@prudential.com,https://linkedin.com/in/john-sieb-0a124815
Erin Morasco,Work Force Management Analyst,Prudential,erin.morasco@prudential.com,https://linkedin.com/in/erin-morasco-7628743
Susan Sroczyk,"Ltc Customer Specialist, Integrated Controls Unit",Prudential,susan.sroczyk@prudential.com,https://linkedin.com/in/susan-sroczyk-18479674
Rhett Wieland,Director Claim Process,Prudential,rhett.wieland@prudential.com,https://linkedin.com/in/rhettwieland
Nancy Rietveld,Director of Claims Operations,Thrivent Financial,nancy.rietveld@thrivent.com,https://linkedin.com/in/nancy-rietveld-8338158
Daniel Mead,"Compliance, Regulatory Analyst",Thrivent Financial,daniel.mead@thrivent.com,https://linkedin.com/in/danieldmead
Kristopher Quevillon,Senior Manager,Thrivent Financial,kristopher.quevillon@thrivent.com,https://linkedin.com/in/kristopher-quevillon-0b882827
Vicki Wiltgen,EA,Thrivent Financial,vicki.wiltgen@thrivent.com,https://linkedin.com/in/vicki-wiltgen-82b381a4
Dan Seyfried,"Manager, IT",Thrivent Financial,dan.seyfried@thrivent.com,https://linkedin.com/in/danielseyfried
Rebecca Freeman,Ltc Claims Consultant,Thrivent Financial,rebecca.freeman@thrivent.com,https://linkedin.com/in/rfreeman2
Lesley Broker,Senior New Business Development Specialist,Thrivent Financial,lesley.broker@thrivent.com,https://linkedin.com/in/lesley-broker-2bbb8720
Peter Koel,Director of IT,Thrivent Financial,peter.koel@thrivent.com,https://linkedin.com/in/peter-koel-4aa74480
Allie Gonnering,Associate Business Systems Analyst,Thrivent Financial,allie.gonnering@thrivent.com,https://linkedin.com/in/alliegonnering
Pete Hetland,"Director, Strategic Development",Thrivent Financial,peter.hetland@thrivent.com,https://linkedin.com/in/peter-hetland-4482a86b
Rebecca Freeman,Claims Consultant,Thrivent Financial,becky.freeman@thrivent.com,https://linkedin.com/in/rfreeman2
Paul Martin,"VP, Group Claims",Lincoln Financial Group (LFG),paul.martin@lfg.com,https://linkedin.com/in/paul-martin-91383a4b
Sharon Scanlon,"SVP, Head of Customer Experience, Retirement Plan Services",Lincoln Financial Group (LFG),sharon.scanlon@lfg.com,https://linkedin.com/in/sharon-scanlon-00847013
Christopher Sutherland,,Lincoln Financial Group (LFG),christopher.sutherland@lfg.com,https://linkedin.com/in/christopher-sutherland-8b2b38/
Alan Katzman,"AVP, Technology Strategy, Business Architecture",Lincoln Financial Group (LFG),alan.katzman@lfg.com,https://linkedin.com/in/alankatzman
Russell Laws,"AVP, Claims",Lincoln Financial Group (LFG),russell.laws@lfg.com,https://linkedin.com/in/russell-laws-766090b2
Kerry Scarbrough,EA,Lincoln Financial Group (LFG),kerry.scarbrough@lfg.com,https://linkedin.com/in/kerry-scarbrough-469568b
Cynthia Ehret,Director,Lincoln Financial Group (LFG),cynthia.ehret@lfg.com,https://linkedin.com/in/cynthia-ehret-86596831
Rita Bennett,Senior Consultant,Lincoln Financial Group (LFG),rita.bennett@lfg.com,https://linkedin.com/in/rita-bennett-32bb247
Diane Nemphos,"Portfolio Relationship Manager, Business Technology, Optimization",Lincoln Financial Group (LFG),diane.nemphos@lfg.com,https://linkedin.com/in/diane-nemphos-5b7b8414
Carolyn McGovern,"VP, Claims, Beneficiary Care",Lincoln Financial Group (LFG),carolyn.mcgovern@lfg.com,https://linkedin.com/in/carolynmcgovern
Steve Schoonveld,Head of Linked Benefit Product Solutions,Lincoln Financial Group (LFG),steve.schoonveld@lfg.com,https://linkedin.com/in/sschoonveld
Andrew Gibson,"VP Claims, Benefit Solutions",Mutual of Omaha,andrew.gibson@mutualofomaha.com,https://linkedin.com/in/andrew-gibson-39088a4a
Brian Poppe,"SVP, Departing Well Solutions",Mutual of Omaha,brian.poppe@mutualofomaha.com,https://linkedin.com/in/bpoppe
Brian Etta,Financial Advisor,Mutual of Omaha,brian.etta@mutualofomaha.com,https://linkedin.com/in/brianetta
Chandra Coleman,"VP, Actuary Data Analytics",Mutual of Omaha,chandra.coleman@mutualofomaha.com,https://linkedin.com/in/chandra-coleman-8113b917
Dan Gibbons,"Director, Individual Claims",Mutual of Omaha,dan.gibbons@mutualofomaha.com,https://linkedin.com/in/dan-gibbons-65722425
Julie Bard-McConahay,"Director, Individual Life, Health Claims",Mutual of Omaha,julie.bard-mcconahay@mutualofomaha.com,https://linkedin.com/in/julie-bard-mcconahay-29131224
Lisa Roush,Senior Business System Consultant,Mutual of Omaha,lisa.roush@mutualofomaha.com,https://linkedin.com/in/lisa-roush-9443b813
Aaron Smallwood,Underwriting Support Supervisor,Mutual of Omaha,aaron.smallwood@mutualofomaha.com,https://linkedin.com/in/aaron-smallwood-5b933747
Niki Manby,Chief Innovation Officer,Mutual of Omaha,niki.manby@mutualofomaha.com,https://linkedin.com/in/nikimanby
Crystal Tschirren,Senior Administrative Assistant,Mutual of Omaha,crystal.tschirren@mutualofomaha.com,https://linkedin.com/in/crystaltschirren
Che Elwell,"Assistant VP, Long-term Care Systems",John Hancock Financial Services,celwell@jhancock.com,https://linkedin.com/in/cheelwell
Michele Audet,Special Project Lead -wellness Initiative,John Hancock Financial Services,maudet@johnhancock.com,https://linkedin.com/in/micheleaudet
Rob Stanley,"VP Sales Operations, Infrastructure",John Hancock Financial Services,rstanley@jhancock.com,https://linkedin.com/in/roberttstanley
Vishwa Kolla,"AVP, Head of Advanced Analytics",John Hancock Financial Services,vkolla@jhancock.com,https://linkedin.com/in/vishwakolla
Matthew Gabriel,Experienced Life Insurance Professional Focused on Innovative Product Solutions,John Hancock Financial Services,mgabriel@jhancock.com,https://linkedin.com/in/matthew-gabriel-fsa-maaa-964b004
Cristina Sergi Knellinger,"Head of Strategic Partnerships, Alliances",John Hancock Financial Services,cristina.knellinger@johnhancock.com,https://linkedin.com/in/csknellinger
Cristina Knellinger,"Head of Strategic Partnerships, Alliances",John Hancock Financial Services,cknellinger@jhancock.com,https://linkedin.com/in/csknellinger
Janell Davis,"EA Aiming, Professional Growth",John Hancock Financial Services,jdavis@jhancock.com,https://linkedin.com/in/janell-davis-2842168/de
Amie Crawford,Benefits Consultant,John Hancock Financial Services,acrawford@jhancock.com,https://linkedin.com/in/amielabellacrawford/
Mary DeGurski,Director Clinical Thought Leadership,John Hancock Financial Services,mdegurski@jhancock.com,https://linkedin.com/in/mary-degurski-33a98066
Peter Burke,Assistant VP,John Hancock Financial Services,pburke@jhancock.com,https://linkedin.com/in/peter-burke-4b53a15
Julie Belknap,Assistant VP Product Management,The Continental Insurance,julie.belknap@continental-ins.com,https://linkedin.com/in/julie-belknap-asa-maaa-411739111
Travis Simpson,VP Operations,The Continental Insurance,travis.simpson@continental-ins.com,https://linkedin.com/in/travis-simpson-ab660b23
Patricia Nunez,"Director, Claim Supply Management Office",CNA - Workers Comp,patricia.nunez@cna.com,https://linkedin.com/in/patricia-nunez-93bb7a3b
Debbie Kane,VP,CNA - Workers Comp,debra.kane@cna.com,https://linkedin.com/in/debbie-kane-41534616
Rhett Wieland,Director Ltc Claims,Capgemini,rhett.wieland@capgemini.com,https://linkedin.com/in/rhettwieland
Anup Kumar,SAP Mm Consultant,Capgemini,anup.kumar@capgemini.com,https://linkedin.com/in/anup-kumar-8aa18834
Aashish Jain,"Director, Insurance Bps",Capgemini,aashish.jain@capgemini.com,https://linkedin.com/in/aashish3000
Umesh Chandorkar,"VP, Head of IT, Ibas",Capgemini,umesh.chandorkar@capgemini.com,https://linkedin.com/in/umesh-chandorkar-a237722
Varun Singh,Consultant,Capgemini,varun.a.singh@capgemini.com,https://linkedin.com/in/varun-singh-a7879b97
Anup Kumar,"President, Chcs Services Inc, Global Head Insurance Business Services",Capgemini,anup.f.kumar@capgemini.com,https://linkedin.com/in/anupkumar0612
Bill Prouty,Member,Equitable Life & Causality Insurance Company,bill.prouty@equilife.com,https://linkedin.com/in/bill-prouty-b951171
Gregory Wilcox,Actuarial Analyst,Equitable Life & Causality Insurance Company,gregory.wilcox@equilife.com,https://linkedin.com/in/gregory-wilcox-07a76a88
Jose Brito,Director of Underwriting,Equitable Life & Causality Insurance Company,jose.brito@equilife.com,https://linkedin.com/in/jose-brito-a39b2931
Isaac Muir,Quality Assurance Manager,Equitable Life & Causality Insurance Company,isaac.muir@equilife.com,https://linkedin.com/in/isaac-muir-174a319b
Tristen Gaertner,Intake Operations Manager,Equitable Life & Causality Insurance Company,tristen.gaertner@equilife.com,https://linkedin.com/in/tristen-gaertner-79b60913a
Tena Krouse,"Innovation, Strategy",Genworth,tena.krouse@genworth.com,https://linkedin.com/in/tenakrouse
Chana Unger,Regional VP Long Term Care (Sales side),Genworth,chana.unger@genworth.com,https://linkedin.com/in/chanaunger
John Belic,"Director, Product Design, Innovation",Genworth,john.belic@genworth.com,https://linkedin.com/in/john-belic-6a89973
Michelle Hill,Director Long Term Care Claims,Genworth,michelle.hill@genworth.com,https://linkedin.com/in/michelle-hill-39241011
Dennis Ingersoll,Director of Claims,Genworth,dennis.ingersoll@genworth.com,https://linkedin.com/in/dennis-ingersoll-558a743
Mark Beagle,,Genworth,mark.beagle@genworth.com,https://linkedin.com/in/mark-beagle/17/a0b/175
Bonnie Sykes,"Director, Sourcing",Genworth,bonnie.sykes@genworth.com,https://linkedin.com/in/bonniesykes
Gajapathi Kannan,"Carescout, Business CIO",Genworth,gajapathi.kannan@genworth.com,https://linkedin.com/in/gajak
Leonard Savini,"VP, Long Term Care Claims",Genworth,leonard.savini@genworth.com,https://linkedin.com/in/leonard-len-savini-6564b44
Moet Rokas,,Genworth,mrokas@carescout.com,https://linkedin.com/in/moetrokas/
Karen Crowe,Operations Analyst,Genworth,kcrowe@carescout.com,https://linkedin.com/in/karen-crowe-0aab7520/
Hannah Plasker,Client Service Specialist,Genworth,hplasker@carescout.com,https://linkedin.com/in/hannah-plasker-2a3b7674/
Christine Albrittain,Business Leader,Genworth,calbrittain@carescout.com,https://linkedin.com/in/christinealbrittain
Allison Kusel,Adjudication Leader,Genworth,allison.kusel@genworth.com,https://linkedin.com/in/allison-kusel-1a14569b
Caroline Howard,Benefits Analyst,Genworth,caroline.howard@genworth.com,https://linkedin.com/in/caroline-howard-2aaa1b4b
Nick ,"Senior Product Manager, Banyan Labs",Northwestern Mutual,nickwichert@northwesternmutual.com,https://linkedin.com/in/nwichert/
Kris Vanderkooy,Assistant Medical Director,Northwestern Mutual,krisvanderkooy@northwesternmutual.com,https://linkedin.com/in/kris-vanderkooy-md-flmi-aa751b122
Jon Mcelhaney,"Assistant Director, Ltc Claims",Northwestern Mutual,jonmcelhaney@northwesternmutual.com,https://linkedin.com/in/jon-mcelhaney-bb49a812
Wayne Heidenreich,Medical Director,Northwestern Mutual,wayneheidenreich@northwesternmutual.com,https://linkedin.com/in/wayne-heidenreich-73a1668
Lisa Parker,"VP Di, Ltc Claims",Northwestern Mutual,lisaparker@northwesternmutual.com,https://linkedin.com/in/lisa-parker-14284653
Michelle Landowski,"Enterprise Vendor, Alliance Management Consultant",Northwestern Mutual,michellelandowski@northwesternmutual.com,https://linkedin.com/in/michelle-landowski-cpsm-b717887
Mark Batsiyan,Partner,Northwestern Mutual,markbatsiyan@northwesternmutual.com,https://linkedin.com/in/markbatsiyan
Karen Helland,Claims Analyst,Northwestern Mutual,karenhelland@northwesternmutual.com,https://linkedin.com/in/karen-helland-b3508589
Richard Gergasko,"President, CEO",Texas Mutual Insurance,rgergasko@texasmutual.com,https://linkedin.com/in/richard-gergasko-b7437213
Jeanette Ward,COO,Texas Mutual Insurance,jward@texasmutual.com,https://linkedin.com/in/jeanette-ward-9004189
Jeffrey Stewart,Consultant,Texas Mutual Insurance,jstewart@texasmutual.com,https://linkedin.com/in/jeffrey-stewart-abaa4311
Jessica Tubbs,"Senior Manager Network, Medical Operations",Texas Mutual Insurance,jtubbs@texasmutual.com,https://linkedin.com/in/jessica-tubbs-37962388
Peter LaPlaca,"Experienced Leader in Claims, Business Intelligence, Operations",CNA LTC,peter.laplaca@cna.com,https://linkedin.com/in/peter-laplaca
John Palmer,"VP Operations, Vendor Management",CNA LTC,john.palmer@cna.com,https://linkedin.com/in/john-palmer-7b42667
Charles Jenkins,Long Term Care Insurance Claims Manager,CNA LTC,charles.jenkins@cna.com,https://linkedin.com/in/charles-jenkins-28541283
David Perry,SVP,CNA LTC,david.perry@cna.com,https://linkedin.com/in/david-perry-54268813
James (Jamie) Lust,VP,CNA LTC,james.lust@cna.com,https://linkedin.com/in/jamie-lust-27b0872
Micki Lockard,Long Term Care Claim Manager,CNA LTC,micki.lockard@cna.com,https://linkedin.com/in/micki-lockard-7622ba39
Colleen Broomhead,"Director of Claim Process, Innovation",CNA LTC,colleen.broomhead@cna.com,https://linkedin.com/in/colleen-broomhead-80ab00123
Jamie Rhimer,Ltc Claims Specialist,CNA LTC,jamie.rhimer@cna.com,https://linkedin.com/in/jamie-rhimer-6b6b75b6
Brandon Davis,"Corporate Spokesperson, Director of PR, Corporate Social Responsibility",CNA LTC,brandon.davis@cna.com,https://linkedin.com/in/brandonalandavis
Kristen Demshock,Clinical Services Specialist,CNA LTC,kristen.demshock@cna.com,https://linkedin.com/in/kristen-demshock-rn-msn-29260763
David Grashof,Data Analytics Consultant,CNA LTC,david.grashof@cna.com,https://linkedin.com/in/david-grashof-28093b51
Rachael Neill,Ltc Claim Manager,CNA LTC,rachael.neill@cna.com,https://linkedin.com/in/rachael-neill-2803a083
Raissa Correa,"PR, Corporate Social Responsibility Consultant",CNA LTC,raissa.correa@cna.com,https://linkedin.com/in/raissagcorrea
Debbie Kane,VP,CNA LTC,debra.kane@cna.com,https://linkedin.com/in/debbie-kane-41534616
Paula Johnson,"Director, Care Management Operations",CNA LTC,paula.johnson@ltcg.com,https://linkedin.com/in/paula-johnson-4a535512
Terry Fitzsimmons,Operations Manager,CNA LTC,terry.fitzsimmons@ltcg.com,https://linkedin.com/in/terry-fitzsimmons-15857115
Jennifer Frost,Provider Network Manager,CNA LTC,jennifer.frost@ltcg.com,https://linkedin.com/in/jennifer-frost-19121731
Chad Bellin,"SVP Operations, Claims",CNA LTC,chad.bellin@ltcg.com,https://linkedin.com/in/chad-bellin-229aa56
Leena Johns,"VP, Global Healthcare, Head of Health, Wellness",MetLife,ljohns@metlife.com,https://linkedin.com/in/leena-johns-223b939
Tom Sarnese,"VP, Long Term Care",MetLife,tsarnese@metlife.com,https://linkedin.com/in/tomsarnese
Mike Convery,Chief Claim Offiicer,MetLife,mconvery@metlife.com,https://linkedin.com/in/mike-convery-4a662446
Cliff Jefferson,"VP, Global Claim Operations",MetLife,cjefferson@metlife.com,https://linkedin.com/in/cliff-jefferson-6bb4906
John Bungert,AVP of Innovation,MetLife,jbungert@metlife.com,https://linkedin.com/in/johnbungert5th
Holly Taylor,Innovation Analyst,MetLife,holly.taylor@metlife.com,https://linkedin.com/in/hollytayloresq
Jordan Buckler,Innovation Consultant,MetLife,jordan.buckler@metlife.com,https://linkedin.com/in/jordanbuckler
Brandon Battey,Metrics Analyst,MetLife,bbattey@metlife.com,https://linkedin.com/in/brandonbattey
Robert Simon,Underwriter,MetLife,rsimon1@metlife.com,https://linkedin.com/in/robert-simon-8592bb1a
Megan Laudando,Manager-long Term Care Claims,MetLife,mlaudando@metlife.com,https://linkedin.com/in/megan-laudando-71b65497
Esther Lee,EVP Global CMO,MetLife,esther-j.lee@metlife.com,https://linkedin.com/in/esther-lee-a82baa11b
Danielle Garver,"Director, Innovation",MetLife,danielle.garver1@metlife.com,https://linkedin.com/in/danielle-garver-39a1b134
Kathy Monroe,"Archer Admin, IT Risk, Security Consultant",MetLife,kpmonroe@metlife.com,https://linkedin.com/in/kathy-monroe-1681837
Patty Procknow,"Senior, Lead, Principal Architect",MetLife,pprocknow@metlife.com,https://linkedin.com/in/patty-procknow-ab88306
John Trott,Senior Compliance Consultant,MetLife,jtrott@metlife.com,https://linkedin.com/in/john-trott-5a27b613
Deborah Johnson,Insurance Agent,MetLife,djohnson4@metlife.com,https://linkedin.com/in/deborah-johnson-31b7ba9b
Selena Singleton,Nyl Ventures,New York Life,selena_n_singleton@nylim.com,https://linkedin.com/in/selena-singleton-10759416
Sean Madgett,"Director, New York Life Ventures",New York Life,sean_madgett@newyorklife.com,https://linkedin.com/in/sean-madgett-96053549
Deneb Shah,"Enterprise Strategy, Business Planning",New York Life,deneb_d_shah@newyorklife.com,https://linkedin.com/in/denebshah
Paul Kauffman,Director of Medical Programs,Accident Fund,paul.kauffman@accidentfund.com,https://linkedin.com/in/paul-kauffman-67856712
Jeffrey Verrill,"EVP, Principal",SALT,jverrill@saltassociates.biz,https://linkedin.com/in/jeffrey-verrill-2a30387
Mark Rieder,Head of Innovation,NFP,mrieder@nfp.com,https://linkedin.com/in/mark-rieder-61ab079
Tom Riekse,Managing Partner,NFP,tom.rieksejr@ltcipartners.com,https://linkedin.com/in/tom-riekse-sr-16a15512
Steve Cain,"Director, Sales, Business Development Leader",NFP,steve.cain@ltcipartners.com,https://linkedin.com/in/stevenmcain
Colleen Cunningham,EA,NFP,colleen.cunningham@nfp.com,https://linkedin.com/in/colleen-cunningham-48658140
Shawn Ellis,"Managing Director, Nfp Ventures",NFP,shawn.ellis@nfp.com,https://linkedin.com/in/shawn-ellis
Heidi Tijerina,Administrative Assistant,NFP,heidi.tijerina@nfp.com,https://linkedin.com/in/heidi-tijerina-874a9646/zh-cn
Tina Neuendorf,SVP Client Services,NFP,tina.neuendorf@nfp.com,https://linkedin.com/in/tinaneuendorf
Michael Walsh,"Co-founder, CEO",Cariloop,mwalsh@cariloop.com,https://linkedin.com/in/walshmichaelr
Jeryn Laengrich,"Chief Service Officer, SVP",Cariloop,jlaengrich@cariloop.com,https://linkedin.com/in/jeryn-laengrich-46b6628
Steven Theesfeld,"Manager, Quality Improvement",Cariloop,stheesfeld@cariloop.com,https://linkedin.com/in/steventheesfeld
Matthew Capell,"SVP, GM Provider Solutions",LTCG,matthew.capell@ltcg.com,https://linkedin.com/in/matthewcapell
Chad Bellin,"SVP Operations, Claims",LTCG,chad.bellin@ltcg.com,https://linkedin.com/in/chad-bellin-229aa56
Jennifer Frost,Provider Network Manager,LTCG,jennifer.frost@ltcg.com,https://linkedin.com/in/jennifer-frost-19121731
Steve Vandegrift,CEO,LTCG,steve@pipelinesuccess.com,https://linkedin.com/in/stevevandegrift
James Smith,"Manager Enterprise Security, Risk Management",LTCG,james.smith@ltcg.com,https://linkedin.com/in/james-smith-81835010
Gina Owens,"Manager, Operations Services",LifeSecure Insurance Co.,gowens@yourlifesecure.com,https://linkedin.com/in/gina-owens-9b324759
Marc Glickman,"Chief Sales Officer, Fsa, Cltc, Ltcp",LifeCare Assurance,marc.glickman@lifecareassurance.com,https://linkedin.com/in/marcglickman
Garrett Mills,Senior Claims Adjuster,LifeCare Assurance,garrett.mills@lifecareassurance.com,https://linkedin.com/in/garrett-mills-718934101
Christine Albrittain,Business Leader,Carescout,calbrittain@carescout.com,https://linkedin.com/in/christinealbrittain
Karen Crowe,Operations Analyst,Carescout,kcrowe@carescout.com,https://linkedin.com/in/karen-crowe-0aab7520/
Denise Liston,SVP,LifePlans (acquired by LTCG),dliston@lifeplansinc.com,https://linkedin.com/in/denise-liston-88ba63
Felicia Ryan,Health and Wellness Coach & Program Assistant,LifePlans (acquired by LTCG),fryan@lifeplansinc.com,https://linkedin.com/in/bodywisecoaching
Judy Nolet,Ltc Claims Examiner,LifePlans (acquired by LTCG),jnolet@lifeplansinc.com,https://linkedin.com/in/judy-nolet-a3608013