Name,Title,Account,Email
Max Greenwald,CEO,"Warmly,",1@gmail.com
Joseph Turner,Software Engineer,Google,2@gmail.com
Carina Boo,Software Engineer Manager,Google,3@gmail.com
Val Yermakova, Designer, Google,4@gmail.com
Xi (Richard) Lin,Software Engineer,540,5@gmail.com
Paula Guardans,Junior Project Manager,"""la Caixa""",6@gmail.com
Deborah Chang,Founder and Executive Director,#NYCEDU,7@gmail.com
Conor Collins,Technical Recruiter/Human Resource Group/Administrative Support/Business Development Support,"1 Source, Inc.",8@gmail.com
Will Gold,President,100 Capital Partners,9@gmail.com
Julian Helguero-Kelley,Product Manager,1010data,10@gmail.com
Lance Cook,Student Worker,12th Man Productions,11@gmail.com
Carlyn Greenwald,Development Intern/Assistant,141 Entertainment,12@gmail.com
Justin Koufopoulos,Product Lead,18F,13@gmail.com
Stelios Hatzakis,Managing Partner,1BusinessWorld,14@gmail.com
Brooke Hammarskjold,"Strategy Specialist, New & Custom",1stdibs.com,15@gmail.com
Madeleine Schloetter,Associate Program Manager,23andMe,16@gmail.com
Jack Gearon,Associate,28th Street Ventures,17@gmail.com
Maryann Chan,Brand Marketing Manager,2U,18@gmail.com
Robert 'Robbie' Bouschery,Entrepreneur In Residence,360VIER - Marken- & Digitalagentur,19@gmail.com
William Kittler,Research Assistant,"3D Audio and Applied Acoustics (3D3A) Laboratory, Princeton University",20@gmail.com
Cullen Hilkene,CEO,3Diligent,21@gmail.com
Manas Bajaj,MBA Intern,3i Group plc,22@gmail.com
"Nathan Schlaffer, MBA",Product Marketing Manager,3PL Central,23@gmail.com
Vikas Meka,Senior Product Manager,3rd Stone Design Inc.,24@gmail.com
Jay Jeon,Trader,3Red Trading,25@gmail.com
Sean Kolk,Hardware Engineering Project Lead,3Scan,26@gmail.com
Remy Merritt,Director Of Operations,4505 Meats,27@gmail.com
Hannah Sanders,"Music Management, Digital Marketing & Social Media Intern",4th Level Group,28@gmail.com
Maria Olsen,Author & Public Speaker,50 After 50�Reframing the Next Chapter of Your Life,29@gmail.com
David Yen Jr,Self Employed,506 sports,30@gmail.com
JUAN CARLOS CISNEROS LORDUY,Regional Director Of Business Development,7G GENERATION NETWORKS - Cistel Telecomunicaciones,31@gmail.com
Jordan Sale,Founder & CEO,81cents,32@gmail.com
Lena Rutherford,Data Scientist,84.51�,33@gmail.com
Jeff Hara,Enterprise Sales Manager,84codes,34@gmail.com
Kenneth Law,"Director, Quality & Customer Experience",8x8,35@gmail.com
Marilyn Agbeko Narh,Product,98point6 Inc.,36@gmail.com
Michael Chang,"Executive Assistant, Head of Film/TV",A-Major Media,37@gmail.com
Alexander Rose,Principal Attorney,A. Rose Law Firm,38@gmail.com
Max A. Greenwald,Counsel,A24,39@gmail.com
Alexei Divnov,Partner,AA Customs,40@gmail.com
"Aaron Feinberg MS, PCC",Principal,Aaron Feinberg Consulting,41@gmail.com
Aaron Weil,"Product Designer (UX/UI/R), Consultant",Aaron Weil Experience Design Consulting,42@gmail.com
Gauri Razdan,Technical Recruiting Manager,"Ab Ovo, Inc.",43@gmail.com
Dylan Macalinao,"Co-Founder, Head of Product",Abacus,44@gmail.com
Calvin Dorsey,Intern with Health Economics and Outcomes Research,AbbVie,45@gmail.com
Dennis Liu,Analytical Lead,ABL Inc.,46@gmail.com
Chelsea Goodman,President & Career Elevation Officer,About Jobs Resume Writing & Career Management,47@gmail.com
Justin M. Chitla,Product Manager,Abrigo,48@gmail.com
Randeep Kullar,Director of Academic Partnerships,Academic Internship Council | CIEE,49@gmail.com
Angie Cho,Development Associate,Acadia Realty Trust,50@gmail.com
Ben Quazzo,Venture & Growth,Accel,51@gmail.com
Sarah Du,Campus Ambassador,Accelerated,52@gmail.com
Yudith Lopez,Management Consulting Analyst,Accenture,53@gmail.com
Isabel Hetherington,Consulting Senior Analyst,Accenture,54@gmail.com
James Callison,Management Consultant - Public Service Practice,Accenture,55@gmail.com
Joshua Haberman,Business Strategy Consultant,Accenture,56@gmail.com
May Chen,Incoming Infrastructure Advisory Analyst,Accenture,57@gmail.com
Pranav Sheth,Consulting Analyst,Accenture,58@gmail.com
Rachna Parikh,Incoming Security Analyst,Accenture,59@gmail.com
James Cha,Management Consultant,Accenture,60@gmail.com
Oliviero Figus,Technology Strategy Consultant,Accenture,61@gmail.com
David Golden,"Business Strategy Consultant - Mergers & Acquisitions, Global Strategy",Accenture,62@gmail.com
Daniela Mazzotta,CX Go to Market Lead - Europe,Accenture,63@gmail.com
Alp Mimaroglu,Senior Manager,Accenture,64@gmail.com
rashami jadhav,Recruitment Co-ordinator,Accenture,65@gmail.com
Praneet Raj,Senior Manager,Accenture,66@gmail.com