Name,Company,Title,Email,LinkedIn,LinkedIn Detected,Country,Region,City,Signed up (PDT),Last seen (PDT),Days active since signed up
Liv Monck-Whipp,,,liv.monck.whipp@gmail.com,,,Canada,Ontario,Toronto,2016-02-07 10:27:46,2020-02-16 14:16:38,1470.16
Shelly Sakiyama-Elbert,,,shelly.sakiyama@gmail.com,,,United States,,,2016-03-17 8:25:42,2020-02-10 7:26:23,1424.96
Ivo Stružinský (Delltar),,,delltar@gmail.com,,,Czechia,Hlavni mesto Praha,Prague,2016-03-20 14:45:55,2020-02-11 16:09:23,1423.06
Elizar Estates Group,,,elizarestatesgroup@gmail.com,,,Canada,Alberta,Cochrane,2016-05-19 19:30:46,2020-02-06 13:11:07,1357.74
Yutaka Fukui,,,yutaka.fukui@gmail.com,,,Japan,Tokyo,Sumida,2016-07-05 7:34:51,2020-02-03 16:28:00,1308.37
加藤雄一郎,,,kato.yuuichiro@gmail.com,,,Japan,Kanagawa,Kawasaki,2016-07-04 16:35:26,2020-01-22 15:42:21,1296.96
yasuhiro nakano (yassai),,,yapeck@gmail.com,,,Japan,Tokyo,Komaba,2016-07-15 6:50:49,2020-01-31 22:27:44,1295.65
Natalie Hall,,,natalierosalinda@gmail.com,,,United States,California,El Cajon,2016-08-29 15:30:50,2020-02-15 23:42:07,1265.34
Chris Dunne,,,chrdunne@gmail.com,,,Ireland,Leinster,Dublin,2016-09-12 23:26:28,2020-01-27 12:32:12,1231.55
BlackBolt_,,,omega956@gmail.com,,,United Kingdom,Northern Ireland,Omagh,2017-11-25 18:57:23,2020-03-28 6:11:15,853.47
Teddi Plumley,,,teddi.plumley@gmail.com,,,United States,Maine,Buxton,2017-11-25 19:45:48,2020-02-23 13:33:22,819.74
Hussein Ali,,,hussein3712@gmail.com,,,Iraq,Baghdad,Baghdad,2018-05-17 2:39:52,2020-03-25 10:17:29,678.32
Ash Haque,,,ashhaque@gmail.com,,,Canada,Alberta,Calgary,2018-04-21 0:06:29,2020-01-14 16:08:41,633.67
Steven Winkelman,,,steven@stevenrwinkelman.com,,,United States,New York,New York,2018-07-12 12:15:48,2020-02-12 5:21:55,579.71
Emiliano Colonna,,,emiliano.colonna@fabricaprogetti.it,,,Italy,Tuscany,Florence,2018-11-06 23:27:21,2020-03-24 4:02:43,503.19
Martha chen,,,emujunxi@gmail.com,,,China,Shanghai,Shanghai,2018-10-25 4:28:39,2020-02-27 5:08:07,490.03
Giselle Tang,,,giselletang223@gmail.com,,,Singapore,,Singapore,2018-10-28 23:42:37,2020-02-10 3:21:02,469.15
Julia Barbosa,,,juliabarbosa@outlook.com,,,Brazil,Sao Paulo,Barueri,2019-02-17 9:33:47,2020-02-25 3:20:25,372.74
Hiroyuki Taira,,,komadodayo@gmail.com,,,Japan,Hokkaido,Tomakomai,2019-03-24 7:50:02,2020-03-08 6:38:29,349.95
Oshine Najarian,,,oshine@oshine.com,,,United States,Georgia,Atlanta,2019-02-18 17:06:52,2020-02-03 12:10:43,349.79
Karen Sørensen,,,karensorens@gmail.com,,,Denmark,Capital Region,Fredensborg,2019-02-25 5:44:56,2020-02-01 14:31:49,341.37
Monimar Mancillas,,,monica.mancillas2002@gmail.com,,,United States,North Carolina,Raleigh,2019-03-31 18:08:59,2020-03-04 8:43:22,338.61
Ky Rad,,,myappadder@gmail.com,,,United States,Michigan,Allen Park,2019-03-25 22:47:11,2020-02-17 15:02:56,328.68
David Zuniga,,,davidzuniga3@gmail.com,,,United States,Oregon,Beaverton,2019-05-03 9:35:49,2020-03-16 17:32:56,318.33
Dylan Trimble,,,dylanjt19@gmail.com,,,United States,Ohio,Port Clinton,2019-03-23 4:58:27,2020-01-14 13:23:28,297.35
Sam Wilson,,,200wilson@gmail.com,,,India,Maharashtra,Mumbai,2019-07-11 16:50:55,2020-03-27 8:57:00,259.67
Chris Cooler,,,westwind898@gmail.com,,,United States,Montana,Lewistown,2019-06-22 20:35:23,2020-03-04 20:02:30,255.98
Christopher Morris,,,morris93@bu.edu,,,United States,New York,Larchmont,2019-06-13 11:12:07,2020-02-23 12:40:56,255.06
Daichi Ito,,,daichi.ito@buzzfeed.com,,,Japan,Tokyo,Shinjuku,2019-05-16 18:28:00,2020-01-24 1:14:06,252.28
Raj Roy,,,rajritu.roy@gmail.com,,,India,Karnataka,Bengaluru,2019-07-02 22:16:06,2020-03-01 11:17:31,242.54
TSUYOSHI KOIZUMI,,,collaborizm@gmail.com,,,Japan,Tokyo,Nerima,2019-07-16 10:19:34,2020-02-24 19:32:18,223.38
JairoSuse Linux,,,jairosuse.linux@gmail.com,,,Mexico,Nuevo León,Guadalupe,2019-08-15 14:19:37,2020-03-22 16:07:02,220.07
Beatrice Leung,,,b@beatriceleung.com,,,United States,Colorado,Denver,2019-06-24 11:55:40,2020-01-09 8:59:31,198.88
"Brown, Kelly L",,,kelly.l.brown@delta.com,,,United States,,,2019-09-23 12:42:43,2020-03-25 6:13:22,183.73
S G (S_LG),,,leanngomel@gmail.com,,,United States,Texas,Stafford,2019-09-22 19:23:19,2020-03-23 19:31:42,183.01
Molly Hyland,,,mollyhyland15@gmail.com,,,United States,Massachusetts,Fall River,2019-10-07 10:52:29,2020-03-24 14:08:37,169.14
Esma Orhan,,,esma_orhan@hotmail.com,,,Netherlands,South Holland,Bergschenhoek,2019-09-07 0:10:37,2020-02-16 0:42:35,162.02
HeyitzChloe,,,itzchloetan@gmail.com,,,Singapore,,Singapore,2019-09-24 20:47:56,2020-02-25 2:44:17,153.25
Swetha A,,,swetha.nexus7@gmail.com,,,United States,Oklahoma,Broken Arrow,2019-10-29 13:51:21,2020-03-22 18:58:55,145.21
Lilyann Gunter,,,lilyann.gunter@student.brookfieldacademy.org,,,United States,Wisconsin,Milwaukee,2019-10-28 15:05:30,2020-03-09 7:28:31,132.68
Erin Joelle Giles,,,egiles1@email.arizona.edu,,,United States,Arizona,Tucson,2019-09-18 1:01:41,2020-01-27 13:09:56,131.51
Taya Bregant,,,taya.bregant@gmail.com,,,Slovenia,Piran,Portorož,2020-01-04 2:33:51,2020-03-24 2:09:37,79.98
Euan Kerr,,,euan@spacestudios.org.uk,,,United Kingdom,England,Croydon,2020-01-09 3:12:10,2020-03-28 12:58:16,79.41
K Kucherova,,,kucherova.k7@gmail.com,,,Russia,St.-Petersburg,St Petersburg,2020-01-09 0:07:55,2020-03-28 6:06:07,79.25
Earl Nevshirt,,,nevsweatshirt@gmail.com,,,United Kingdom,England,,2020-01-06 9:21:29,2020-03-25 13:42:32,79.18
Kashmira George,,,georgekashmira@gmail.com,,,Malaysia,Kuala Lumpur,Kuala Lumpur,2020-01-09 2:08:41,2020-03-28 4:19:49,79.09
Hermann Hermannsson,,,hermann@fsn.is,,,Iceland,Capital Region,Reykjavik,2020-01-09 3:50:30,2020-03-28 2:50:17,78.96
Tiffany Bui,,,tbui@mndaily.com,,,United States,Minnesota,Minneapolis,2020-01-08 19:35:15,2020-03-27 11:59:48,78.68
Daniel Elix,,,danielelix96@gmail.com,,,Australia,South Australia,Adelaide,2020-01-09 14:53:14,2020-03-28 2:34:45,78.49
Beth Ann Kushner,,,bk2df@virginia.edu,,,United States,Virginia,Charlottesville,2020-01-09 6:42:36,2020-03-27 16:02:38,78.39
Dayane Prim,,,dayane@performme.com.br,,,Brazil,Santa Catarina,Joinville,2020-01-10 3:44:34,2020-03-28 12:16:51,78.36
Alyxandra Kuykendoll,,,alyxandra.kuykendoll98@k12.leanderisd.org,,,United States,Texas,Cedar Park,2020-01-09 10:00:49,2020-03-27 18:26:19,78.35
林跳你,,,lintiaoni@gmail.com,,,Canada,Alberta,Red Deer,2020-01-08 14:00:32,2020-03-26 13:08:39,77.96
"Trimble, Jennifer Winifred",,,jwtrimble@oeb.harvard.edu,,,United States,Massachusetts,Watertown,2020-01-09 7:57:57,2020-03-27 6:28:38,77.94
Helios Ginory Garcia,,,heliosjorge.ginorygarcia@gmail.com,,,Spain,Madrid,Madrid,2020-01-09 6:41:58,2020-03-27 4:30:32,77.91
Mike Frobus,,,mikefrobus@gmail.com,,,South Africa,Gauteng,Johannesburg,2020-01-09 1:40:42,2020-03-26 22:31:15,77.87
Nguyễn Lan Phương,,,lanphuong.nguyen@teemazing.work,,,Vietnam,Hanoi,Hanoi,2020-01-09 19:04:21,2020-03-26 23:56:03,77.20
Вера Бурлакова,,,monomooon99@gmail.com,,,Russia,St.-Petersburg,St Petersburg,2020-01-09 0:10:09,2020-03-26 3:15:32,77.13
Fenna Visser,,,fenna.visser2013@gmail.com,,,Netherlands,North Brabant,Tilburg,2020-01-10 3:04:12,2020-03-27 5:52:00,77.12
Alberto Belli,,,ayjbelli@hotmail.com,,,Nicaragua,,,2020-01-10 12:11:11,2020-03-27 15:02:02,77.12
Nicolas Fleiter,,,nicolas.fleiter@gmail.com,,,Germany,North Rhine-Westphalia,Cologne,2020-01-11 9:52:35,2020-03-28 10:42:49,77.03
Moyun Li,,,moyun.li@gamesvessel.com,,,Hong Kong,,,2020-01-08 20:39:21,2020-03-25 19:49:51,76.97
Vanessa von Heydebreck,,,vanessa@spacestudios.org.uk,,,United Kingdom,England,London,2020-01-09 5:19:03,2020-03-26 2:23:54,76.88
Gustavo de Lima,,,gustavo12343@outlook.com,,,Brazil,Parana,Curitiba,2020-01-08 10:05:57,2020-03-25 6:08:43,76.84
Julie Tullbert,,,jtulbert@mediamatters.org,,,United States,Virginia,Arlington,2020-01-08 18:05:05,2020-03-25 13:22:16,76.80
Roberto Valerio,,,rvalcas@gmail.com,,,Spain,Aragon,Zaragoza,2020-01-10 15:10:34,2020-03-27 7:37:56,76.69
Laura Whipple,,,lwhippersnapper@gmail.com,,,United States,Washington,Kirkland,2020-01-06 0:01:23,2020-03-22 13:40:10,76.57
Niklas Schenk,,,schenkniklas1@gmail.com,,,Germany,,,2020-01-08 13:23:59,2020-03-25 2:57:27,76.56
Amy Taylor,,,amytaylorconsulting@gmail.com,,,United States,Maryland,Brunswick,2020-01-11 5:18:50,2020-03-27 15:02:39,76.41
Anthony Perez,,,anperez@supervadnet.com,,,United States,Florida,Homestead,2020-01-12 5:33:34,2020-03-28 11:46:54,76.26
Pratham Chimankar,,,prathamchimankar99@gmail.com,,,India,Maharashtra,Pune,2020-01-09 16:56:47,2020-03-25 21:00:09,76.17
Teeravet Paksakul,,,gs.inventech@gmail.com,,,Thailand,Pathum Thani,Thanyaburi,2020-01-09 19:04:13,2020-03-25 23:00:01,76.16
Ciara Goldsworthy,,,ciara.h.goldsworthy@gmail.com,,,Australia,Victoria,Melbourne,2020-01-11 20:35:29,2020-03-28 0:17:29,76.15
Lucas Gamba,,,gambalucas1@gmail.com,,,Argentina,Buenos Aires F.D.,Buenos Aires,2020-01-12 12:26:58,2020-03-28 8:39:14,75.84
marcelle nassif,,,marcellenassif@gmail.com,,,Italy,Liguria,Sanremo,2020-01-12 15:25:30,2020-03-28 11:08:32,75.82
Siobhvan Velazquez,,,tazzyie31@gmail.com,,,United States,Florida,Pensacola,2020-01-10 21:11:10,2020-03-26 14:29:59,75.72
Candela Quiroga,,,candussquiroga2015@gmail.com,,,Argentina,Buenos Aires,Daireaux,2020-01-11 18:38:04,2020-03-27 9:13:21,75.61
Himanshu Shekhar Mohapatra,,,himanshu.mohapatra18@gmail.com,,,India,Maharashtra,Pune,2020-01-10 5:06:49,2020-03-25 19:32:16,75.60
Berenice Ipince,,,puercopower@gmail.com,,,Peru,Lima,Lima,2020-01-12 18:58:59,2020-03-28 7:44:03,75.53
Alicia sutandar,,,sutandar.alicia@gmail.com,,,Indonesia,Jakarta,Jakarta,2020-01-11 18:43:40,2020-03-27 0:18:52,75.23
You Jing,,,youjing1317@gmail.com,,,Singapore,,Singapore,2020-01-12 1:39:49,2020-03-27 5:46:41,75.17
D Zach,,,iwalle@live.cn,,,New Zealand,Wellington,Wellington,2020-01-11 14:04:12,2020-03-26 17:20:28,75.14
Jose Daniel Vega,,,jose.vega@hulihealth.com,,,Costa Rica,Provincia de San Jose,San José,2020-01-13 9:42:02,2020-03-28 11:25:39,75.07
Philipp Keller,,,phkeller127@gmail.com,,,Germany,Bavaria,Passau,2020-01-13 10:46:23,2020-03-28 10:37:40,74.99
Rabea Wuensch,,,rabea.wuensch@aischool.org,,,United States,Georgia,Atlanta,2020-01-09 13:59:26,2020-03-24 12:00:42,74.92
bai nani,,,bainani91@163.com,,,United States,Illinois,Champaign,2020-01-13 9:53:10,2020-03-28 6:20:04,74.85
Grace Friedman,,,grace.friedman@highlineschools.org,,,United States,Washington,Seattle,2020-01-12 21:00:10,2020-03-27 14:52:16,74.74
Endynyp V,,,ericstefansmith@gmail.com,,,Australia,New South Wales,Alexandria,2020-01-13 0:20:20,2020-03-27 16:58:20,74.69
Karen Kollar,,,klkollar99@gmail.com,,,United States,New Jersey,Riverton,2020-01-11 5:03:54,2020-03-25 21:12:02,74.67
Murtaza Sinnar,,,murtaza.sinnar@gmail.com,,,United Arab Emirates,Dubai,Dubai,2020-01-09 6:01:40,2020-03-23 21:39:04,74.65
Nour El Hoda Hijazi,,,nounhjj@gmail.com,,,Lebanon,South Governorate,Tyre,2020-01-10 15:50:44,2020-03-25 5:55:19,74.59
phu nguyen,,,mrphu3074@gmail.com,,,Vietnam,Tây Ninh Province,Tay Ninh,2020-01-10 21:14:31,2020-03-25 9:19:05,74.50
Seungm19n !!,,,journalinglofi@gmail.com,,,United States,California,Fremont,2020-01-13 22:05:54,2020-03-28 8:55:06,74.45
Diler Haji,,,diler@berkeley.edu,,,United States,California,Berkeley,2020-01-10 22:56:59,2020-03-25 8:52:09,74.41
Sam Shaker,,,s.shaker87@gmail.com,,,United Kingdom,England,Kensington,2020-01-14 2:24:56,2020-03-28 11:40:45,74.39
Barbara Maria,,,barbaracontaextra1@gmail.com,,,Brazil,Ceara,Caninde,2020-01-08 23:29:38,2020-03-23 8:36:50,74.38
Eleanor Fehlberg,,,eleanorfehlberg6@gmail.com,,,Australia,Western Australia,Perth,2020-01-12 22:37:42,2020-03-27 4:41:27,74.25
Rogelio Sosa,,,r.sosavaldes@gmail.com,,,Mexico,Chiapas,Torreon,2020-01-10 10:36:21,2020-03-24 14:31:29,74.16
Matthew Dodd,,,mattdodd1998@knights.ucf.edu,,,United States,Florida,Winter Park,2020-01-13 15:14:32,2020-03-27 19:07:43,74.16
Mehran Attar,,,mehran.m.attar@gmail.com,,,United States,New York,Buffalo,2020-01-08 22:21:26,2020-03-23 1:27:37,74.13
Trinh Khanh Linh,,,22trinhkhanhl@saisstudent.sg,,,Singapore,,Holland Village,2020-01-12 21:20:32,2020-03-26 23:52:17,74.11
Kenna Gilbert,,,kenna.gilbert@ecacs16.ab.ca,,,Canada,Alberta,Wainwright,2019-11-22 7:33:16,2020-02-04 9:09:24,74.07
Ana Garcia,,,ana.n.garcia2@gmail.com,,,United States,California,San Francisco,2020-01-12 15:22:28,2020-03-26 16:19:03,74.04
Terri Motraghi,,,tmotraghi@scsdk8.org,,,United States,California,Daly City,2020-01-10 9:56:11,2020-03-24 8:59:27,73.96
Marion K,,,koepselm@googlemail.com,,,Germany,Bavaria,Munich,2020-01-13 9:15:32,2020-03-27 4:44:34,73.81
mike plunkett,,,mplunkett@formlinellc.com,,,United States,California,Corona,2020-01-12 0:30:06,2020-03-25 10:33:38,73.42
Nathaniel Croce,,,11945@lindenusd.com,,,United States,California,Stockton,2020-01-13 10:58:07,2020-03-26 20:19:00,73.39
Kim Zimmerman,,,kzimmerman@paylocity.com,,,United States,Illinois,Wheaton,2020-01-14 7:50:22,2020-03-27 17:14:23,73.39
Leah Schulz,,,leah@leahdschulz.com,,,United States,Washington,Seattle,2020-01-12 21:43:54,2020-03-26 6:50:08,73.38
Hanna Mullis,,,hanna.mullis@gmail.com,,,Sweden,Stockholm,Sollentuna,2020-01-13 4:32:09,2020-03-26 12:33:19,73.33
Reggie Carey,,,300931@sps.org,,,United States,Missouri,Joplin,2020-01-13 8:24:31,2020-03-26 11:04:34,73.11
Andrew Dawkins,,,andrew@northmoregordon.com,,,Australia,Victoria,Mulgrave,2020-01-13 19:44:58,2020-03-26 21:41:25,73.08
Lenny Zheng,,,lennyzheng@economist.com,,,Hong Kong,,,2020-01-09 18:54:26,2020-03-22 20:40:31,73.07
Gwenevere Barger,,,ms.barger@gmail.com,,,United States,New York,Lindenhurst,2020-01-11 6:58:40,2020-03-24 7:12:26,73.01
Carlos Armas,,,carlos.armas@travelperk.com,,,Spain,Catalonia,Barcelona,2020-01-10 1:40:04,2020-03-23 1:17:49,72.98
Sonia Khanfir,,,khanfir.sonia02@gmail.com,,,Tunisia,Gouvernorat de Tunis,Tunis,2020-01-11 5:42:47,2020-03-24 3:54:58,72.93
Melissa Givens,,,pokemongirlmelissa@gmail.com,,,United States,New York,Buffalo,2020-01-14 11:39:20,2020-03-27 8:24:52,72.86
miss t,,,lolipop.bear1@gmail.com,,,Malaysia,Johor,Taman Senai,2020-01-10 0:51:50,2020-03-22 21:00:07,72.84
Pedro Gillet Soares,,,pedro.soares@quintoandar.com.br,,,Brazil,Sao Paulo,São Paulo,2020-01-14 15:55:53,2020-03-27 6:27:22,72.61
Daniel Moshbit,,,danielmoshbit@gmail.com,,,Austria,Vienna,Vienna,2020-01-08 13:44:25,2020-03-21 3:38:28,72.58
UnKnown XX,,,k_@live.be,,,Austria,Upper Austria,Linz,2020-01-15 2:08:57,2020-03-27 13:05:49,72.46
Sai Satish,,,sai.satish@precisionbusinessinsights.com,,,India,Andhra Pradesh,Visakhapatnam,2020-01-13 3:43:00,2020-03-25 12:01:32,72.35
Kamee Mitchell (SexyMama),,,kmitchell0508@gmail.com,,,United States,California,Desert Hot Springs,2020-01-12 14:57:37,2020-03-24 20:16:09,72.22
johan budiman,,,johanbudiman11@gmail.com,,,Indonesia,South Sumatra,Palembang,2020-01-10 18:21:15,2020-03-22 23:00:20,72.19
Alrick Blathers,,,alrick64@gmail.com,,,United States,Virginia,Richmond,2020-01-09 12:59:08,2020-03-21 17:00:51,72.17
Shauna Sullivan,,,shauna.ciara99@gmail.com,,,United States,Connecticut,Woodbury,2020-01-15 10:28:40,2020-03-27 14:11:54,72.16
Yara Mohamed,,,yarabm16@gmail.com,,,United States,Virginia,Woodbridge,2020-01-15 1:34:16,2020-03-27 4:33:26,72.12
Clara Tsang,,,clara.tsang@procurify.com,,,Canada,British Columbia,Port Moody,2020-01-16 9:51:33,2020-03-28 11:17:43,72.06
Mackenzie Pleskovic,,,mackenzie.pleskovic@hacp.org,,,United States,Pennsylvania,Pittsburgh,2020-01-14 5:58:05,2020-03-26 5:59:53,72.00
Петро Федула,,,fedula68@gmail.com,,,Ukraine,Khmel'nyts'ka Oblast',Khmelnytskyi,2020-01-10 1:10:02,2020-03-22 0:47:30,71.98
Ali Husham,,,weplutus.1@gmail.com,,,Iraq,Baghdad,Baghdad,2020-01-13 1:42:04,2020-03-25 0:57:39,71.97
MacKenzie Price,,,mackenzie.price13@gmail.com,,,United States,North Carolina,Charlotte,2020-01-16 13:20:22,2020-03-28 12:12:05,71.95
Lorenzo Principe,,,renzoprincipe2295@gmail.com,,,United Kingdom,Scotland,Dunfermline,2020-01-13 13:11:35,2020-03-25 10:24:29,71.88
Rebecca Wolf,,,roserrw@gmail.com,,,United States,Illinois,Chicago,2020-01-08 15:03:21,2020-03-20 10:21:32,71.80
ASHWIN KUMAR J.S,,,ashwinkumarjs@gmail.com,,,India,Tamil Nadu,Chennai,2020-01-11 4:57:17,2020-03-22 21:57:07,71.71
Nnik Mats,,,nnikmats@gmail.com,,,Russia,Krasnodarskiy Kray,Krasnodar,2020-01-11 11:21:07,2020-03-23 3:30:52,71.67
cher hammerle,,,cherhammerle@gmail.com,,,United States,Florida,Panama City,2020-01-13 21:09:27,2020-03-25 9:56:52,71.53
王硕,,,dimplewshhh@gmail.com,,,Singapore,,Singapore,2020-01-08 23:57:39,2020-03-20 10:01:49,71.42
Raymond Westover,,,tugboatray48@gmail.com,,,United States,Florida,Orlando,2020-01-13 4:16:35,2020-03-24 11:12:21,71.29
Ellis Roesler,,,ejroesler@gmail.com,,,United States,Massachusetts,Ipswich,2020-01-17 7:20:34,2020-03-28 12:42:59,71.22
Sofia Frisz,,,sfrisz23@ndhsb.org,,,United States,California,San Carlos,2020-01-13 10:13:54,2020-03-24 12:36:05,71.10
PRINCIPE Lorenzo,,,s1412595@ed.ac.uk,,,United Kingdom,Scotland,Dunfermline,2020-01-14 8:33:04,2020-03-25 10:25:07,71.08
Farzad Falahpour,,,farzad.falahpour@gmail.com,,,Iran,,,2020-01-10 13:51:13,2020-03-21 15:16:54,71.06
Tina Chen,,,tinajungchen@gmail.com,,,United States,New York,New York,2020-01-14 9:04:56,2020-03-25 5:58:18,70.87
Tieu Phat Dat,,,tieuphatdat@gmail.com,,,Singapore,,Singapore,2020-01-12 7:52:12,2020-03-23 4:06:33,70.84
Jose Nino,,,josetnino@gmail.com,,,United States,Oregon,Hillsboro,2020-01-10 18:33:46,2020-03-21 7:57:42,70.56
rohit patil,,,patilrohitjio@gmail.com,,,India,Maharashtra,Mumbai,2020-01-12 21:32:32,2020-03-23 7:29:46,70.41
Solomiya Navratyuk,,,solomiya.navratyuk@gmail.com,,,Ukraine,Volyns'ka Oblast',Tsuman',2020-01-16 1:25:57,2020-03-25 20:30:00,69.79
Nishanth Prakash,,,nishanthprakash20@gmail.com,,,United States,California,Sacramento,2020-01-16 21:16:10,2020-03-26 12:21:51,69.63
Tim Haering,,,tim.a.haering@gmail.com,,,Germany,Saxony,Dresden,2020-01-17 14:07:48,2020-03-27 2:20:02,69.51