Name,Company,Title,Email,LinkedIn,LinkedIn Detected,Country,Region,City,Signed up (PDT),Last seen (PDT),Days active since signed up
Liv Monck-Whipp,,,liv.monck.whipp@gmail.com,,,Canada,Ontario,Toronto,2016-02-07 10:27:46,2020-02-16 14:16:38,1470.16
Shelly Sakiyama-Elbert,,,shelly.sakiyama@gmail.com,,,United States,,,2016-03-17 8:25:42,2020-02-10 7:26:23,1424.96
Ivo Stružinský (Delltar),,,delltar@gmail.com,,,Czechia,Hlavni mesto Praha,Prague,2016-03-20 14:45:55,2020-02-11 16:09:23,1423.06
Elizar Estates Group,,,elizarestatesgroup@gmail.com,,,Canada,Alberta,Cochrane,2016-05-19 19:30:46,2020-02-06 13:11:07,1357.74
Yutaka Fukui,,,yutaka.fukui@gmail.com,,,Japan,Tokyo,Sumida,2016-07-05 7:34:51,2020-02-03 16:28:00,1308.37
加藤雄一郎,,,kato.yuuichiro@gmail.com,,,Japan,Kanagawa,Kawasaki,2016-07-04 16:35:26,2020-01-22 15:42:21,1296.96
yasuhiro nakano (yassai),,,yapeck@gmail.com,,,Japan,Tokyo,Komaba,2016-07-15 6:50:49,2020-01-31 22:27:44,1295.65
Natalie Hall,,,natalierosalinda@gmail.com,,,United States,California,El Cajon,2016-08-29 15:30:50,2020-02-15 23:42:07,1265.34
Chris Dunne,,,chrdunne@gmail.com,,,Ireland,Leinster,Dublin,2016-09-12 23:26:28,2020-01-27 12:32:12,1231.55
BlackBolt_,,,omega956@gmail.com,,,United Kingdom,Northern Ireland,Omagh,2017-11-25 18:57:23,2020-03-28 6:11:15,853.47