Name,Title,Account,Email,Linkedin,LinkedIn Scraped,Detected Title,Detected Account,Email invalid,Photo,Twitter,Twitter Scraped
Max Greenwald,CEO,"Warmly,",max@warmlycomma.com,https://www.linkedin.com/in/max-greenwald/,https://www.linkedin.com/in/max-greenwald/,CEO,"Warmly,",FALSE,https://entrepreneurs.princeton.edu/sites/entrepreneurship/files/styles/pwds_people_full/public/people/max_greenwald.jpg?itok=-BfYJgWK,,https://twitter.com/maxpgreenwald
Jack Jundanian,"VP of Growth, Founding Team","Warmly,",jack@warmlycomma.com,https://www.linkedin.com/in/jackjundanian/,https://www.linkedin.com/in/jackjundanian/,"VP of Growth, Founding Team","Warmly,",FALSE,https://media-exp1.licdn.com/dms/image/C4E03AQFtRWx6N9O6Dg/profile-displayphoto-shrink_200_200/0?e=1591228800&v=beta&t=ZFAA5Iu9jowZLjIQ42aswKAqOqjqzkDn5DutxCJxVe4,,
Val Yermakova,Co-Founder & COO,"Warmly,",val@warmlycomma.com,https://www.linkedin.com/in/val-yermakova/,https://www.linkedin.com/in/val-yermakova/,Co-Founder & COO,"Warmly,",FALSE,https://media-exp1.licdn.com/dms/image/C5603AQFPEmrbckdPBw/profile-displayphoto-shrink_200_200/0?e=1591228800&v=beta&t=IXWHF-LSiIo-_brJTcWPO_abWyjUBJ7HesQxhh06dpI,,
Manisha Gupta,Technical Product Manager,"Warmly,",manisha@warmlycomma.com,https://www.linkedin.com/in/hi-manisha/,https://www.linkedin.com/in/hi-manisha/,Technical Product Manager,"Warmly,",FALSE,https://media-exp1.licdn.com/dms/image/C4E03AQF4w41cRzosag/profile-displayphoto-shrink_200_200/0?e=1591228800&v=beta&t=HxWPLxBbZ4PZEiAIUr6KyhTZIFnlPAyfoF8iTt2XQb0,,
Carina Boo,Software Engineering Manager,Google,carina@warmlycomma.com,https://www.linkedin.com/in/carinaboo/,https://www.linkedin.com/in/carinaboo/,Software Engineering Manager,Google,FALSE,https://media-exp1.licdn.com/dms/image/C5603AQFYOedJaLcKlA/profile-displayphoto-shrink_200_200/0?e=1587600000&v=beta&t=kV9lYCmbRCYarNcGS82ZtPuFUQkZX8qog90m06nRMFA,,https://twitter.com/carinaboo
Alan Zhao,Co-Founder,"Warmly,",alan@warmlycomma.com,https://www.linkedin.com/in/alan-j-zhao/,https://www.linkedin.com/in/alan-j-zhao/,Co-Founder,"Warmly,",FALSE,https://media-exp1.licdn.com/dms/image/C4D03AQFRcSiNmVxSeQ/profile-displayphoto-shrink_200_200/0?e=1587600000&v=beta&t=9kq5IvTVLB1Pa4qzLjuCcK1Gb2FiUsgWX96U0BL44nY,,
Elon Musk,CEO,Tesla,elon@tesla.com,,,,,FALSE,https://thumbor.forbes.com/thumbor/fit-in/416x416/filters%3Aformat%28jpg%29/https%3A%2F%2Fspecials-images.forbesimg.com%2Fimageserve%2F5d8bd74018444200084e889c%2F0x0.jpg%3Fbackground%3D000000%26cropX1%3D1339%26cropX2%3D3743%26cropY1%3D554%26cropY2%3D2956,,https://twitter.com/elonmusk
Alan Turing,Student,"King's College, Cambridge",a.turing@cambridge.edu,,,Senior Engineer,National Physical Laboratory,FALSE,https://upload.wikimedia.org/wikipedia/commons/a/a1/Alan_Turing_Aged_16.jpg,,
Joseph Turner,Software Engineer,Google,j.turner@google.com,https://www.linkedin.com/in/joseph-turner-9b04523b/,https://www.linkedin.com/in/joseph-turner-9b04523b/,,,FALSE,https://media-exp1.licdn.com/dms/image/C5603AQEpJCH1xUQjdA/profile-displayphoto-shrink_200_200/0?e=1587600000&v=beta&t=lodtxgbttuhFud_V-A3bpf6PTvKPqa8MzSXhtUGYfZk,,https://twitter.com/joeturner_
Travis Kalanick,CEO,Uber,travis@uber.com,https://www.linkedin.com/in/traviskalanick/,https://www.linkedin.com/in/traviskalanick/,CEO,Uber,TRUE,https://cms.qz.com/wp-content/uploads/2019/12/TKalanick.jpeg?quality=75&strip=all&w=1600&h=900&crop=1,,https://twitter.com/travisk
Greta Thunberg,Environmental Activist,We Don't Have Time,gthunberg@wdht.com,https://www.linkedin.com/in/greta-thunbergh-29a21a198/,https://www.linkedin.com/in/greta-thunbergh-29a21a198/,,,FALSE,https://i.pinimg.com/736x/f7/99/bc/f799bcdc94c9f04e9535793bd4222c00.jpg,,https://twitter.com/GretaThunberg
Satya Nadella,Executive Vice-President of Cloud and Enterprise,Microsoft,s.nadella@microsoft.com,,https://www.linkedin.com/in/satyanadella,CEO,Microsoft,FALSE,https://pbs.twimg.com/profile_images/1221837516816306177/_Ld4un5A_400x400.jpg,,https://twitter.com/satyanadella
Meghan Gendelman,VP of SMB Marketing,Salesforce,m.gendelman@salesforce.com,,https://www.linkedin.com/in/mgendelman/,VP of Enterprise Marketing,Salesforce,FALSE,https://media-exp1.licdn.com/dms/image/C5603AQExUpM0KERPHw/profile-displayphoto-shrink_200_200/0?e=1591228800&v=beta&t=b6V5kZud4rxjCNMtOsgZIwcJnE0m7BydH0xm2V_E2qU,,https://twitter.com/mmgendelman